layer,obs_var,var_lower,var_upper,obs_kurt,kurt_lower,kurt_upper,total_samples
2,1255.2604,1157.806,1356.5619,0.31759596,0.02452329,0.64975023,2446.0
3,299.36407,284.81714,314.5307,1.6294184,1.3129096,2.0318546,9784.0
4,63.056496,59.033012,67.4901,4.7001266,3.0601072,8.698709,39136.0
5,12.61293,11.690255,13.703243,7.3656073,4.788803,20.21317,156544.0
6,2.5110965,2.2931771,2.8129623,12.875861,6.6780725,49.045975,626176.0
7,0.533422,0.4786001,0.6432776,28.625526,8.297595,163.46408,2504704.0
8,0.15640183,0.13805403,0.20003435,46.741947,9.917499,261.8357,10018816.0
9,0.047781743,0.041497637,0.06130992,54.338512,13.528544,271.64786,40075264.0
