layer,obs_var,var_lower,var_upper,obs_kurt,kurt_lower,kurt_upper,total_samples
2,1275.4828,1122.6177,1438.7836,2.6911864,1.650079,4.0785785,2006.0
3,278.6551,260.725,297.1303,3.187759,2.693464,3.7526634,8024.0
4,59.19621,55.125656,63.41632,5.437293,4.557088,6.5452795,32096.0
5,11.75962,10.812905,12.747702,8.242884,6.8545737,10.175736,128384.0
6,2.3873613,2.172065,2.6192138,11.316391,9.004839,14.718013,513536.0
7,0.5506746,0.49831042,0.6074356,12.836428,9.90483,17.38829,2054144.0
8,0.1938427,0.17594443,0.21310523,11.674941,8.750526,17.741255,8216576.0
9,0.0949234,0.08673001,0.10382224,10.211844,7.322517,15.754383,32866304.0
