layer,obs_var,var_lower,var_upper,obs_kurt,kurt_lower,kurt_upper,total_samples,kstest_stat_initial,initial_r,initial_eta,initial_scale,initial_exclude_cutoff,best_augmented_var,kstest_stat_cutoff_0.05
2,1275.4828,1122.6177,1438.7836,2.6911864,1.650079,4.0785785,2006.0,0.010002616277218879,1.4,-0.7,2209.4465347822475,0.0,1275.4828,0.030238176430869766
3,278.6551,260.725,297.1303,3.187759,2.693464,3.7526634,8024.0,0.014405893822182159,1.3,-1.0,690.6261884728056,0.0,278.6551,0.015140345828992074
4,59.19621,55.125656,63.41632,5.437293,4.557088,6.5452795,32096.0,0.018725074775672867,4.0,-1.2,276.00584450079907,0.0,59.19621,0.007575426642488798
5,11.75962,10.812905,12.747702,8.242884,6.8545737,10.175736,128384.0,0.03986999999999974,1.9,-1.3,74.62944170943638,0.0,11.75962,0.0037890191408675262
6,2.3873613,2.172065,2.6192138,11.316391,9.004839,14.718013,513536.0,0.0771799999999998,1.4,-1.2,9.734533204103231,0.0,2.3873613,0.001894835072058157
7,0.5506746,0.49831042,0.6074356,12.836428,9.90483,17.38829,2054144.0,0.12073999999999974,1.1,-1.3,2.927619803091289,0.0,0.5506746,0.0009474987921691133
8,0.1938427,0.17594443,0.21310523,11.674941,8.750526,17.741255,8216576.0,0.16338000000000003,0.1,-0.8,6.67056069217799e-12,0.0,0.1938427,0.0004737696952028646
9,0.0949234,0.08673001,0.10382224,10.211844,7.322517,15.754383,32866304.0,0.20730999999999977,0.4,1.7,0.00042215040680628597,0.0,0.0949234,0.00023688992051635398
