layer,obs_var,var_lower,var_upper,obs_kurt,kurt_lower,kurt_upper,total_samples,kstest_stat_initial,initial_r,initial_eta,initial_scale,initial_exclude_cutoff,best_augmented_var,kstest_stat_cutoff_0.05,kstest_stat_best,best_r,best_eta,best_scale,best_exclude_cutoff,n_pval_0.05
2,1255.2604,1157.806,1356.5619,0.31759596,0.02452329,0.64975023,2446.0,0.0149280115731854,20.0,-0.1,2198.7666265731277,0.0,1255.2604,0.027391058317828124,0.0149280115731854,20.0,-0.1,2198.7666265731277,0.0,8254
3,299.36407,284.81714,314.5307,1.6294184,1.3129096,2.0318546,9784.0,0.007189127916317,4.9,-0.8,762.8869666952745,0.0,299.36407,0.01371292533206765,0.007189127916317,4.9,-0.8,762.8869666952745,0.0,37147
4,63.056496,59.033012,67.4901,4.7001266,3.0601072,8.698709,39136.0,0.0054584162265257,1.6,-1.0,173.74514115167074,0.0,63.056495666503906,0.006860766614414416,0.004314841241150336,1.9,-1.02,190.20370721442984,0.0,99063
5,12.61293,11.690255,13.703243,7.3656073,4.788803,20.21317,156544.0,0.0050513502527818,1.9,-1.1,38.93821386963535,200.0,11.527859687805176,0.0034314536386640306,0.004499913063539807,1.5,-1.09,36.63081938247029,125.0,88056
6,2.5110965,2.2931771,2.8129623,12.875861,6.6780725,49.045975,626176.0,0.0131718423397192,0.7,-1.1,3.913747341633035,0.0,2.511096477508545,0.0017159936940756553,0.012120319415474201,1.1,-1.14,7.541099282771394,0.0,12382
7,0.533422,0.4786001,0.6432776,28.625526,8.297595,163.46408,2504704.0,0.0140314904065714,1.0,-1.2,1.5709647536277769,100.0,0.4912588894367218,0.0008580634771374716,0.012193215874124141,1.4,-1.22,2.1329235440726055,50.0,12382
8,0.15640183,0.13805403,0.20003435,46.741947,9.917499,261.8357,10018816.0,0.0092490326385212,0.5,-1.1,0.090539807246791,150.0,0.14185355603694916,0.000429048385014687,0.006757704262111197,0.5,-1.12,0.10605080445346084,50.0,39136
9,0.047781743,0.041497637,0.06130992,54.338512,13.528544,271.64786,40075264.0,0.0202107931485212,0.3,-1.1,0.0029003428482213,0.0,0.04258458688855171,0.0002145283527339156,0.015866277942573725,0.3,-1.07,0.002220294026849053,50.0,7338
