layer,total_samples,initial_r,initial_eta,kstest_stat_initial,initial_exclude_cutoff,best_r,best_eta,best_scale,kstest_stat_best,best_exclude_cutoff,n_pval_0.05
2,2006.0,1.4,-0.7,0.0100026162772188,0.0,1.4,-0.71,2232.820646146717,0.009599031162627614,0.0,19272
3,8024.0,1.3,-1.0,0.0144058938221821,0.0,1.7,-1.03,826.7531172083169,0.013726918795406218,0.0,10155
4,32096.0,4.0,-1.2,0.0187250747756728,0.0,4.0,-1.2,276.00584450079907,0.0187250747756728,0.0,5076
5,128384.0,1.9,-1.3,0.0398699999999997,0.0,1.9,-1.3,74.62944170943638,0.0398699999999997,0.0,1128
6,513536.0,1.4,-1.2,0.0771799999999998,0.0,1.8,-1.23,10.40404033604891,0.07717999999999975,100.0,315
7,2054144.0,1.1,-1.3,0.1207399999999997,0.0,1.1,-1.3,2.927619803091289,0.1207399999999997,0.0,125
8,8216576.0,0.1,-0.8,0.16338,0.0,0.1,-0.8,6.67056069217799e-12,0.16338,0.0,69
9,32866304.0,0.4,1.7,0.2073099999999997,0.0,0.4,1.7,0.0004221504068062,0.2073099999999997,0.0,-1
