layer,obs_var,var_lower,var_upper,obs_kurt,kurt_lower,kurt_upper,total_samples
2,8114.423,7672.9233,8569.529,1.2873378,0.99657476,1.6204307,7072
3,2283.269,2160.7004,2410.004,2.4507413,2.0337877,2.9771364,28288
4,639.8154,600.5225,680.8493,3.8947225,3.094683,5.693368,113152
5,166.77036,155.72539,178.37468,5.043579,3.9748383,7.4218926,452608
6,40.68331,37.69214,43.95964,6.7956343,4.931856,14.214732,1810432
7,9.459116,8.691909,10.424183,10.054166,5.8786125,32.769955,7241728
8,2.133398,1.9459909,2.3924656,13.336845,6.79476,52.937775,28966912
9,0.49366593,0.4453331,0.57179946,20.161865,8.121777,92.03246,115867648
10,0.11616984,0.10331692,0.13811676,28.659971,10.163658,138.03018,463470592
