layer,obs_var,var_lower,var_upper,obs_kurt,kurt_lower,kurt_upper,total_samples
2,7849.8394,7096.842,8646.383,3.8849316,3.022289,4.793357,4000
3,2124.4902,1981.1494,2275.893,5.3315525,4.244721,6.5933156,16000
4,638.29846,588.248,690.48444,7.726885,6.270263,9.45746,64000
5,170.75761,156.15585,186.13115,9.4786215,7.754421,11.576353,256000
6,42.484566,38.6691,46.56583,11.06019,9.210378,13.209663,1024000
7,9.934681,8.975863,10.953489,12.956411,10.872408,15.410712,4096000
8,2.254882,2.0240614,2.5006616,14.7309,12.243146,17.714869,16384000
9,0.5387337,0.48078638,0.60084975,16.906496,13.842837,20.551197,65536000
10,0.14567167,0.1292998,0.16332531,18.52503,14.901313,22.628166,262144000
