layer,obs_var,var_lower,var_upper,obs_kurt,kurt_lower,kurt_upper,total_samples
2,7896.74,7319.86,8503.691,4.0295053,3.2820845,4.8160906,7072
3,2191.3225,2039.3469,2350.0413,5.5283594,4.46004,6.7190285,28288
4,643.4398,592.8709,696.672,7.709305,6.3098035,9.355474,113152
5,168.8178,154.84586,183.61671,9.205141,7.5724525,11.23972,452608
6,41.613914,37.854664,45.583233,11.000242,9.139973,13.232309,1810432
7,9.721992,8.789999,10.716441,12.992339,10.829866,15.625156,7241728
8,2.2125123,1.9855807,2.4547844,14.952187,12.354908,18.134668,28966912
9,0.53296876,0.47543114,0.5942515,16.88339,13.77885,20.649199,115867648
10,0.14421217,0.128029,0.1617817,18.381569,14.742287,22.425297,463470592
