layer,obs_var,var_lower,var_upper,obs_kurt,kurt_lower,kurt_upper,total_samples,kstest_stat_initial,initial_r,initial_eta,initial_scale,initial_exclude_cutoff,best_augmented_var,kstest_stat_cutoff_0.05
2,8114.423,7672.9233,8569.529,1.2873378,0.99657476,1.6204307,7072,0.010635737527807443,2.2,-0.3,13218.37960747718,0.0,8114.423,0.01612577750721614
3,2283.269,2160.7004,2410.004,2.4507413,2.0337877,2.9771364,28288,0.0036113018180098377,1.2,-0.6,3137.6118139112436,0.0,2283.269,0.008068854211971187
4,639.8154,600.5225,680.8493,3.8947225,3.094683,5.693368,113152,0.0038306229132905045,1.0,-0.8,884.9392264229912,50.0,619.45746,0.0040359092726554024
5,166.77036,155.72539,178.37468,5.043579,3.9748383,7.4218926,452608,0.004477342256395456,0.9,-0.9,231.84576135602455,75.0,158.48944,0.002018324026021024
6,40.68331,37.69214,43.95964,6.7956343,4.931856,14.214732,1810432,0.00431141268154811,0.6,-0.9,27.039727670746373,0.0,40.68331,0.0010092542162957218
7,9.459116,8.691909,10.424183,10.054166,5.8786125,32.769955,7241728,0.004142823206882418,0.5,-0.9,3.5829984780513877,0.0,9.459116,0.0005046501409454036
8,2.133398,1.9459909,2.3924656,13.336845,6.79476,52.937775,28966912,0.005204883564124463,0.5,-0.9,0.7469543453418847,75.0,1.9719595,0.0002523308264179366
9,0.49366593,0.4453331,0.57179946,20.161865,8.121777,92.03246,115867648,0.00584118145956708,0.3,-0.7,0.006189647192441123,0.0,0.49366593,0.00012616685191353853
10,0.11616984,0.10331692,0.13811676,28.659971,10.163658,138.03018,463470592,0.004403602357174186,0.2,-0.3,3.8415952413170374e-06,0.0,0.11616984,6.30837855989912e-05
