layer,total_samples,initial_r,initial_eta,kstest_stat_initial,initial_exclude_cutoff,best_r,best_eta,best_scale,kstest_stat_best,best_exclude_cutoff,n_pval_0.05
2,7072,2.2,-0.3,0.0106357375278074,0.0,2.2,-0.3,13218.37960747718,0.0106357375278074,0.0,15912
3,28288,1.2,-0.6,0.0036113018180098,0.0,1.16,-0.6,3030.8439287604174,0.0031714211587920427,0.0,181246
4,113152,1.0,-0.8,0.0038306229132905,50.0,0.8,-0.74,598.9637460109506,0.003017241042159939,0.0,203901
5,452608,0.9,-0.9,0.0044773422563954,75.0,0.7,-0.84,141.73350925674615,0.0036324551853286202,0.0,143208
6,1810432,0.6,-0.9,0.0043114126815481,0.0,0.63,-0.9,30.638107787268694,0.003165264377394783,0.0,190944
7,7241728,0.5,-0.9,0.0041428232068824,0.0,0.52,-0.9,4.1001860454331505,0.0032568428929262705,0.0,169728
8,28966912,0.5,-0.9,0.0052048835641244,75.0,0.46,-0.9,0.5896336531825388,0.0037208928270316965,0.0,127296
9,115867648,0.3,-0.7,0.005841181459567,0.0,0.35,-0.8,0.025449151267119677,0.003982047612067129,0.0,113152
10,463470592,0.2,-0.3,0.0044036023571741,0.0,0.2,-0.24,3.17710608503141e-06,0.003415399003600994,0.0,161109
