layer,obs_var,var_lower,var_upper,obs_kurt,kurt_lower,kurt_upper,total_samples
2,10596.928,9845.026,11397.589,6.028984,4.2031474,8.430079,13604.0
3,1561.1956,1407.239,1736.7252,14.8977165,9.862247,25.93678,54416.0
4,680.6674,619.14777,746.81744,11.113567,8.282375,16.298424,166649.0
5,188.49908,172.04254,206.12492,10.3632345,7.7617145,15.099211,574769.0
6,44.467384,40.456493,49.002113,11.874194,7.8656387,24.229456,2125625.0
7,10.030726,8.910887,11.438281,21.419624,11.5711775,59.097813,8502500.0
8,2.1779292,1.8497418,2.8371854,68.295006,15.878777,309.71973,34010000.0
9,0.3880122,0.31764394,0.6265521,234.15446,12.6874075,873.3475,136040000.0
