layer,obs_var,var_lower,var_upper,obs_kurt,kurt_lower,kurt_upper,total_samples,kstest_stat_initial,initial_r,initial_eta,initial_scale,initial_exclude_cutoff,best_augmented_var,kstest_stat_cutoff_0.05
2,10596.928,9845.026,11397.589,6.028984,4.2031474,8.430079,13604.0,0.010980018404078862,2.1,-1.0,31704.079628623465,0.0,10596.928,0.011631562532897098
3,1561.1956,1407.239,1736.7252,14.8977165,9.862247,25.93678,54416.0,0.22155248456336352,0.2,-0.3,0.05162683719049679,0.0,1561.1956,0.005818871726650881
4,680.6674,619.14777,746.81744,11.113567,8.282375,16.298424,166649.0,0.13354999999999978,0.3,-1.3,153.61732723968393,0.0,680.6674,0.003325823185857078
5,188.49908,172.04254,206.12492,10.3632345,7.7617145,15.099211,574769.0,0.07408999999999982,0.9,-1.3,866.8580618157512,0.0,188.49908,0.001791077074405122
6,44.467384,40.456493,49.002113,11.874194,7.8656387,24.229456,2125625.0,0.008322887797945544,1.5,-1.2,156.35343295721336,200.0,37.363117,0.0009314325575636546
7,10.030726,8.910887,11.438281,21.419624,11.5711775,59.097813,8502500.0,0.009294081902942675,0.5,-1.1,6.540861394670276,25.0,9.41884,0.00046573589503234376
8,2.1779292,1.8497418,2.8371854,68.295006,15.878777,309.71973,34010000.0,0.00742392164396144,0.1,0.7,1.3532121643090967e-14,0.0,2.1779292,0.00023287284980739854
9,0.3880122,0.31764394,0.6265521,234.15446,12.6874075,873.3475,136040000.0,0.008631860461427554,0.1,1.8,7.266728151053327e-17,0.0,0.3880122,0.00011643765025504601
