band,obs_var,var_lower,var_upper,obs_kurt,kurt_lower,kurt_upper,total_samples
2,53.09834,45.059612,65.89474,52.414783,16.616287,189.25336,14505152.0
3,25.411848,20.604582,37.520996,151.1808,21.266994,605.68555,14505152.0
4,24.037806,18.766918,36.318356,182.47256,33.995014,676.6739,14505152.0
5,12.18026,9.194783,20.08513,278.75195,41.793297,946.0426,58020608.0
6,3.2891288,2.4090192,5.9126763,400.2056,44.30902,1249.4137,29010304.0
7,0.8090542,0.61728054,1.2401028,201.9207,41.85936,719.39594,29010304.0
8,0.33572993,0.24547082,0.5978936,384.38177,49.16339,1217.4862,29010304.0
9,0.24231836,0.16715358,0.46205476,519.62646,67.066154,1533.3987,29463590.0
