layer,obs_var,var_lower,var_upper,obs_kurt,kurt_lower,kurt_upper,total_samples
2,12543.32,532.8452,18220.332,-0.8066838,,,3180.0
3,1856.5061,169.96921,3832.956,5.212472,-0.9225917,6.3036957,12720.0
4,303.3833,87.01871,643.6394,16.93509,0.13681026,20.609509,50880.0
5,55.929054,22.23566,114.66902,22.755835,1.2524028,27.043594,203520.0
6,13.478756,3.8269567,28.235926,33.922333,2.0040698,40.66115,814080.0
7,3.250956,0.78559923,8.05673,47.22165,2.0250542,54.171303,3256320.0
8,0.8088338,0.10634949,1.5130719,63.02185,2.5644107,69.12422,13025280.0
