layer,total_samples,initial_r,initial_eta,kstest_stat_initial,best_r,best_eta,kstest_stat_best,n_pval_0.05
2,3180.0,0.12,7.0,0.0171994752430511,0.12,6.99,0.01714714005658713,6034
3,12720.0,0.36,1.1,0.0036381112741665,0.37,1.01,0.0035211935176886477,144888
4,50880.0,0.59,-0.2,0.0054645095040397,0.589,-0.2,0.005451913633147454,64395
5,203520.0,0.5,-0.43,0.0017118516996493,0.5,-0.427,0.0016145390239825225,686880
6,814080.0,0.35,-0.4,0.0040299999999982,0.355,-0.45,0.004029999999998091,114480
7,3256320.0,0.12,1.2,0.0095899999999965,0.118,1.22,0.009589999999996324,19080
8,13025280.0,0.12,1.4,0.0295799999999916,0.118,1.34,0.02957999999999139,2011
