band,obs_var,var_lower,var_upper,obs_kurt,kurt_lower,kurt_upper,total_samples
12,176811198952438.0,130648652670376.92,239895154711705.88,139.28189448523062,64.27306733887492,302.4311495964631,226080.0
13,421770425045456.06,385484256413886.6,461670676752194.0,10.3654155079335,7.207509878896436,15.994577743487827,224640.0
15,569209223566638.1,532935242586458.4,607221500917861.9,4.452531784878416,3.3888591844431324,5.871091719101162,113760.0
16,441036063640997.4,413824557506419.2,470834981552077.4,4.215460389365746,2.737470515956519,8.137402554621117,901440.0
