band,obs_var,var_lower,var_upper,obs_kurt,kurt_lower,kurt_upper,total_samples,kstest_stat_initial,initial_r,initial_eta,initial_scale,initial_exclude_cutoff,best_augmented_var,kstest_stat_cutoff_0.05,kstest_stat_best,best_r,best_eta,best_scale,best_exclude_cutoff,n_pval_0.05,param_gaussian,kstest_stat_gaussian,kstest_pval_gaussian,param_laplace,kstest_stat_laplace,kstest_pval_laplace,param_t,kstest_stat_t,kstest_pval_t,kstest_pval_gengamma
12,176811198952438.0,130648652670376.92,239895154711705.88,139.28189448523062,64.27306733887492,302.4311495964631,226080.0,0.0289679004372321,0.1,0.9,0.1571010772944652,500.0,46693144855668.03,0.0028555381762752,0.0212995162530604,0.15,0.9,100000.0,600.0,3973,1000000.0,0.21879,0.0,1000000.0,0.173842,0.0,1000000.0,0.148992,0.0,1.579932999999999e-89
13,421770425045456.06,385484256413886.6,461670676752194.0,10.3654155079335,7.207509878896436,15.994577743487827,224640.0,0.0185291807836186,0.1,1.4,0.2458648677970377,0.0,421770425045456.06,0.0028646735481884,0.0177429380210762,0.12,0.9,1557.8608782310544,0.0,5922,1000000.0,0.342401,0.0,1000000.0,0.300818,0.0,1000000.0,0.276956,0.0,7.3387521e-62
15,569209223566638.1,532935242586458.4,607221500917861.9,4.452531784878416,3.3888591844431324,5.871091719101162,113760.0,0.0070976284344459,0.1,5.2,0.0001643314934011,0.0,569209223566638.1,0.0040251136404998,0.0070976284344459,0.1,5.2,0.0001643314934011,0.0,35994,1000000.0,0.416884,0.0,1000000.0,0.383741,0.0,1000000.0,0.36087,0.0,2.0951234e-05
16,441036063640997.4,413824557506419.2,470834981552077.4,4.215460389365746,2.737470515956519,8.137402554621117,901440.0,0.002291194520499,0.1,8.3,3.4589300665879112e-06,0.0,441036063640997.4,0.0014302327594031,0.002291194520499,0.1,8.3,3.4589300665879112e-06,0.0,338040,1000000.0,0.424233,0.0,1000000.0,0.391055,0.0,1000000.0,0.368186,0.0,0.00015489889
