band,obs_var,var_lower,var_upper,obs_kurt,kurt_lower,kurt_upper,total_samples,kstest_stat_initial,initial_r,initial_eta,initial_scale,initial_exclude_cutoff,best_augmented_var,kstest_stat_cutoff_0.05,kstest_stat_best,best_r,best_eta,best_scale,best_exclude_cutoff,n_pval_0.05,param_gaussian,kstest_stat_gaussian,kstest_pval_gaussian,param_laplace,kstest_stat_laplace,kstest_pval_laplace,param_t,kstest_stat_t,kstest_pval_t,kstest_pval_gengamma
12,176811198952438.0,130648652670376.92,239895154711705.88,139.28189448523062,64.27306733887492,302.4311495964631,226080.0,0.0289679004372321,0.1,0.9,0.1571010772944652,500.0,46693144855668.03,0.0028555381762752,0.0263167262482464,0.1,1.1,0.0700916293656101,600.0,2649,1000000.0,0.21879,0.0,1000000.0,0.173842,0.0,1000000.0,0.148992,0.0,1.871571399999999e-136
13,421770425045456.06,385484256413886.6,461670676752194.0,10.3654155079335,7.207509878896436,15.994577743487827,224640.0,0.0096282320109943,0.6,-1.0,328352673978909.6,75.0,421770425045456.06,0.0028646735481884,0.0081657273847589,0.44,-0.9,96866676570122.08,0.0,28080,1000000.0,0.342401,0.0,1000000.0,0.300818,0.0,1000000.0,0.276956,0.0,1.9412022e-13
15,569209223566638.1,532935242586458.4,607221500917861.9,4.452531784878416,3.3888591844431324,5.871091719101162,113760.0,0.0014766012271147,0.6,-0.4,161111479191616.66,0.0,569209223566638.1,0.0040251136404998,0.001077253448294,0.67,-0.5,255647937244338.75,0.0,1639990,1000000.0,0.416884,0.0,1000000.0,0.383741,0.0,1000000.0,0.36087,0.0,0.9993825
16,441036063640997.4,413824557506419.2,470834981552077.4,4.215460389365746,2.737470515956519,8.137402554621117,901440.0,0.000660410850894,0.5,0.5,21494035728410.22,25.0,429880714568204.4,0.0014302327594031,0.000660410850894,0.5,0.5,21494035728410.22,25.0,4331796,1000000.0,0.424233,0.0,1000000.0,0.391055,0.0,1000000.0,0.368186,0.0,0.82635656
