band,total_samples,initial_r,initial_eta,kstest_stat_initial,initial_exclude_cutoff,best_r,best_eta,best_scale,kstest_stat_best,best_exclude_cutoff,n_pval_0.05
12,226080.0,0.2,1.7,0.0214582697564078,0.0,0.2,1.7,10000000.0,0.0214582697564078,0.0,3973
13,224640.0,0.1,1.4,0.0185291807836186,0.0,0.12,0.9,1557.8608782310544,0.017742938021076293,0.0,5922
15,113760.0,0.1,5.2,0.0070976284344459,0.0,0.1,5.2,0.0001643314934011,0.0070976284344459,0.0,35994
16,901440.0,0.1,8.3,0.002291194520499,0.0,0.1,8.3,3.4589300665879112e-06,0.002291194520499,0.0,338040
