band,total_samples,initial_r,initial_eta,kstest_stat_initial,initial_exclude_cutoff,best_r,best_eta,best_scale,kstest_stat_best,best_exclude_cutoff,n_pval_0.05
12,226080.0,0.3,1.0,0.0225969017580267,0.0,0.29,0.7,10000000000.0,0.022159022912798337,100.0,3769
13,224640.0,0.2,-0.1,0.0160107292677073,25.0,0.2,-0.14,8537684552.369583,0.01484740361290142,0.0,8428
15,113760.0,0.2,1.7,0.0061606489823175,0.0,0.23,1.3,6311561344.013594,0.005571549945376231,0.0,56880
16,901440.0,0.2,3.3,0.0017416111407735,0.0,0.2,3.3,37396220.29244656,0.0017416111407735,0.0,641746
