layer,obs_var,var_lower,var_upper,obs_kurt,kurt_lower,kurt_upper,total_samples
2,17165.852,16108.495,18292.553,4.0173845,2.7138274,6.006314,27208.0
3,4524.57,4128.0186,4992.1787,11.562076,6.178833,24.957214,108832.0
4,1373.4995,1260.0573,1500.4448,9.261635,6.08578,16.25573,333298.0
5,373.9722,342.44122,410.99554,10.3997965,6.17047,30.039886,1149538.0
6,90.55869,82.75969,99.77556,11.086198,6.617087,28.133839,4251250.0
7,20.864292,18.736567,23.678108,18.333368,9.082987,60.114044,17005000.0
8,4.537877,3.9866798,5.3199186,28.597765,12.662612,99.22019,68020000.0
9,0.850108,0.7182318,1.1776698,97.79494,14.3780575,442.23227,272080000.0
