layer,obs_var,var_lower,var_upper,obs_kurt,kurt_lower,kurt_upper,total_samples
2,18678.61009540066,17502.571767716574,19935.387685228103,4.316036542628275,2.885068013664152,6.460765704246741,27208.0
3,5005.06364996813,4561.659296750395,5522.762989962587,11.797886323503205,6.4782328073269415,25.2838619099342,108832.0
4,1581.1780099701493,1451.1087576131404,1726.0368154589946,9.157593274899822,6.19527971917074,16.083120008015417,333298.0
5,447.84721494528634,409.95376283423985,492.3836544380043,10.530339652417291,6.367764656880605,30.65077328725258,1149538.0
6,107.28197424784659,98.07625316708591,117.78087573767922,10.589933367133085,6.834965131409838,22.54084931435309,4251250.0
7,23.563499987013888,21.139430628404593,26.70471204274709,18.387577851883975,9.488700530268053,58.68646676791249,17005000.0
8,5.003841156583901,4.364752145295115,6.037874776791008,36.42039154944765,13.384376277032239,160.10779681529763,68020000.0
9,0.9259197770065432,0.7785173087401649,1.293757558214592,103.43257167463027,15.22341511855983,467.5247914661489,272080000.0
