band,obs_var,var_lower,var_upper,obs_kurt,kurt_lower,kurt_upper,total_samples
12,6703845841873.037,6092779921545.735,7580104020676.844,15.957938045416828,4.159998995637295,49.37530306541352,88704.0
13,140324436531566.66,90167911072190.38,208906957467256.5,270.41842399313396,133.42490174924592,509.4245676251054,123648.0
15,313552917935008.25,281813584247964.9,348137372137569.06,14.839413110475867,10.672841746926826,20.45614224443573,245952.0
16,532457895438624.2,489047255859329.94,581272798990265.9,9.178424353840647,6.061112062765664,16.583435230783646,345408.0
