band,total_samples,initial_r,initial_eta,kstest_stat_initial,initial_exclude_cutoff,best_r,best_eta,best_scale,kstest_stat_best,best_exclude_cutoff,n_pval_0.05
12,88704.0,0.2,9.1,0.0026098277299895,150.0,0.2,9.1,11458.730393090013,0.0026098277299895,150.0,284172
13,123648.0,0.1,1.3,0.028113772118706,500.0,0.1,1.7,0.003908332664800529,0.024733889034718293,600.0,2898
15,245952.0,0.5,-1.1,0.0169817330163541,350.0,0.4,-1.04,58584744139646.45,0.01599102340291389,250.0,7294
16,345408.0,2.9,-1.1,0.0051709282726617,350.0,3.1,-1.1,1569121854369298.8,0.005160225065498514,375.0,72859
