layer,obs_var,var_lower,var_upper,obs_kurt,kurt_lower,kurt_upper,total_samples
2,188570.73,99638.34,330262.22,536.03296,113.30454,760.9436,9000.0
3,42568.312,23773.76,71607.33,488.9953,135.97452,891.27313,36000.0
4,10773.336,5322.67,20877.791,785.2428,131.39227,1768.9534,144000.0
5,1800.4349,923.853,3624.655,858.0374,109.91374,2074.8833,576000.0
6,390.8875,183.28865,971.46985,1521.5397,104.03553,3444.5295,2304000.0
7,98.47922,41.024357,351.60403,3306.705,84.34887,5672.12,9216000.0
8,33.173733,15.926921,100.374084,2264.614,78.32176,4638.6377,36864000.0
9,11.252635,4.4278646,43.877705,5137.0986,82.329865,6105.3716,147456000.0
10,1.8759142,0.6159922,10.184826,9775.981,78.68425,7496.8584,589824000.0
