layer,obs_var,var_lower,var_upper,obs_kurt,kurt_lower,kurt_upper,total_samples,initial_r,initial_eta,initial_scale,kstest_stat_initial,kstest_stat_cutoff_0.05,best_r_eta0,best_scale_eta0,kstest_stat_eta0
2,188570.73,99638.34,330262.22,536.03296,113.30454,760.9436,9000.0,0.04,3.4,1.183211110854432e-48,0.0240650808437785,0.014296961166644,6.0,3.1967805906754685,0.12774700857065374
3,42568.312,23773.76,71607.33,488.9953,135.97452,891.27313,36000.0,0.04,2.8,5.1846774156555953e-48,0.025911919929631,0.0071531615485336,6.0,3.1967805906754685,0.24666816362135754
4,10773.336,5322.67,20877.791,785.2428,131.39227,1768.9534,144000.0,0.04,2.2,3.8054368256845895e-47,0.0286649124259349,0.0035777446059643,5.9,3.1946574114696267,0.33653319595256415
5,1800.4349,923.853,3624.655,858.0374,109.91374,2074.8833,576000.0,0.04,2.4,1.9663468394526172e-48,0.0259728561304749,0.0017891624583277,5.8,3.1923664447020617,0.39751925436581376
6,390.8875,183.28865,971.46985,1521.5397,104.03553,3444.5295,2304000.0,0.04,2.8,4.760878451821337e-50,0.0278785156591213,0.0008946536675937,5.8,3.1923664447020617,0.43542597267057076
7,98.47922,41.024357,351.60403,3306.705,84.34887,5672.12,9216000.0,0.04,3.3,9.891023324721636e-52,0.028445412695662,0.0004473449308468,5.8,3.1923664447020617,0.4589744524589592
8,33.173733,15.926921,100.374084,2264.614,78.32176,4638.6377,36864000.0,0.04,3.7,5.340944326213023e-53,0.0214006107554078,0.0002236769881161,5.8,3.1923664447020617,0.469514146099384
9,11.252635,4.4278646,43.877705,5137.0986,82.329865,6105.3716,147456000.0,0.04,3.0,4.901033096739312e-52,0.0247474480076984,0.000111839624535,5.8,3.1923664447020617,0.47990989356808555
10,1.8759142,0.6159922,10.184826,9775.981,78.68425,7496.8584,589824000.0,0.04,2.6,6.678594176206668e-52,0.0292434451993772,5.5920094864633584e-05,0.03,5.510364387033573e-61,0.48163
