band,obs_var,var_lower,var_upper,obs_kurt,kurt_lower,kurt_upper,total_samples
2,47.34068,38.55731,65.44877,110.26898,20.517797,431.59164,12286890.0
3,25.38209,21.189558,31.91376,61.839104,21.919239,207.76819,14562240.0
4,17.937151,14.118047,26.944149,175.14047,30.580706,659.75476,17747730.0
5,14.6187525,11.546841,19.499193,104.008835,40.09473,327.7765,20933220.0
6,13.730907,10.360772,22.91059,287.08917,42.61994,974.00464,25028850.0
7,5.8245735,4.453296,8.635922,175.34094,43.458534,619.70355,30034620.0
8,1.5070386,0.93759507,4.6069665,2533.2617,42.05073,3962.0618,35950530.0
9,0.3228791,0.2319953,0.5866485,420.44107,54.5717,1302.1327,57793890.0
