band,obs_var,var_lower,var_upper,obs_kurt,kurt_lower,kurt_upper,total_samples
2,47.34069,38.653263,65.47858,110.268936,20.476175,431.0483,100000.0
3,25.38209,21.15602,31.910324,61.839104,21.890614,206.81741,100000.0
4,17.937151,14.147342,26.927404,175.14046,30.765882,658.0132,100000.0
5,14.618753,11.513604,19.559969,104.00884,40.116295,331.52386,100000.0
6,13.7309065,10.310451,22.875858,287.0892,42.678177,972.22614,100000.0
7,5.824573,4.464823,8.66552,175.34099,43.431633,612.1032,100000.0
8,1.5070385,0.94112176,4.6057634,2533.2622,41.85641,3963.497,100000.0
9,0.32287908,0.23226449,0.5840061,420.4412,54.669945,1298.3461,100000.0
