band,obs_var,var_lower,var_upper,obs_kurt,kurt_lower,kurt_upper,total_samples,kstest_stat_initial,initial_r,initial_eta,initial_scale,initial_exclude_cutoff,best_augmented_var,kstest_stat_cutoff_0.05
2,47.34068,38.55731,65.44877,110.26898,20.517797,431.59164,12286890.0,0.002966848924526033,0.2,-0.6,0.004615999309531019,0.0,47.34068,0.00038743167206160167
3,25.38209,21.189558,31.91376,61.839104,21.919239,207.76819,14562240.0,0.0024242736407507695,0.3,-0.9,0.5061912257456834,75.0,20.312925,0.0003558797301684068
4,17.937151,14.118047,26.944149,175.14047,30.580706,659.75476,17747730.0,0.004422532336094909,0.2,-0.9,0.007117917045714361,0.0,17.937151,0.0003223645330225387
5,14.6187525,11.546841,19.499193,104.008835,40.09473,327.7765,20933220.0,0.004654253282440846,0.1,-0.3,9.038493231974135e-12,50.0,11.568691,0.0002968257982466449
6,13.730907,10.360772,22.91059,287.08917,42.61994,974.00464,25028850.0,0.005905447667280073,0.1,-0.3,7.176666681825025e-12,100.0,9.185673,0.00027145647887861406
7,5.8245735,4.453296,8.635922,175.34094,43.458534,619.70355,30034620.0,0.006287003702584601,0.1,-0.2,1.512538044165073e-12,150.0,3.5492446,0.0002478052578863373
8,1.5070386,0.93759507,4.6069665,2533.2617,42.05073,3962.0618,35950530.0,0.006399544369667382,0.1,0.0,9.700243139367301e-14,200.0,0.69036686,0.0002265008183011458
9,0.3228791,0.2319953,0.5866485,420.44107,54.5717,1302.1327,57793890.0,0.005795857589819153,0.1,0.0,2.224865720485373e-14,200.0,0.15834382,0.00017864190412888542
