band,obs_var,var_lower,var_upper,obs_kurt,kurt_lower,kurt_upper,total_samples,kstest_stat_initial,initial_r,initial_eta,initial_scale,initial_exclude_cutoff,best_augmented_var,kstest_stat_cutoff_0.05,kstest_stat_best,best_r,best_eta,best_scale,best_exclude_cutoff,n_pval_0.05
2,47.34069,38.653263,65.47858,110.268936,20.476175,431.0483,100000.0,0.0029668529670537,0.2,-0.6,0.0046160004253984,0.0,40.72710037231445,0.004293014618329405,0.0017486921935463418,0.27,-0.8,0.28878471619410456,25.0,608182
3,25.38209,21.15602,31.910324,61.839104,21.890614,206.81741,100000.0,0.0024242736407507,0.3,-0.9,0.5061912257456834,75.0,21.244491577148438,0.004293014618329405,0.0016481734167425825,0.3,-0.91,0.5503117069303979,50.0,684204
4,17.937151,14.147342,26.927404,175.14046,30.765882,658.0132,100000.0,0.0044225323360949,0.2,-0.9,0.0071179170457143,0.0,15.154877662658691,0.004293014618329405,0.0026345304119306245,0.2,-0.86,0.00485764347336778,25.0,253125
5,14.618753,11.513604,19.559969,104.00884,40.116295,331.52386,100000.0,0.0046542532824408,0.1,-0.3,9.038493231974136e-12,50.0,12.51414680480957,0.004293014618329405,0.003935205219485113,0.1,-0.33,1.1816971626296969e-11,25.0,120132
6,13.7309065,10.310451,22.875858,287.0892,42.678177,972.22614,100000.0,0.00590544766728,0.1,-0.3,7.176666681825025e-12,100.0,9.185672760009766,0.004293014618329405,0.005774516532031537,0.1,-0.31,7.641439915853062e-12,100.0,56250
7,5.824573,4.464823,8.66552,175.34099,43.431633,612.1032,100000.0,0.0062870037025845,0.1,-0.2,1.512538044165073e-12,150.0,4.160926818847656,0.004293014618329405,0.0052448261775014885,0.08,0.1,1.0924066487131639e-17,75.0,67573
8,1.5070385,0.94112176,4.6057634,2533.2622,41.85641,3963.497,100000.0,0.0063995443696673,0.1,0.0,9.700243139367301e-14,200.0,0.7512212991714478,0.004293014618329405,0.005805596120831202,0.1,-0.03,1.236941193625822e-13,150.0,56250
9,0.32287908,0.23226449,0.5840061,420.4412,54.669945,1298.3461,100000.0,0.005795857589819,0.1,0.0,2.224865720485373e-14,200.0,0.1583438217639923,0.004293014618329405,0.0051343093738498435,0.08,0.4,7.374374325282318e-20,200.0,71190
