band,total_samples,initial_r,initial_eta,kstest_stat_initial,initial_exclude_cutoff,best_r,best_eta,best_scale,kstest_stat_best,best_exclude_cutoff,n_pval_0.05
2,100000.0,0.2,-0.6,0.0029668529670537,0.0,0.27,-0.8,0.28878471619410456,0.0017486921935463418,25.0,608182
3,100000.0,0.3,-0.9,0.0024242736407507,75.0,0.3,-0.91,0.5503117069303979,0.0016481734167425825,50.0,684204
4,100000.0,0.2,-0.9,0.0044225323360949,0.0,0.2,-0.86,0.00485764347336778,0.0026345304119306245,25.0,253125
5,100000.0,0.1,-0.3,0.0046542532824408,50.0,0.1,-0.33,1.1816971626296969e-11,0.003935205219485113,25.0,120132
6,100000.0,0.1,-0.3,0.00590544766728,100.0,0.1,-0.31,7.641439915853062e-12,0.005774516532031537,100.0,56250
7,100000.0,0.1,-0.2,0.0062870037025845,150.0,0.08,0.1,1.0924066487131639e-17,0.0052448261775014885,75.0,67573
8,100000.0,0.1,0.0,0.0063995443696673,200.0,0.1,-0.03,1.236941193625822e-13,0.005805596120831202,150.0,56250
9,100000.0,0.1,0.0,0.005795857589819,200.0,0.08,0.4,7.374374325282318e-20,0.0051343093738498435,200.0,71190
