band,total_samples,initial_r,initial_eta,kstest_stat_initial,initial_exclude_cutoff,best_r,best_eta,best_scale,kstest_stat_best,best_exclude_cutoff,n_pval_0.05
2,12286890.0,0.2,-0.6,0.002966848924526,0.0,0.27,-0.8,0.28878471619410456,0.0017486921935464528,25.0,575947
3,14562240.0,0.3,-0.9,0.0024242736407507,75.0,0.3,-0.91,0.5503118057453097,0.0016481707752964252,50.0,682605
4,17747730.0,0.2,-0.9,0.0044225323360949,0.0,0.2,-0.86,0.0048576428619989615,0.002634531516570948,25.0,277308
5,20933220.0,0.1,-0.3,0.0046542532824408,50.0,0.1,-0.33,1.1816970725752768e-11,0.003935206064236927,25.0,122655
6,25028850.0,0.1,-0.3,0.00590544766728,100.0,0.1,-0.31,7.641439915853062e-12,0.005774516532031593,100.0,54994
7,30034620.0,0.1,-0.2,0.0062870037025846,150.0,0.08,0.1,1.0924068990901135e-17,0.0052448235821875855,75.0,65992
8,35950530.0,0.1,0.0,0.0063995443696673,200.0,0.1,-0.03,1.236941193625822e-13,0.005805596120831202,150.0,52660
9,57793890.0,0.1,0.0,0.0057958575898191,200.0,0.08,0.4,7.374374325282317e-20,0.005134309373849899,200.0,71428
