band,obs_var,var_lower,var_upper,obs_kurt,kurt_lower,kurt_upper,total_samples
2,68.2252,56.384903,86.72877,68.9014,21.06368,220.78996,7277440.0
3,27.45759,22.914566,35.593353,72.56029,20.482908,282.34003,7277440.0
4,15.414542,12.145387,22.872847,166.89352,29.598944,627.13635,7277440.0
5,6.733086,4.567864,15.454729,1016.0779,46.742344,2415.4092,29109760.0
6,1.7697375,1.2580886,3.319334,482.96994,45.682693,1432.327,14554880.0
7,0.51006496,0.3674508,0.9043372,390.23907,45.81308,1213.1068,14554880.0
8,0.21042575,0.13959502,0.46605325,901.5605,56.16863,2261.392,14554880.0
9,0.12478296,0.07969636,0.241644,594.2119,85.9339,1682.8641,14782300.0
