band,obs_var,var_lower,var_upper,obs_kurt,kurt_lower,kurt_upper,total_samples
2,68.2252,56.384907,86.72877,68.9014,21.06368,220.78998,7277440.0
3,27.457584,22.914566,35.593353,72.56031,20.482912,282.34015,7277440.0
4,15.414542,12.145387,22.872849,166.89352,29.598944,627.13635,7277440.0
5,6.733087,4.567864,15.454728,1016.07764,46.742344,2415.4097,29109760.0
6,1.7697372,1.2580886,3.319334,482.97006,45.682686,1432.3278,14554880.0
7,0.5100649,0.36745077,0.9043372,390.23917,45.813087,1213.1067,14554880.0
8,0.21042575,0.13959502,0.46605316,901.5605,56.16863,2261.3918,14554880.0
9,0.12478295,0.07969636,0.241644,594.21204,85.933914,1682.8643,14782300.0
