band,obs_var,var_lower,var_upper,obs_kurt,kurt_lower,kurt_upper,total_samples,kstest_stat_initial,initial_r,initial_eta,initial_scale,initial_exclude_cutoff,best_augmented_var,kstest_stat_cutoff_0.05
2,68.2252,56.384903,86.72877,68.9014,21.06368,220.78996,7277440.0,0.001839318163900705,0.4,-1.0,11.016288041600035,75.0,53.75638,0.0005034104599250908
3,27.45759,22.914566,35.593353,72.56029,20.482908,282.34003,7277440.0,0.004019654836766029,0.3,-1.0,1.0328004258914283,0.0,27.45759,0.0005034104599250908
4,15.414542,12.145387,22.872847,166.89352,29.598944,627.13635,7277440.0,0.0042405982053263375,0.3,-1.0,0.3811593700106026,150.0,10.13334,0.0005034104599250908
5,6.733086,4.567864,15.454729,1016.0779,46.742344,2415.4092,29109760.0,0.002797406735083219,0.1,-0.1,1.181996683750062e-12,25.0,4.9071617,0.00025171095765658043
6,1.7697375,1.2580886,3.319334,482.96994,45.682693,1432.327,14554880.0,0.002854856294253749,0.1,0.1,1.033354159954599e-13,50.0,1.2257313,0.00035596969516627104
7,0.51006496,0.3674508,0.9043372,390.23907,45.81308,1213.1068,14554880.0,0.002877407329137391,0.1,0.3,1.0272328197474188e-14,100.0,0.31447285,0.00035596969516627104
8,0.21042575,0.13959502,0.46605325,901.5605,56.16863,2261.392,14554880.0,0.0038656147324217446,0.1,0.6,8.600058217650124e-16,200.0,0.093764156,0.00035596969516627104
9,0.12478296,0.07969636,0.241644,594.2119,85.9339,1682.8641,14782300.0,0.007919999999811467,0.3,-0.9,0.0008712764474205588,350.0,0.034963414,0.0003532209410687339
