band,obs_var,var_lower,var_upper,obs_kurt,kurt_lower,kurt_upper,total_samples,kstest_stat_initial,initial_r,initial_eta,initial_scale,initial_exclude_cutoff,best_augmented_var,kstest_stat_cutoff_0.05,kstest_stat_best,best_r,best_eta,best_scale,best_exclude_cutoff,n_pval_0.05
2,68.2252,56.384907,86.72877,68.9014,21.06368,220.78998,7277440.0,0.0018393181634006,0.4,-1.0,11.016288041600037,75.0,53.75638,0.0005034104599250908,0.0018393181634006,0.4,-1.0,11.016288041600037,75.0,575656
3,27.457584,22.914566,35.593353,72.56031,20.482912,282.34015,7277440.0,0.0040196650487495,0.3,-1.0,1.032800210660178,0.0,24.307353973388672,0.0005034104599250908,0.0016149895054747843,0.33,-1.0,1.7393880297793733,25.0,682260
4,15.414542,12.145387,22.872849,166.89352,29.598944,627.13635,7277440.0,0.0042405954757923,0.3,-1.0,0.3811594058824776,150.0,10.950674057006836,0.0005034104599250908,0.003455622519478563,0.29,-1.0,0.3204205088793823,100.0,161901
5,6.733087,4.567864,15.454728,1016.07764,46.742344,2415.4097,29109760.0,0.0027979437888898,0.1,-0.1,1.181996568893456e-12,25.0,4.461530685424805,0.00025171095765658043,0.0022165873955494186,0.14,-0.5,3.19977072773657e-07,50.0,383770
6,1.7697372,1.2580886,3.319334,482.97006,45.682686,1432.3278,14554880.0,0.0028548593718937,0.1,0.1,1.0333542604541292e-13,50.0,1.139337182044983,0.00035596969516627104,0.0027591512092016157,0.13,-0.3,4.477325924333785e-09,75.0,255847
7,0.5100649,0.36745077,0.9043372,390.23917,45.813087,1213.1067,14554880.0,0.0028774073291373,0.1,0.3,1.0272328197474188e-14,100.0,0.3344043791294098,0.00035596969516627104,0.0025863479661845414,0.08,0.7,3.419615526966256e-20,75.0,287827
8,0.21042575,0.13959502,0.46605316,901.5605,56.16863,2261.3918,14554880.0,0.0038656147324217,0.1,0.6,8.600058217650124e-16,200.0,0.09817029535770416,0.00035596969516627104,0.0035312623545255446,0.09,0.8,3.226612640149814e-18,175.0,143913
9,0.12478295,0.07969636,0.241644,594.21204,85.933914,1682.8643,14782300.0,0.0079199999998218,0.3,-0.9,0.0008712765402535,350.0,0.036326393485069275,0.0003532209410687339,0.007919999999724703,0.35,-1.0,0.0037049024587042377,325.0,28871
