layer,obs_var,var_lower,var_upper,obs_kurt,kurt_lower,kurt_upper,total_samples
2,3192.6462,3028.966,3360.2908,0.89199233,0.66338307,1.1363736,7072
3,823.36975,780.6045,867.84125,2.1907887,1.7257115,2.7642143,28288
4,202.79881,191.18605,214.87389,3.092218,2.4466155,4.0542464,113152
5,47.6396,44.6623,50.822884,4.3611264,3.0968587,7.9087462,452608
6,10.9388485,10.189243,11.788383,5.8572655,3.7637534,14.98549,1810432
7,2.5439324,2.3507497,2.811351,9.474835,4.47378,39.393597,7241728
8,0.61663,0.5647662,0.70192885,14.652992,5.340104,77.95019,28966912
9,0.15568231,0.1408361,0.18328148,22.37449,6.8508706,125.41393,115867648
10,0.04042398,0.034833692,0.06013811,132.27734,9.912007,704.0296,463470592
