layer,obs_var,var_lower,var_upper,obs_kurt,kurt_lower,kurt_upper,total_samples,kstest_stat_initial,initial_r,initial_eta,initial_scale,initial_exclude_cutoff,best_augmented_var,kstest_stat_cutoff_0.05
2,2995.8076,2807.5354,3190.5813,2.3841553,1.9851197,2.8081422,7072,0.011123314484837166,2.9,-0.8,6639.27113682738,25.0,2685.0974,0.01612577750721614
3,790.4869,740.7244,842.5376,4.19503,3.4139373,5.135057,28288,0.00579367655798968,1.6,-1.0,2065.7188062069476,25.0,749.7015,0.008068854211971187
4,201.77219,187.4085,216.86743,5.9424295,4.811103,7.5436177,113152,0.003986955448756713,1.5,-1.1,610.3952301967483,100.0,188.01262,0.0040359092726554024
5,47.6735,44.066856,51.49155,7.3169537,5.8710485,9.661547,452608,0.007843591244640125,0.7,-1.1,74.3030129672044,0.0,47.6735,0.002018324026021024
6,10.939825,10.02563,11.913398,9.185659,7.0569935,13.844344,1810432,0.01645300336106792,0.8,-1.2,27.371507139729285,50.0,10.352774,0.0010092542162957218
7,2.558077,2.3315294,2.8042681,10.963572,8.198544,17.61194,7241728,0.039739999999999887,0.4,-1.1,0.7697282410693959,0.0,2.558077,0.0005046501409454036
8,0.63567495,0.5756787,0.7048679,13.351643,8.997801,32.898285,28966912,0.0727899999999998,1.1,-1.3,3.3795176382697156,0.0,0.63567495,0.0002523308264179366
9,0.17796187,0.16069126,0.19745737,14.019899,9.500398,30.061743,115867648,0.11163999999999974,1.1,-1.3,0.9461207788732141,0.0,0.17796187,0.00012616685191353853
10,0.060995698,0.05501363,0.06787508,14.425446,9.109214,29.232977,463470592,0.1539299999999998,1.1,-1.3,0.32427899832043244,0.0,0.060995698,6.30837855989912e-05
