layer,obs_var,var_lower,var_upper,obs_kurt,kurt_lower,kurt_upper,total_samples,kstest_stat_initial,initial_r,initial_eta,initial_scale,initial_exclude_cutoff,best_augmented_var,kstest_stat_cutoff_0.05
2,3192.6462,3028.966,3360.2908,0.89199233,0.66338307,1.1363736,7072,0.008339105460336449,20.0,-0.5,6533.982694387362,0.0,3192.6462,0.01612577750721614
3,823.36975,780.6045,867.84125,2.1907887,1.7257115,2.7642143,28288,0.0037077561417901417,1.6,-0.6,1413.356182720334,0.0,823.36975,0.008068854211971187
4,202.79881,191.18605,214.87389,3.092218,2.4466155,4.0542464,113152,0.0036071884920432784,1.6,-0.8,407.2568772602239,75.0,194.6126,0.0040359092726554024
5,47.6396,44.6623,50.822884,4.3611264,3.0968587,7.9087462,452608,0.0024505013691401567,1.5,-0.9,105.31871035046126,50.0,45.849945,0.002018324026021024
6,10.9388485,10.189243,11.788383,5.8572655,3.7637534,14.98549,1810432,0.0020832222017979907,0.9,-0.9,16.001858818507692,0.0,10.9388485,0.0010092542162957218
7,2.5439324,2.3507497,2.811351,9.474835,4.47378,39.393597,7241728,0.0034281191907986203,0.7,-0.9,2.4316679152441214,0.0,2.5439324,0.0005046501409454036
8,0.61663,0.5647662,0.70192885,14.652992,5.340104,77.95019,28966912,0.005014449820039457,0.8,-1.0,0.8905873187640491,25.0,0.5919244,0.0002523308264179366
9,0.15568231,0.1408361,0.18328148,22.37449,6.8508706,125.41393,115867648,0.00466183426939297,0.4,-0.8,0.017269801720731906,0.0,0.15568231,0.00012616685191353853
10,0.04042398,0.034833692,0.06013811,132.27734,9.912007,704.0296,463470592,0.0022968283814269325,0.4,-0.8,0.0039515735487050015,50.0,0.035622302,6.30837855989912e-05
