layer,obs_var,var_lower,var_upper,obs_kurt,kurt_lower,kurt_upper,total_samples,kstest_stat_initial,initial_r,initial_eta,initial_scale,initial_exclude_cutoff,best_augmented_var,kstest_stat_cutoff_0.05,kstest_stat_best,best_r,best_eta,best_scale,best_exclude_cutoff,n_pval_0.05
2,3192.6462,3028.966,3360.2908,0.89199233,0.66338307,1.1363736,7072,0.0083391054603364,20.0,-0.5,6533.982694387362,0.0,3192.6462,0.01612577750721614,0.0083391054603364,20.0,-0.5,6533.982694387362,0.0,26851
3,823.36975,780.6045,867.84125,2.1907887,1.7257115,2.7642143,28288,0.0037077561417901,1.6,-0.6,1413.356182720334,0.0,823.3697509765625,0.008068854211971187,0.0036933968016354957,1.63,-0.6,1428.5341353939136,0.0,143208
4,202.79881,191.18605,214.87389,3.092218,2.4466155,4.0542464,113152,0.0036071884920432,1.6,-0.8,407.2568772602239,75.0,202.79881286621094,0.0040359092726554024,0.003282760721636857,1.2,-0.76,332.5164627166163,0.0,169728
5,47.6396,44.6623,50.822884,4.3611264,3.0968587,7.9087462,452608,0.0024505013691401,1.5,-0.9,105.31871035046126,50.0,47.63959884643555,0.002018324026021024,0.0014300564729008425,1.1,-0.85,81.1936925864014,0.0,859248
6,10.9388485,10.189243,11.788383,5.8572655,3.7637534,14.98549,1810432,0.0020832222017979,0.9,-0.9,16.001858818507692,0.0,10.938848495483398,0.0010092542162957218,0.0016031584618898531,0.93,-0.9,16.708595846504036,0.0,724990
7,2.5439324,2.3507497,2.811351,9.474835,4.47378,39.393597,7241728,0.0034281191907986,0.7,-0.9,2.4316679152441214,0.0,2.5439324378967285,0.0005046501409454036,0.0025496121643313607,0.8,-0.94,3.3699666001348185,0.0,286416
8,0.61663,0.5647662,0.70192885,14.652992,5.340104,77.95019,28966912,0.0050144498200394,0.8,-1.0,0.8905873187640491,25.0,0.6166300177574158,0.0002523308264179366,0.004055178444134444,0.6,-0.93,0.4393269353853471,0.0,113152
9,0.15568231,0.1408361,0.18328148,22.37449,6.8508706,125.41393,115867648,0.0046618342693929,0.4,-0.8,0.0172698017207319,0.0,0.15568231046199799,0.00012616685191353853,0.003948890753935147,0.41,-0.8,0.019589176022029302,0.0,113152
10,0.04042398,0.034833692,0.06013811,132.27734,9.912007,704.0296,463470592,0.0022968283814269,0.4,-0.8,0.003951573548705,50.0,0.036752860993146896,6.30837855989912e-05,0.0015091673710566633,0.4,-0.81,0.0041889307813291286,25.0,815613
