layer,total_samples,initial_r,initial_eta,kstest_stat_initial,initial_exclude_cutoff,best_r,best_eta,best_scale,kstest_stat_best,best_exclude_cutoff,n_pval_0.05
2,7072,20.0,-0.5,0.0083391054603364,0.0,20.0,-0.5,6533.982694387362,0.0083391054603364,0.0,26851
3,28288,1.6,-0.6,0.0037077561417901,0.0,1.63,-0.6,1428.5341353939136,0.0036933968016354957,0.0,143208
4,113152,1.6,-0.8,0.0036071884920432,75.0,1.2,-0.76,332.5164627166163,0.003282760721636857,0.0,169728
5,452608,1.5,-0.9,0.0024505013691401,50.0,1.1,-0.85,81.1936925864014,0.0014300564729008425,0.0,859248
6,1810432,0.9,-0.9,0.0020832222017979,0.0,0.93,-0.9,16.708595846504036,0.0016031584618898531,0.0,724990
7,7241728,0.7,-0.9,0.0034281191907986,0.0,0.8,-0.94,3.3699666001348185,0.0025496121643313607,0.0,286416
8,28966912,0.8,-1.0,0.0050144498200394,25.0,0.6,-0.93,0.4393269353853471,0.004055178444134444,0.0,113152
9,115867648,0.4,-0.8,0.0046618342693929,0.0,0.41,-0.8,0.019589176022029302,0.003948890753935147,0.0,113152
10,463470592,0.4,-0.8,0.0022968283814269,50.0,0.4,-0.81,0.0041889307813291286,0.0015091673710566633,25.0,815613
