layer,obs_var,var_lower,var_upper,obs_kurt,kurt_lower,kurt_upper,total_samples
2,8170.624,7603.631,8790.542,5.929228,3.575073,10.276577,13604.0
3,1199.229,1082.8085,1330.0981,14.136646,9.365142,21.132668,54416.0
4,498.48883,450.3754,553.1197,13.649828,8.367245,26.79482,166649.0
5,131.81825,119.40736,146.13567,13.324366,8.178824,30.260353,574769.0
6,30.274773,27.387175,33.932415,15.115324,7.801616,46.193558,2125625.0
7,6.84355,6.0505795,8.027263,27.543734,10.875002,106.76924,8502500.0
8,1.4957647,1.2613254,2.054993,94.25957,14.907044,424.21826,34010000.0
9,0.26680335,0.21636896,0.45252532,294.65146,12.190354,1032.5277,136040000.0
