layer,obs_var,var_lower,var_upper,obs_kurt,kurt_lower,kurt_upper,total_samples,kstest_stat_initial,initial_r,initial_eta,initial_scale,initial_exclude_cutoff,best_augmented_var,kstest_stat_cutoff_0.05
2,8170.624,7603.631,8790.542,5.929228,3.575073,10.276577,13604.0,0.01245187136237913,2.5,-1.0,25188.19041061179,0.0,8170.624,0.011631562532897098
3,1199.229,1082.8085,1330.0981,14.136646,9.365142,21.132668,54416.0,0.222067039106145,0.3,-1.3,270.64958461165105,0.0,1199.229,0.005818871726650881
4,498.48883,450.3754,553.1197,13.649828,8.367245,26.79482,166649.0,0.13268999999999975,1.1,-1.3,2650.1780292084186,0.0,498.48883,0.003325823185857078
5,131.81825,119.40736,146.13567,13.324366,8.178824,30.260353,574769.0,0.07416999999999979,1.4,-1.2,537.4926547137842,0.0,131.81825,0.001791077074405122
6,30.274773,27.387175,33.932415,15.115324,7.801616,46.193558,2125625.0,0.008590600085761568,1.3,-1.2,119.45946490003601,0.0,30.274773,0.0009314325575636546
7,6.84355,6.0505795,8.027263,27.543734,10.875002,106.76924,8502500.0,0.009395969415497751,0.6,-1.1,6.376840993807732,150.0,5.606984,0.00046573589503234376
8,1.4957647,1.2613254,2.054993,94.25957,14.907044,424.21826,34010000.0,0.006831462102706576,0.2,-0.3,4.206622640291844e-05,50.0,1.2720827,0.00023287284980739854
9,0.26680335,0.21636896,0.45252532,294.65146,12.190354,1032.5277,136040000.0,0.008323743141074313,0.4,-0.3,0.006582835038681633,350.0,0.17228194,0.00011643765025504601
