layer,obs_var,var_lower,var_upper,obs_kurt,kurt_lower,kurt_upper,total_samples,kstest_stat_initial,initial_r,initial_eta,initial_scale,initial_exclude_cutoff,best_augmented_var,kstest_stat_cutoff_0.05
2,2155.274,1938.4677,2391.563,3.322904,1.9738137,4.840138,3180.0,0.01745327583790801,0.1,9.0,8.726825621545625e-18,0.0,2155.274,0.024030335482930112
3,676.3578,638.5328,716.2749,3.0878806,2.3149266,4.01014,12720.0,0.005015704853735148,0.2,3.8,3.619355247018461e-05,0.0,676.3578,0.01202851450611388
4,188.36877,176.9073,200.27727,3.757729,2.92843,4.819949,50880.0,0.005203888419493374,0.4,0.5,2.3349101615007966,25.0,182.05045,0.006017563498360196
5,43.7695,40.805225,46.891907,5.3737774,4.1929464,6.8561296,203520.0,0.0024912409964499282,0.4,0.0,1.0218750323021288,25.0,42.709766,0.0030096044936828606
6,8.850155,8.162472,9.579076,7.45821,5.558343,10.405201,814080.0,0.0037182066153217397,0.3,-0.1,0.02583297831428386,0.0,8.850155,0.0015050074551751034
7,1.6822643,1.5404371,1.8354636,9.652344,7.1573634,14.103736,3256320.0,0.005648261353650819,0.2,0.2,1.3802398193974385e-05,0.0,1.6822643,0.0007525549699048645
8,0.27282932,0.24741969,0.30279067,13.286758,8.514162,31.882772,13025280.0,0.00640114026492089,0.1,1.8,5.109572653024681e-17,0.0,0.27282932,0.0003762902880576396
