layer,obs_var,var_lower,var_upper,obs_kurt,kurt_lower,kurt_upper,total_samples
2,1353.1903,1245.6709,1465.3889,0.43477893,0.14476559,0.74993134,2446.0
3,327.51788,311.69604,344.01224,1.5838041,1.2747822,1.9509909,9784.0
4,68.14735,63.90377,72.760056,4.3183103,2.9803715,7.683027,39136.0
5,13.558892,12.578346,14.675803,6.9258795,4.667317,16.993916,156544.0
6,2.6349738,2.408211,2.9415638,12.295376,6.6093035,44.604836,626176.0
7,0.53696954,0.4820753,0.64651275,28.076822,8.176512,160.37971,2504704.0
8,0.15501633,0.13690765,0.19796616,46.12798,9.823513,257.9939,10018816.0
9,0.04745376,0.04120741,0.06093168,54.854145,13.4871,273.32462,40075264.0
