layer,obs_var,var_lower,var_upper,obs_kurt,kurt_lower,kurt_upper,total_samples
2,1056.889,930.9285,1189.896,2.56811,1.7490902,3.4833252,2006.0
3,231.5877,215.85039,247.84518,3.8009167,3.2015128,4.4831085,8024.0
4,48.52385,45.00867,52.17751,6.300665,5.2554636,7.5793843,32096.0
5,9.365974,8.577611,10.19354,9.227902,7.612481,12.297548,128384.0
6,1.842475,1.6695443,2.0280797,12.415792,9.957208,16.035275,513536.0
7,0.4086825,0.36823818,0.4527371,14.210211,10.879326,19.988205,2054144.0
8,0.14060296,0.12745851,0.15479714,12.10424,9.034415,17.255356,8216576.0
9,0.072375886,0.06634911,0.07904465,9.536445,6.5316367,16.30093,32866304.0
