layer,obs_var,var_lower,var_upper,obs_kurt,kurt_lower,kurt_upper,total_samples,kstest_stat_initial,initial_r,initial_eta,initial_scale,initial_exclude_cutoff,best_augmented_var,kstest_stat_cutoff_0.05
2,1056.889,930.9285,1189.896,2.56811,1.7490902,3.4833252,2006.0,0.013333140957542455,1.6,-0.8,2211.703359364725,0.0,1056.889,0.030238176430869766
3,231.5877,215.85039,247.84518,3.8009167,3.2015128,4.4831085,8024.0,0.012824743281822593,10.0,-1.1,749.0835051255955,25.0,204.83192,0.015140345828992074
4,48.52385,45.00867,52.17751,6.300665,5.2554636,7.5793843,32096.0,0.02046984047856426,1.3,-1.2,191.46743603321104,0.0,48.52385,0.007575426642488798
5,9.365974,8.577611,10.19354,9.227902,7.612481,12.297548,128384.0,0.04454999999999981,0.9,-1.3,43.07167040564401,0.0,9.365974,0.0037890191408675262
6,1.842475,1.6695443,2.0280797,12.415792,9.957208,16.035275,513536.0,0.08459999999999979,1.1,-1.3,9.795378783002173,0.0,1.842475,0.001894835072058157
7,0.4086825,0.36823818,0.4527371,14.210211,10.879326,19.988205,2054144.0,0.1302299999999998,0.3,-1.3,0.0922340497484288,0.0,0.4086825,0.0009474987921691133
8,0.14060296,0.12745851,0.15479714,12.10424,9.034415,17.255356,8216576.0,0.17649999999999977,0.7,-0.3,0.055938992713581374,0.0,0.14060296,0.0004737696952028646
9,0.072375886,0.06634911,0.07904465,9.536445,6.5316367,16.30093,32866304.0,0.22306000000000004,0.1,-1.2,3.0219475735468904e-10,0.0,0.072375886,0.00023688992051635398
