layer,obs_var,var_lower,var_upper,obs_kurt,kurt_lower,kurt_upper,total_samples,kstest_stat_initial,initial_r,initial_eta,initial_scale,initial_exclude_cutoff,best_augmented_var,kstest_stat_cutoff_0.05
2,1353.1903,1245.6709,1465.3889,0.43477893,0.14476559,0.74993134,2446.0,0.01416900310859981,7.1,0.0,2316.8743903772365,0.0,1353.1903,0.027391058317828124
3,327.51788,311.69604,344.01224,1.5838041,1.2747822,1.9509909,9784.0,0.006291815558071456,5.8,-0.8,835.0495479895303,0.0,327.51788,0.01371292533206765
4,68.14735,63.90377,72.760056,4.3183103,2.9803715,7.683027,39136.0,0.0039049636432911816,2.0,-1.0,201.62585851816436,0.0,68.14735,0.006860766614414416
5,13.558892,12.578346,14.675803,6.9258795,4.667317,16.993916,156544.0,0.004219574164632589,0.8,-1.0,20.400201282485334,0.0,13.558892,0.0034314536386640306
6,2.6349738,2.408211,2.9415638,12.295376,6.6093035,44.604836,626176.0,0.012166500696895954,0.7,-1.1,4.106820131419955,0.0,2.6349738,0.0017159936940756553
7,0.53696954,0.4820753,0.64651275,28.076822,8.176512,160.37971,2504704.0,0.013423842466606994,1.0,-1.2,1.692903439203898,25.0,0.50787103,0.0008580634771374716
8,0.15501633,0.13690765,0.19796616,46.12798,9.823513,257.9939,10018816.0,0.008483515533780905,0.5,-1.1,0.09330703566471737,100.0,0.13436213,0.000429048385014687
9,0.04745376,0.04120741,0.06093168,54.854145,13.4871,273.32462,40075264.0,0.02027580024921527,0.2,-0.8,9.47275203027766e-06,100.0,0.040003136,0.0002145283527339156
