layer,obs_var,var_lower,var_upper,obs_kurt,kurt_lower,kurt_upper,total_samples,kstest_stat_initial,initial_r,initial_eta,initial_scale,initial_exclude_cutoff,best_augmented_var,kstest_stat_cutoff_0.05,kstest_stat_best,best_r,best_eta,best_scale,best_exclude_cutoff,n_pval_0.05
2,1056.889,930.9285,1189.896,2.56811,1.7490902,3.4833252,2006.0,0.0133331409575424,1.6,-0.8,2211.703359364725,0.0,1056.8890380859375,0.030238176430869766,0.013273621264486668,1.61,-0.8,2218.582116174506,0.0,10153
3,231.5877,215.85039,247.84518,3.8009167,3.2015128,4.4831085,8024.0,0.0128247432818225,10.0,-1.1,749.0835051255955,25.0,204.83192,0.015140345828992074,0.0128247432818225,10.0,-1.1,749.0835051255955,25.0,11424
4,48.52385,45.00867,52.17751,6.300665,5.2554636,7.5793843,32096.0,0.0204698404785642,1.3,-1.2,191.46743603321104,0.0,44.00809097290039,0.007575426642488798,0.02046984047856415,1.1,-1.23,174.6343475905623,50.0,4513
5,9.365974,8.577611,10.19354,9.227902,7.612481,12.297548,128384.0,0.0445499999999998,0.9,-1.3,43.07167040564401,0.0,8.600797653198242,0.0037890191408675262,0.044549999999999756,0.8,-1.26,28.946783392913765,100.0,949
6,1.842475,1.6695443,2.0280797,12.415792,9.957208,16.035275,513536.0,0.0845999999999997,1.1,-1.3,9.795378783002173,0.0,1.842475,0.001894835072058157,0.0845999999999997,1.1,-1.3,9.795378783002173,0.0,250
7,0.4086825,0.36823818,0.4527371,14.210211,10.879326,19.988205,2054144.0,0.1302299999999998,0.3,-1.3,0.0922340497484288,0.0,0.4086825,0.0009474987921691133,0.1302299999999998,0.3,-1.3,0.0922340497484288,0.0,103
8,0.14060296,0.12745851,0.15479714,12.10424,9.034415,17.255356,8216576.0,0.1764999999999997,0.7,-0.3,0.0559389927135813,0.0,0.14060296,0.0004737696952028646,0.1764999999999997,0.7,-0.3,0.0559389927135813,0.0,57
9,0.072375886,0.06634911,0.07904465,9.536445,6.5316367,16.30093,32866304.0,0.22306,0.1,-1.2,3.0219475735468904e-10,0.0,0.072375886,0.00023688992051635398,0.22306,0.1,-1.2,3.0219475735468904e-10,0.0,-1
