layer,total_samples,initial_r,initial_eta,kstest_stat_initial,initial_exclude_cutoff,best_r,best_eta,best_scale,kstest_stat_best,best_exclude_cutoff,n_pval_0.05
2,2006.0,1.6,-0.8,0.0133331409575424,0.0,1.61,-0.8,2218.582116174506,0.013273621264486668,0.0,10153
3,8024.0,10.0,-1.1,0.0128247432818225,25.0,10.0,-1.1,749.0835051255955,0.0128247432818225,25.0,11424
4,32096.0,1.3,-1.2,0.0204698404785642,0.0,1.1,-1.23,174.6343475905623,0.02046984047856415,50.0,4513
5,128384.0,0.9,-1.3,0.0445499999999998,0.0,0.8,-1.26,28.946783392913765,0.044549999999999756,100.0,949
6,513536.0,1.1,-1.3,0.0845999999999997,0.0,1.1,-1.3,9.795378783002173,0.0845999999999997,0.0,250
7,2054144.0,0.3,-1.3,0.1302299999999998,0.0,0.3,-1.3,0.0922340497484288,0.1302299999999998,0.0,103
8,8216576.0,0.7,-0.3,0.1764999999999997,0.0,0.7,-0.3,0.0559389927135813,0.1764999999999997,0.0,57
9,32866304.0,0.1,-1.2,0.22306,0.0,0.1,-1.2,3.0219475735468904e-10,0.22306,0.0,-1
