band,obs_var,var_lower,var_upper,obs_kurt,kurt_lower,kurt_upper,total_samples
2,57.70478,47.476635,76.39802,85.81922,20.804083,325.8873,12192660.0
3,28.217304,23.017448,38.99864,109.013954,22.600456,428.9649,14450560.0
4,19.802885,15.805842,27.547457,119.68607,31.191708,448.51685,17611620.0
5,11.86039,9.280744,16.449108,127.35748,39.895786,435.1418,20772680.0
6,9.950483,7.3104987,18.875906,489.4066,41.01038,1448.7997,24836900.0
7,3.9883971,3.0378,5.719976,155.19267,44.94845,511.73193,29804280.0
8,1.2127907,0.70266163,4.2945695,3882.2185,40.366207,4814.1704,35674820.0
9,0.25911036,0.18286246,0.49647123,520.7514,54.998947,1529.4059,57350660.0
