band,obs_var,var_lower,var_upper,obs_kurt,kurt_lower,kurt_upper,total_samples
2,82.97526,67.814415,105.23881,71.682816,25.05502,208.63785,7225280.0
3,31.74667,26.044369,42.718353,94.44064,22.245157,364.16043,7225280.0
4,21.21003,16.880003,30.67428,144.14368,29.277563,554.10114,7225280.0
5,11.030879,8.3103075,18.547989,302.71057,40.539562,1011.84314,28901120.0
6,3.006343,2.2403097,4.9569955,281.21066,43.51983,940.1538,14450560.0
7,0.7740215,0.5974275,1.1571063,178.40799,38.302666,645.75385,14450560.0
8,0.30821213,0.22845669,0.5354193,344.9527,43.86404,1119.994,14450560.0
9,0.20823164,0.1430118,0.3751763,430.45502,71.53792,1311.2749,14676350.0
