layer,obs_var,var_lower,var_upper,obs_kurt,kurt_lower,kurt_upper,total_samples
2,3000.9607,2751.6047,3260.0117,0.6593907,0.35829115,0.9969687,2446.0
3,820.2145,777.0574,865.3212,2.2628627,1.9426222,2.5975308,9784.0
4,189.17796,177.31465,201.59172,4.155531,3.4843152,5.011349,39136.0
5,42.68354,39.449863,46.21743,7.500519,5.4733424,14.028465,156544.0
6,9.066797,8.278472,9.960697,10.757481,7.6959605,24.149042,626176.0
7,1.8833008,1.6801336,2.2053754,24.545399,10.35471,112.96401,2504704.0
8,0.43890843,0.38354477,0.5507171,45.949707,12.866415,233.89392,10018816.0
9,0.12181997,0.10556833,0.1626835,68.62606,13.538338,370.6388,40075264.0
