layer,obs_var,var_lower,var_upper,obs_kurt,kurt_lower,kurt_upper,total_samples
2,2733.9365,2357.1787,3143.6006,4.287391,2.7559683,6.0564017,2006.0
3,756.21625,695.8684,819.5791,6.1114264,5.126849,7.149946,8024.0
4,164.64557,151.72348,178.089,7.8434687,6.742988,9.030239,32096.0
5,36.40522,33.077957,39.875404,11.16021,9.477515,13.056382,128384.0
6,7.6635604,6.87557,8.5051365,15.210632,12.8270645,17.847929,513536.0
7,1.5963879,1.4142457,1.7929015,19.442991,16.134104,23.262146,2054144.0
8,0.38741687,0.3399313,0.4386795,22.375746,18.25215,26.985401,8216576.0
9,0.12679715,0.111739,0.1430652,21.04875,17.17684,25.134867,32866304.0
