layer,obs_var,var_lower,var_upper,obs_kurt,kurt_lower,kurt_upper,total_samples,kstest_stat_initial,initial_r,initial_eta,initial_scale,initial_exclude_cutoff,best_augmented_var,kstest_stat_cutoff_0.05
2,12504668.0,11173723.0,13948917.0,2.5515575,1.5574995,4.090831,2446.0,0.009357707824539485,0.4,1.0,97544.63234371589,0.0,12504668.0,0.027391058317828124
3,3269122.0,3068956.2,3479057.5,3.793305,3.196555,4.470741,9784.0,0.011485058046016072,0.3,0.3,4735.908038813845,0.0,3269122.0,0.01371292533206765
4,724210.0,675291.56,775417.94,5.1607075,4.376341,6.0126853,39136.0,0.013372039904395283,0.4,-0.6,49470.75574182059,0.0,724210.0,0.006860766614414416
5,159643.38,147489.8,172340.94,7.211071,6.112192,8.514811,156544.0,0.008974111948831007,0.5,-1.0,79821.6875,0.0,159643.38,0.0034314536386640306
6,33545.49,30631.059,36613.45,10.055699,8.452356,11.96613,626176.0,0.017419338614944102,0.4,-1.0,6058.064218660314,150.0,29561.645,0.0017159936940756553
7,6814.5684,6137.2153,7538.164,13.805977,11.273294,16.955647,2504704.0,0.025854289698932165,0.7,-1.2,13898.093588194426,50.0,6371.242,0.0008580634771374716
8,1542.4711,1374.7704,1721.564,17.09749,13.892877,21.258947,10018816.0,0.00572143745641196,0.4,-1.1,444.1702239841846,25.0,1476.1335,0.000429048385014687
9,417.00528,371.06314,466.5416,18.108908,14.677426,22.332924,40075264.0,0.007230271135900468,0.4,-1.1,99.15664070557914,200.0,329.53232,0.0002145283527339156
