layer,obs_var,var_lower,var_upper,obs_kurt,kurt_lower,kurt_upper,total_samples,kstest_stat_initial,initial_r,initial_eta,initial_scale,initial_exclude_cutoff,best_augmented_var,kstest_stat_cutoff_0.05
2,2733.9365,2357.1787,3143.6006,4.287391,2.7559683,6.0564017,2006.0,0.014500966071647192,0.5,-0.3,335.0412406173405,0.0,2733.9365,0.030238176430869766
3,756.21625,695.8684,819.5791,6.1114264,5.126849,7.149946,8024.0,0.0077221142973744605,0.8,-1.0,1137.7746337066458,0.0,756.21625,0.015140345828992074
4,164.64557,151.72348,178.089,7.8434687,6.742988,9.030239,32096.0,0.01000938414099728,1.3,-1.2,558.8105852093986,75.0,141.62012,0.007575426642488798
5,36.40522,33.077957,39.875404,11.16021,9.477515,13.056382,128384.0,0.027189999999999825,1.1,-1.3,193.54558890915484,0.0,36.40522,0.0037890191408675262
6,7.6635604,6.87557,8.5051365,15.210632,12.8270645,17.847929,513536.0,0.05435999999999985,0.9,-1.3,35.24271285071703,0.0,7.6635604,0.001894835072058157
7,1.5963879,1.4142457,1.7929015,19.442991,16.134104,23.262146,2054144.0,0.08885999999999977,0.3,-1.3,0.3602829072977372,0.0,1.5963879,0.0009474987921691133
8,0.38741687,0.3399313,0.4386795,22.375746,18.25215,26.985401,8216576.0,0.1246299999999998,1.1,-1.3,2.0596723787513866,0.0,0.38741687,0.0004737696952028646
9,0.12679715,0.111739,0.1430652,21.04875,17.17684,25.134867,32866304.0,0.16371999999999975,0.2,-0.3,4.193027597413486e-06,0.0,0.12679715,0.00023688992051635398
