layer,total_samples,initial_r,initial_eta,kstest_stat_initial,initial_exclude_cutoff,best_r,best_eta,best_scale,kstest_stat_best,best_exclude_cutoff,n_pval_0.05
2,2446.0,0.4,1.0,0.0093577078245394,0.0,0.4,1.0,97544.63234371589,0.0093577078245394,0.0,20892
3,9784.0,0.3,0.3,0.011485058046016,0.0,0.4,-0.16,99277.90869544342,0.009739263668533532,0.0,18573
4,39136.0,0.4,-0.6,0.0133720399043952,0.0,0.44,-0.7,100000.0,0.011417696195607507,0.0,14676
5,156544.0,0.5,-1.0,0.008974111948831,0.0,0.52,-1.0,90653.23962040643,0.007662010721318294,0.0,33021
6,626176.0,0.4,-1.0,0.0174193386149441,150.0,0.5,-1.06,18847.61493026173,0.016613054142401606,75.0,6963
7,2504704.0,0.7,-1.2,0.0258542896989321,50.0,1.1,-1.23,24654.480840946275,0.023068405652294954,75.0,3480
8,10018816.0,0.4,-1.1,0.0057214374564119,25.0,0.4,-1.1,444.1702239841846,0.0057214374564119,25.0,58704
9,40075264.0,0.4,-1.1,0.0072302711359004,200.0,0.38,-1.1,86.1167848920385,0.005265199251300534,100.0,66042
