layer,total_samples,initial_r,initial_eta,kstest_stat_initial,initial_exclude_cutoff,best_r,best_eta,best_scale,kstest_stat_best,best_exclude_cutoff,n_pval_0.05
2,2006.0,0.5,-0.3,0.0145009660716471,0.0,0.7,-0.53,1430.9769812492145,0.014391988830151525,0.0,8565
3,8024.0,0.8,-1.0,0.0077221142973744,0.0,0.79,-1.0,1115.6631147914998,0.007487544962927584,0.0,34272
4,32096.0,1.3,-1.2,0.0100093841409972,75.0,1.66,-1.2,533.1069375193421,0.01000117573758419,175.0,18054
5,128384.0,1.1,-1.3,0.0271899999999998,0.0,1.1,-1.3,193.54558890915484,0.0271899999999998,0.0,2538
6,513536.0,0.9,-1.3,0.0543599999999998,0.0,0.9,-1.3,35.24271285071703,0.0543599999999998,0.0,631
7,2054144.0,0.3,-1.3,0.0888599999999997,0.0,0.3,-1.3,0.3602829072977372,0.0888599999999997,0.0,235
8,8216576.0,1.1,-1.3,0.1246299999999998,0.0,1.1,-1.3,2.059672378751386,0.1246299999999998,0.0,115
9,32866304.0,0.2,-0.3,0.1637199999999997,0.0,0.2,-0.3,4.193027597413486e-06,0.1637199999999997,0.0,69
