band,obs_var,var_lower,var_upper,obs_kurt,kurt_lower,kurt_upper,total_samples
12,6613959210289.121,5791161092391.714,7988568857797.571,38.971758913457535,5.948983429195014,119.58696348274201,101376.0
13,185417481845669.7,149566688558105.03,227753007434335.38,64.7751531075963,40.78504752108726,98.35987884092029,141312.0
15,448614785716070.75,413451815352351.56,486616803333954.44,8.012532538244745,5.545527250140148,12.42620868247013,281088.0
16,760315303959108.4,709716901645770.8,815295499087852.1,5.216231324585351,3.6237649905520155,8.846067316470728,394752.0
