band,total_samples,initial_r,initial_eta,kstest_stat_initial,initial_exclude_cutoff,best_r,best_eta,best_scale,kstest_stat_best,best_exclude_cutoff,n_pval_0.05
12,101376.0,0.2,10.0,0.0033008691608595,200.0,0.2,10.0,7002.865031952856,0.0033008691608595,200.0,171072
13,141312.0,0.1,0.3,0.0321416003576033,500.0,0.25,-0.1,10000000000.0,0.024262577808673823,600.0,3142
15,281088.0,0.2,0.1,0.0201041352504058,25.0,0.2,0.1,4555264995.892092,0.0201041352504058,25.0,4392
16,394752.0,0.2,2.2,0.0027158962560659,0.0,0.22,1.8,2091173682.0991921,0.002423422541879966,0.0,316156
