band,total_samples,initial_r,initial_eta,kstest_stat_initial,initial_exclude_cutoff,best_r,best_eta,best_scale,kstest_stat_best,best_exclude_cutoff,n_pval_0.05
12,101376.0,0.2,10.0,0.0033008691608595,200.0,0.2,10.0,7002.865031952856,0.0033008691608595,200.0,171072
13,141312.0,0.1,0.3,0.0321416003576033,500.0,0.09,0.6,0.005243827648532261,0.028688165134744037,600.0,2208
15,281088.0,0.7,-1.0,0.0074263915927301,25.0,0.7,-1.01,548661148804041.75,0.006407478468406447,0.0,44469
16,394752.0,0.5,0.1,0.0015468282797755,50.0,0.48,0.1,44873571585874.9,0.001179963636361303,25.0,1332288
