layer,obs_var,var_lower,var_upper,obs_kurt,kurt_lower,kurt_upper,total_samples,initial_r,initial_eta,initial_scale,kstest_stat_initial,kstest_stat_cutoff_0.05,best_r_eta0,best_scale_eta0,kstest_stat_eta0,best_r,best_eta,best_scale,kstest_stat_best,iter1_r,iter1_eta,kstest_stat_iter1,n_pval_0.05
2,17099.889,16011.852,18265.586,4.485044,2.9165723,6.961125,27208.0,5.0,-1.02,55947.0808441868,0.0138838396471444,0.0082273201196278,6.0,1.2309366702380131,0.161637056761539,4.9,-1.022,56121.86564748772,0.013676345802732026,4.9,-1.022,0.013676345802732026,10203
3,4439.3,4054.7725,4889.472,11.245152,5.99543,23.181372,108832.0,0.3,-1.32,1197.310229477401,0.1319199999999997,0.0041152012481055,6.0,1.2309366702380131,0.2781263292573621,0.29,-1.314,925.4025776860207,0.13191999999999987,0.29,-1.314,0.13191999999999987,106
4,1375.08,1259.3827,1507.2485,9.946786,6.1666327,20.850872,333298.0,0.69,-1.3,4653.092815213842,0.0750499999999997,0.0023519198649528,5.9,1.2301191292564453,0.3411085222530978,0.682,-1.28,4105.87764561302,0.0750499999999999,0.682,-1.28,0.0750499999999999,325
5,383.26047,347.3553,432.7304,15.705746,6.790785,61.446915,1149538.0,2.1,-1.3,2461.376447746848,0.0397575347967097,0.0012665428950382,5.9,1.2301191292564453,0.3956231906713729,2.0,-1.3,2448.4088168247627,0.03975726460505008,2.0,-1.3,0.03975726460505008,1122
6,87.51157,79.34671,97.93656,14.393824,7.2342567,41.99023,4251250.0,1.8,-1.22,409.02834865909904,0.0111233236573112,0.000658638529926,5.8,1.2292369808185082,0.4383813505104785,1.87,-1.222,414.687688151661,0.010645981963611106,1.87,-1.222,0.010645981963611106,16606
7,18.372211,16.360151,21.66049,26.509922,9.413936,122.68572,17005000.0,0.6,-1.15,24.788783029599745,0.0125549859051772,0.000329329071013,5.8,1.2292369808185082,0.464897049532845,0.63,-1.159,28.407012508160538,0.011841591111714789,0.63,-1.159,0.011841591111714789,13297
8,3.8332431,3.3161283,4.8357596,50.959682,13.018395,233.18788,68020000.0,0.29,-0.9,0.0734434034886917,0.0119548405980149,0.0001646669863926,5.8,1.2292369808185082,0.4800395523319503,0.294,-0.91,0.0850853825274786,0.011954355078269474,0.294,-0.91,0.011954355078269474,12454
9,0.72233033,0.5891063,1.1820134,243.18805,15.044268,913.0235,272080000.0,0.5,-1.01,0.3722584673263244,0.0234549389823647,8.233410583957582e-05,0.03,2.121793910460408e-61,0.48034,0.5,-1.01,0.37225846732632445,0.02345422753481874,0.5,-1.01,0.02345422753481874,3501
