layer,obs_var,var_lower,var_upper,obs_kurt,kurt_lower,kurt_upper,total_samples
2,8327.673,7757.876,8938.27,5.539157,3.5776293,8.374949,13604.0
3,1202.7118,1089.3044,1329.5233,13.08885,9.018444,19.64875,54416.0
4,481.69016,438.48044,529.3958,11.107946,7.7114415,20.912415,166649.0
5,131.08534,119.75195,143.2729,10.210282,7.3167024,15.086034,574769.0
6,34.236774,31.205149,37.663357,11.394091,7.3500323,22.88623,2125625.0
7,8.272123,7.3869514,9.387478,19.578783,10.490964,55.20462,8502500.0
8,1.7992524,1.5502356,2.246931,49.43021,14.174963,222.78952,34010000.0
9,0.32116124,0.26625547,0.5110867,205.94824,11.414248,832.41626,136040000.0
