layer,obs_var,var_lower,var_upper,obs_kurt,kurt_lower,kurt_upper,total_samples
2,1795.1691,1620.6647,1974.7477,0.3451538,-0.0064307274,0.75710523,1604.0
3,398.85287,375.7803,422.44464,1.3045974,0.9823191,1.6583192,6416.0
4,75.17232,70.8667,79.654144,3.1063814,2.3902714,4.1297936,25664.0
5,12.824615,11.970236,13.719682,5.086216,4.051023,6.510899,102656.0
6,2.1049044,1.9331717,2.292341,9.064898,6.611529,14.611229,410624.0
7,0.36033297,0.3242381,0.40195668,15.206017,10.074872,30.743454,1642496.0
8,0.08088334,0.070468076,0.095206864,31.452896,15.348648,101.010895,6569984.0
9,0.018881952,0.015681237,0.024168553,68.13916,25.104471,255.65665,26279936.0
