layer,obs_var,var_lower,var_upper,obs_kurt,kurt_lower,kurt_upper,total_samples,kstest_stat_initial,initial_r,initial_eta,initial_scale,initial_exclude_cutoff,best_augmented_var,kstest_stat_cutoff_0.05
2,1795.1691,1620.6647,1974.7477,0.3451538,-0.0064307274,0.75710523,1604.0,0.015188414854391652,8.7,0.0,3080.0822054061614,0.0,1795.1691,0.033804382765303224
3,398.85287,375.7803,422.44464,1.3045974,0.9823191,1.6583192,6416.0,0.005776368931769693,7.8,-0.6,876.882419548253,0.0,398.85287,0.016928848255368546
4,75.17232,70.8667,79.654144,3.1063814,2.3902714,4.1297936,25664.0,0.004912341738497972,20.0,-1.0,231.20356733079745,0.0,75.17232,0.008471003560381446
5,12.824615,11.970236,13.719682,5.086216,4.051023,6.510899,102656.0,0.006930340206306673,2.0,-1.1,40.711684537906265,200.0,11.511178,0.004237135996393022
6,2.1049044,1.9331717,2.292341,9.064898,6.611529,14.611229,410624.0,0.012723072838166816,0.6,-1.1,2.3939145213823796,0.0,2.1049044,0.002118975219285392
7,0.36033297,0.3242381,0.40195668,15.206017,10.074872,30.743454,1642496.0,0.017018388271959395,0.7,-1.2,0.6677636118680924,150.0,0.30611995,0.0010595892481240078
8,0.08088334,0.070468076,0.095206864,31.452896,15.348648,101.010895,6569984.0,0.006300465175951453,0.3,-1.0,0.002821921861384895,25.0,0.07502241,0.0005298200128246353
9,0.018881952,0.015681237,0.024168553,68.13916,25.104471,255.65665,26279936.0,0.01455546938875038,0.1,-0.1,3.2829892178104375e-15,150.0,0.013629614,0.0002649163509945643
