layer,total_samples,initial_r,initial_eta,kstest_stat_initial,initial_exclude_cutoff,best_r,best_eta,best_scale,kstest_stat_best,best_exclude_cutoff,n_pval_0.05
2,1604.0,8.7,0.0,0.0151884148543916,0.0,8.7,0.0,3080.0822054061614,0.0151884148543916,0.0,8119
3,6416.0,7.8,-0.6,0.0057763689317696,0.0,7.8,-0.6,876.882419548253,0.0057763689317696,0.0,54810
4,25664.0,20.0,-1.0,0.0049123417384979,0.0,20.0,-1.0,231.20356733079743,0.0049123417384979,0.0,73081
5,102656.0,2.0,-1.1,0.0069303402063066,200.0,1.6,-1.09,38.261310324918355,0.0065357118485444565,150.0,43308
6,410624.0,0.6,-1.1,0.0127230728381668,0.0,0.8,-1.13,4.105548797506444,0.011883972992613623,75.0,12832
7,1642496.0,0.7,-1.2,0.0170183882719593,150.0,1.1,-1.24,1.309793840465804,0.012636069923231796,100.0,12180
8,6569984.0,0.3,-1.0,0.0063004651759514,25.0,0.31,-1.0,0.003419334204708249,0.005900326049638194,50.0,51328
9,26279936.0,0.1,-0.1,0.0145554693887503,150.0,0.1,-0.11,3.589357040106377e-15,0.014274810378505975,125.0,9133
