band,obs_var,var_lower,var_upper,obs_kurt,kurt_lower,kurt_upper,total_samples
12,9492903255554.807,8398921130576.632,11098509662788.926,28.038400243855307,6.124214699596716,75.23985895441288,190080.0
13,325474134950966.3,262644294101547.97,403353430147026.1,67.75899212420123,38.06714808847287,126.25333110156912,264960.0
15,543820171220425.9,507636524952446.9,582076073127421.5,5.069390865400516,3.7246411588281125,7.199852613290554,527040.0
16,518054489096543.25,485185780354595.2,553802386548734.44,4.525186620294764,3.027823556810113,7.637600111656077,740160.0
