layer,obs_var,var_lower,var_upper,obs_kurt,kurt_lower,kurt_upper,total_samples,kstest_stat_initial,initial_r,initial_eta,initial_scale,initial_exclude_cutoff,best_augmented_var,kstest_stat_cutoff_0.05
2,16011.664,14690.25,17381.615,2.2615337,1.7337931,2.831424,4000,0.055625571158748555,6.6,-0.8,40778.98859749485,0.0,16011.664,0.02143129655391987
3,3712.3643,3488.4324,3943.95,3.7075682,3.1174285,4.3309007,16000,0.04109347050660106,5.0,-1.0,10941.376581974104,25.0,3440.5693,0.010726238002182146
4,915.2284,852.9024,979.29755,5.2408,4.4119997,6.1642284,64000,0.028553248005732945,1.3,-1.1,2634.399527342172,50.0,869.128,0.0053657448373593646
5,218.39336,202.24422,235.25366,6.6163197,5.576221,7.829132,256000,0.01942741469252479,3.4,-1.2,799.4367600094178,500.0,171.39806,0.0026835261713661143
6,50.53737,46.481926,54.821392,8.2926655,7.0022597,9.8034725,1024000,0.023005519107847316,0.8,-1.2,101.34583375655234,500.0,38.332214,0.001341926185121823
7,11.684985,10.673151,12.755381,10.000715,8.452784,11.83235,4096000,0.04233999999999982,0.9,-1.3,53.736195150222116,0.0,11.684985,0.0006710038250523961
8,2.6944726,2.445872,2.957434,11.572262,9.690963,13.80792,16384000,0.07418999999999981,0.2,-1.0,0.001914155214631289,0.0,2.6944726,0.0003355120903509215
9,0.660582,0.59669536,0.72842324,13.248249,11.008294,15.862468,65536000,0.11293999999999976,0.3,-1.3,0.1490843241260979,0.0,0.660582,0.00016775858896935606
10,0.17840211,0.1599681,0.19804941,15.226164,12.574784,18.183846,262144000,0.1554399999999998,0.3,-1.3,0.04026291647460282,0.0,0.17840211,8.387993035035688e-05
