layer,obs_var,var_lower,var_upper,obs_kurt,kurt_lower,kurt_upper,total_samples
2,,,,,,,0.0
3,494039.78,407189.34,588713.56,0.88256,0.16585357,1.6045134,564.0
4,400323.56,368729.16,432666.44,7.5909405,6.9264545,8.314296,22538.0
5,104488.03,97556.76,111760.69,4.963213,4.332718,5.779861,296776.0
6,15294.347,13971.815,16709.822,10.046544,8.163589,12.464459,2880648.0
7,1184.3549,1078.1161,1301.0117,11.324915,8.531252,17.346365,25362406.0
8,54.80203,46.03959,79.17293,130.0629,10.068859,558.40063,213093688.0
