band,obs_var,var_lower,var_upper,obs_kurt,kurt_lower,kurt_upper,total_samples
2,35.88727,30.641384,46.65117,65.89916,13.781148,296.15616,100000.0
3,24.758545,19.83186,36.92828,162.77634,23.852161,631.2639,100000.0
4,22.72468,17.678385,34.93006,197.77542,34.771286,726.76904,100000.0
5,12.426384,9.773512,17.029331,118.88101,39.747658,404.58066,100000.0
6,11.324831,8.469781,19.275143,315.0392,43.752625,1045.2408,100000.0
7,4.456651,3.3131666,7.181781,259.6361,46.254585,877.5359,100000.0
8,0.9880069,0.73545843,1.6185975,274.4691,43.901524,923.93384,100000.0
9,0.2889793,0.20449467,0.5506152,507.02417,57.01441,1501.1382,100000.0
