band,obs_var,var_lower,var_upper,obs_kurt,kurt_lower,kurt_upper,total_samples,kstest_stat_initial,initial_r,initial_eta,initial_scale,initial_exclude_cutoff,best_augmented_var,kstest_stat_cutoff_0.05
2,35.88727,30.641384,46.651165,65.89917,13.781148,296.15616,12238722.0,0.0034182798124908764,0.5,-1.0,14.580486297607422,100.0,29.160973,0.00038819330504490573
3,24.758545,19.83186,36.92828,162.77634,23.85216,631.2639,14505152.0,0.003846386961254833,0.3,-0.9,0.4512271183723842,100.0,18.107273,0.00035657933873210426
4,22.72468,17.678387,34.93006,197.7754,34.771286,726.769,17678154.0,0.003977490245179349,0.1,-0.3,1.7754546421472663e-11,0.0,22.72468,0.00032299825743492067
5,12.426384,9.773512,17.029333,118.881004,39.74766,404.58075,20851156.0,0.007430959515494856,0.1,-0.2,3.37833585129235e-12,150.0,7.9274306,0.000297409318363147
6,11.324833,8.469781,19.275143,315.0391,43.7526,1045.2406,24930730.0,0.007124689562041136,0.1,-0.2,2.631871353551641e-12,200.0,6.175815,0.0002719901275075811
7,4.456651,3.3131666,7.181781,259.6361,46.254593,877.5362,29916876.0,0.007145768559575605,0.1,-0.1,5.723050272412171e-13,200.0,2.375974,0.0002482924122914614
8,0.9880069,0.7354585,1.6185976,274.4691,43.901524,923.93396,35809594.0,0.010031292315728857,0.1,0.2,2.2439977323188653e-14,350.0,0.4325356,0.0002269460916795423
9,0.2889793,0.20449467,0.5506152,507.02417,57.014404,1501.1382,57567322.0,0.010819276443235881,0.1,0.3,2.7843372249902953e-15,500.0,0.08523856,0.0001789930941582416
