band,obs_var,var_lower,var_upper,obs_kurt,kurt_lower,kurt_upper,total_samples,kstest_stat_initial,initial_r,initial_eta,initial_scale,initial_exclude_cutoff,best_augmented_var,kstest_stat_cutoff_0.05,kstest_stat_best,best_r,best_eta,best_scale,best_exclude_cutoff,n_pval_0.05
2,35.88727,30.641384,46.65117,65.89916,13.781148,296.15616,100000.0,0.0034182712642968,0.5,-1.0,14.580484390258787,100.0,32.3190803527832,0.004293014618329405,0.0011513568303785915,0.4,-0.95,5.589634273001104,25.0,1441624
3,24.758545,19.83186,36.92828,162.77634,23.852161,631.2639,100000.0,0.0038463912109615,0.3,-0.9,0.4512271659028667,100.0,19.775510787963867,0.004293014618329405,0.002212176643198005,0.3,-0.93,0.5543575584777983,50.0,379687
4,22.72468,17.678385,34.93006,197.77542,34.771286,726.76904,100000.0,0.0039774902451793,0.1,-0.3,1.7754546421472663e-11,0.0,22.724679946899414,0.004293014618329405,0.002557899784917928,0.1,-0.32,2.013688320448203e-11,0.0,284764
5,12.426384,9.773512,17.029331,118.88101,39.747658,404.58066,100000.0,0.0074309629609669,0.1,-0.2,3.3783360545001914e-12,150.0,8.71647834777832,0.004293014618329405,0.006186492746187464,0.09,-0.1,2.502964624315918e-14,100.0,50000
6,11.324831,8.469781,19.275143,315.0392,43.752625,1045.2408,100000.0,0.0071246903905762,0.1,-0.2,2.6318711503438e-12,200.0,7.081362247467041,0.004293014618329405,0.006927466897098111,0.08,0.1,1.85913560556726e-17,125.0,37500
7,4.456651,3.3131666,7.181781,259.6361,46.254585,877.5359,100000.0,0.0071457685595756,0.1,-0.1,5.723050272412172e-13,200.0,2.375974,0.004293014618329405,0.0071457685595756,0.1,-0.1,5.723050272412172e-13,200.0,37500
8,0.9880069,0.73545843,1.6185975,274.4691,43.901524,923.93384,100000.0,0.0100312923157287,0.1,0.2,2.2439977323188653e-14,350.0,0.4620831310749054,0.004293014618329405,0.008501179561314576,0.08,0.6,7.674193153310384e-20,300.0,25000
9,0.2889793,0.20449467,0.5506152,507.02417,57.01441,1501.1382,100000.0,0.0108192730357887,0.1,0.3,2.784337468365226e-15,500.0,0.08249280601739883,0.004293014618329405,0.008951212898372125,0.09,0.6,6.327377785859301e-18,525.0,23728
