band,total_samples,initial_r,initial_eta,kstest_stat_initial,initial_exclude_cutoff,best_r,best_eta,best_scale,kstest_stat_best,best_exclude_cutoff,n_pval_0.05
2,100000.0,0.5,-1.0,0.0034182712642968,100.0,0.4,-0.95,5.589634273001104,0.0011513568303785915,25.0,1441624
3,100000.0,0.3,-0.9,0.0038463912109615,100.0,0.3,-0.93,0.5543575584777983,0.002212176643198005,50.0,379687
4,100000.0,0.1,-0.3,0.0039774902451793,0.0,0.1,-0.32,2.013688320448203e-11,0.002557899784917928,0.0,284764
5,100000.0,0.1,-0.2,0.0074309629609669,150.0,0.09,-0.1,2.502964624315918e-14,0.006186492746187464,100.0,50000
6,100000.0,0.1,-0.2,0.0071246903905762,200.0,0.08,0.1,1.85913560556726e-17,0.006927466897098111,125.0,37500
7,100000.0,0.1,-0.1,0.0071457685595756,200.0,0.1,-0.1,5.723050272412172e-13,0.0071457685595756,200.0,37500
8,100000.0,0.1,0.2,0.0100312923157287,350.0,0.08,0.6,7.674193153310384e-20,0.008501179561314576,300.0,25000
9,100000.0,0.1,0.3,0.0108192730357887,500.0,0.09,0.6,6.327377785859301e-18,0.008951212898372125,525.0,23728
