layer,obs_var,var_lower,var_upper,obs_kurt,kurt_lower,kurt_upper,total_samples
2,9009.5205,8357.892,9693.169,3.904688,3.1844425,4.6635294,7072
3,2508.8823,2336.0203,2689.5996,5.438513,4.410655,6.578648,28288
4,742.1676,684.24963,803.20996,7.586382,6.240423,9.127277,113152
5,195.76643,179.65807,212.8093,9.051437,7.4827414,10.965381,452608
6,48.50925,44.161617,53.097054,10.765065,8.997506,12.829789,1810432
7,11.450173,10.368084,12.601543,12.55477,10.53835,14.929124,7241728
8,2.6441696,2.3794236,2.9256628,14.100521,11.723159,16.945967,28966912
9,0.6562108,0.5886305,0.7279306,15.118731,12.41683,18.371819,115867648
10,0.19170885,0.17230664,0.2126985,14.454342,11.625781,17.602446,463470592
