layer,obs_var,var_lower,var_upper,obs_kurt,kurt_lower,kurt_upper,total_samples
2,9030.142,8175.746,9933.516,3.7302904,2.9276698,4.5664372,4000
3,2435.9912,2272.3716,2608.6028,5.22517,4.2148666,6.3924637,16000
4,738.67975,680.78595,798.8487,7.6561794,6.2442694,9.261974,64000
5,198.20007,181.34926,215.92778,9.336671,7.684987,11.315386,256000
6,49.50636,45.094315,54.224213,10.842089,9.090936,12.832723,1024000
7,11.688205,10.574771,12.8710785,12.554486,10.613249,14.772611,4096000
8,2.688385,2.4198246,2.9735565,13.938999,11.6623,16.595562,16384000
9,0.6605228,0.59260017,0.7329029,15.165461,12.488104,18.324146,65536000
10,0.19276091,0.17324772,0.21363439,14.628241,11.787691,17.827797,262144000
