layer,obs_var,var_lower,var_upper,obs_kurt,kurt_lower,kurt_upper,total_samples
2,8230.408,7783.147,8690.51,1.2684517,0.98046523,1.5886981,7072
3,2326.2512,2201.3545,2455.8225,2.4668746,2.0445206,2.9692621,28288
4,657.56805,616.9691,700.38666,3.9932318,3.0871768,7.079788,113152
5,171.95226,160.5362,183.94604,5.0923557,4.030987,7.3041496,452608
6,42.03038,38.943745,45.374607,6.706362,4.9630013,12.8924,1810432
7,9.800834,9.005741,10.807476,10.143662,5.8825846,34.744232,7241728
8,2.2061172,2.010766,2.4880788,14.195847,6.772837,61.136448,28966912
9,0.5046779,0.4553687,0.58520293,20.279743,8.067312,93.38536,115867648
10,0.11724705,0.104318775,0.13930881,28.379196,10.106741,137.12682,463470592
