layer,obs_var,var_lower,var_upper,obs_kurt,kurt_lower,kurt_upper,total_samples,kstest_stat_initial,initial_r,initial_eta,initial_scale,initial_exclude_cutoff,best_augmented_var,kstest_stat_cutoff_0.05,kstest_stat_best,best_r,best_eta,best_scale,best_exclude_cutoff,n_pval_0.05
2,8230.408,7783.147,8690.51,1.2684517,0.98046523,1.5886981,7072,0.0105588214370117,4.5,-0.4,16102.058698486955,0.0,8230.408,0.01612577750721614,0.0105588214370117,4.5,-0.4,16102.058698486955,0.0,15912
3,2326.2512,2201.3545,2455.8225,2.4668746,2.0445206,2.9692621,28288,0.0036363172941497,1.2,-0.6,3196.6768588573527,0.0,2326.251220703125,0.008068854211971187,0.0033891230983815746,1.1,-0.57,2823.6512988625805,0.0,161109
4,657.56805,616.9691,700.38666,3.9932318,3.0871768,7.079788,113152,0.0038830288697494,0.9,-0.8,816.9091712698431,0.0,657.5680541992188,0.0040359092726554024,0.002914053676969043,0.8,-0.74,615.5828801950985,0.0,214812
5,171.95226,160.5362,183.94604,5.0923557,4.030987,7.3041496,452608,0.0042250720653028,0.8,-0.9,210.7131656087088,0.0,171.95225524902344,0.002018324026021024,0.0033997003146899463,0.7,-0.84,146.13746266974124,0.0,161109
6,42.03038,38.943745,45.374607,6.706362,4.9630013,12.8924,1810432,0.0040802442536133,0.6,-0.9,27.935042526757023,0.0,42.03038024902344,0.0010092542162957218,0.003303385974092521,0.6,-0.89,27.313906391129336,0.0,169728
7,9.800834,9.005741,10.807476,10.143662,5.8825846,34.744232,7241728,0.0056394868739839,0.5,-0.9,3.71243700836644,0.0,9.800833702087402,0.0005046501409454036,0.004001704935168382,0.5,-0.88,3.528525958412804,0.0,113152
8,2.2061172,2.010766,2.4880788,14.195847,6.772837,61.136448,28966912,0.0060003141776645,0.4,-0.8,0.2351119202054936,25.0,2.2061171531677246,0.0002523308264179366,0.004731677276170909,0.4,-0.82,0.25843028592677175,0.0,84864
9,0.5046779,0.4553687,0.58520293,20.279743,8.067312,93.38536,115867648,0.0060014551435636,0.3,-0.7,0.0063277165446777,0.0,0.5046778917312622,0.00012616685191353853,0.005021636404500873,0.31,-0.7,0.008216725031893206,0.0,71604
10,0.11724705,0.104318775,0.13930881,28.379196,10.106741,137.12682,463470592,0.0053418082035485,0.2,-0.2,2.675801138736783e-06,25.0,0.11060131341218948,6.30837855989912e-05,0.005256471511210947,0.2,-0.19,2.5962713850266264e-06,25.0,63648
