layer,obs_var,var_lower,var_upper,obs_kurt,kurt_lower,kurt_upper,total_samples,kstest_stat_initial,initial_r,initial_eta,initial_scale,initial_exclude_cutoff,best_augmented_var,kstest_stat_cutoff_0.05
2,8230.408,7783.147,8690.51,1.2684517,0.98046523,1.5886981,7072,0.0105588214370117,4.5,-0.4,16102.058698486955,0.0,8230.408,0.01612577750721614
3,2326.2512,2201.3545,2455.8225,2.4668746,2.0445206,2.9692621,28288,0.00363631729414976,1.2,-0.6,3196.6768588573527,0.0,2326.2512,0.008068854211971187
4,657.56805,616.9691,700.38666,3.9932318,3.0871768,7.079788,113152,0.0038830288697494497,0.9,-0.8,816.9091712698431,0.0,657.56805,0.0040359092726554024
5,171.95226,160.5362,183.94604,5.0923557,4.030987,7.3041496,452608,0.004225072065302871,0.8,-0.9,210.7131656087088,0.0,171.95226,0.002018324026021024
6,42.03038,38.943745,45.374607,6.706362,4.9630013,12.8924,1810432,0.004080244253613363,0.6,-0.9,27.935042526757023,0.0,42.03038,0.0010092542162957218
7,9.800834,9.005741,10.807476,10.143662,5.8825846,34.744232,7241728,0.005639486873983968,0.5,-0.9,3.71243700836644,0.0,9.800834,0.0005046501409454036
8,2.2061172,2.010766,2.4880788,14.195847,6.772837,61.136448,28966912,0.006000314177664556,0.4,-0.8,0.23511192020549368,25.0,2.1194665,0.0002523308264179366
9,0.5046779,0.4553687,0.58520293,20.279743,8.067312,93.38536,115867648,0.00600145514356365,0.3,-0.7,0.00632771654467775,0.0,0.5046779,0.00012616685191353853
10,0.11724705,0.104318775,0.13930881,28.379196,10.106741,137.12682,463470592,0.00534180820354857,0.2,-0.2,2.675801138736783e-06,25.0,0.11060131,6.30837855989912e-05
