layer,obs_var,var_lower,var_upper,obs_kurt,kurt_lower,kurt_upper,total_samples,kstest_stat_initial,initial_r,initial_eta,initial_scale,initial_exclude_cutoff,best_augmented_var,kstest_stat_cutoff_0.05
2,9009.5205,8357.892,9693.169,3.904688,3.1844425,4.6635294,7072,0.00805986285090357,0.8,-0.6,6941.793759590983,0.0,9009.5205,0.01612577750721614
3,2508.8823,2336.0203,2689.5996,5.438513,4.410655,6.578648,28288,0.007120183045929318,1.0,-1.0,5017.7646484375,0.0,2508.8823,0.008068854211971187
4,742.1676,684.24963,803.20996,7.586382,6.240423,9.127277,113152,0.007313658746188945,0.8,-1.1,1319.47585822093,100.0,684.1819,0.0040359092726554024
5,195.76643,179.65807,212.8093,9.051437,7.4827414,10.965381,452608,0.012547817007527717,2.1,-1.2,663.1347450396041,500.0,146.54698,0.002018324026021024
6,48.50925,44.161617,53.097054,10.765065,8.997506,12.829789,1810432,0.032159999999999744,8.4,-1.3,307.03831964944044,0.0,48.50925,0.0010092542162957218
7,11.450173,10.368084,12.601543,12.55477,10.53835,14.929124,7241728,0.06712999999999986,0.9,-1.3,52.656357083469935,0.0,11.450173,0.0005046501409454036
8,2.6441696,2.3794236,2.9256628,14.100521,11.723159,16.945967,28966912,0.11148999999999976,0.3,-1.3,0.5967529080482111,0.0,2.6441696,0.0002523308264179366
9,0.6562108,0.5886305,0.7279306,15.118731,12.41683,18.371819,115867648,0.15910999999999975,0.3,-1.3,0.14809779823960484,0.0,0.6562108,0.00012616685191353853
10,0.19170885,0.17230664,0.2126985,14.454342,11.625781,17.602446,463470592,0.2093299999999998,0.2,8.1,6.146973144397727e-10,0.0,0.19170885,6.30837855989912e-05
