layer,total_samples,initial_r,initial_eta,kstest_stat_initial,initial_exclude_cutoff,best_r,best_eta,best_scale,kstest_stat_best,best_exclude_cutoff,n_pval_0.05
2,7072,0.8,-0.6,0.0080598628509035,0.0,0.8,-0.6,6941.793759590983,0.0080598628509035,0.0,28669
3,28288,1.0,-1.0,0.0071201830459293,0.0,1.4,-1.04,6983.4686941861755,0.006413633520224615,0.0,45310
4,113152,0.8,-1.1,0.0073136587461889,100.0,1.2,-1.15,2275.660719846331,0.006803687228163269,75.0,40276
5,452608,2.1,-1.2,0.0125478170075277,500.0,1.7,-1.23,728.7794225649947,0.012498271893585433,400.0,11934
6,1810432,8.4,-1.3,0.0321599999999997,0.0,8.4,-1.3,307.03831964944044,0.0321599999999997,0.0,1768
7,7241728,0.9,-1.3,0.0671299999999998,0.0,0.9,-1.3,52.656357083469935,0.0671299999999998,0.0,418
8,28966912,0.3,-1.3,0.1114899999999997,0.0,0.3,-1.3,0.5967529080482111,0.1114899999999997,0.0,138
9,115867648,0.3,-1.3,0.1591099999999997,0.0,0.3,-1.3,0.1480977982396048,0.1591099999999997,0.0,67
10,463470592,0.2,8.1,0.2093299999999998,0.0,0.2,8.1,6.146973144397727e-10,0.2093299999999998,0.0,-1
