layer,obs_var,var_lower,var_upper,obs_kurt,kurt_lower,kurt_upper,total_samples
2,150199.61,85008.82,248364.75,411.5678,85.166885,581.2459,9000.0
3,33515.562,19958.826,52689.492,366.28333,101.32568,561.9847,36000.0
4,8690.716,4650.6553,15441.943,584.8112,124.448715,1337.454,144000.0
5,1600.9619,772.05316,3722.8345,1309.7212,95.40087,3193.4438,576000.0
6,339.5192,152.1231,1059.8397,2687.2104,93.11147,4763.5063,2304000.0
7,87.08632,35.836773,371.80548,4823.476,72.400955,6356.323,9216000.0
8,29.88356,15.550574,79.51214,1685.9159,80.564125,3720.928,36864000.0
9,8.940126,4.773328,23.29484,1591.2537,83.6089,3578.0354,147456000.0
10,1.3539953,0.687269,4.314201,2561.7036,78.23044,4657.2515,589824000.0
