layer,obs_var,var_lower,var_upper,obs_kurt,kurt_lower,kurt_upper,total_samples,kstest_stat_initial,initial_r,initial_eta,initial_scale,initial_exclude_cutoff,best_augmented_var,kstest_stat_cutoff_0.05,kstest_stat_best,best_r,best_eta,best_scale,best_exclude_cutoff,n_pval_0.05
2,150198.14,85009.77,248359.05,411.54047,85.16719,581.20276,9000,0.01291060609031,0.1,2.1,4.237963557897993e-12,25.0,49061.00390625,0.014296961166644029,0.012329051281858017,0.09,2.5,7.445190090259929e-15,25.0,12811
3,33515.44,19958.848,52689.242,366.28464,101.323944,561.9773,36000,0.0112340636048164,0.1,1.8,1.5983257759840453e-12,200.0,8979.40625,0.007153161548533642,0.01106352908674002,0.09,2.1,3.894479246526672e-15,175.0,15187
4,8690.679,4650.4634,15441.654,584.8118,124.45956,1337.5199,144000,0.0088034709864962,0.1,1.6,5.651443092792329e-13,500.0,1864.9503173828125,0.003577744605964338,0.007760828965098946,0.09,1.8,1.9089885330750395e-15,425.0,30375
5,1600.9783,772.0278,3722.795,1309.71,95.39149,3193.552,576000,0.0078179143158972,0.1,1.7,8.807122046218626e-14,350.0,339.471923828125,0.001789162458327746,0.007042922041511024,0.11,1.5,8.839585708098037e-12,400.0,36000
6,339.47144,152.13828,1059.4952,2686.0984,93.13986,4761.9736,2304000,0.005392103284187,0.1,2.6,2.087537351871875e-15,300.0,75.70276641845703,0.0008946536675937644,0.005112321692668731,0.11,2.3,2.9212992000305927e-13,325.0,72000
7,87.09768,35.839172,371.94412,4825.4297,72.40149,6356.898,9216000,0.0037430957850161,0.1,3.5,9.35314403325472e-17,250.0,22.607736587524414,0.00044734493084683295,0.0032093032109368202,0.09,3.8,1.9761335472113742e-19,200.0,182250
8,29.885605,15.551421,79.539055,1686.6677,80.563995,3720.5022,36864000,0.0021909896982331,0.1,2.7,2.262046809457937e-16,150.0,10.488604545593262,0.00022367698811616015,0.002190433074926279,0.11,2.3,4.0474547388546205e-14,150.0,389236
9,8.939856,4.773542,23.292429,1590.2899,83.61861,3577.24,147456000,0.0038092322898495,0.1,2.2,2.015712365325507e-16,200.0,3.08034610748291,0.00011183962453501836,0.003791290035952688,0.09,2.5,4.674539958013561e-19,175.0,129742
10,1.3529184,0.68768775,4.30009,2542.2495,78.12596,4648.803,589824000,0.0054322421861016,0.1,2.1,3.5406862383198354e-17,250.0,0.4216398298740387,5.5920094864633584e-05,0.004943472711171404,0.09,2.4,8.243314648193374e-20,225.0,72000
