band,obs_var,var_lower,var_upper,obs_kurt,kurt_lower,kurt_upper,total_samples
2,61.580887,55.568512,68.051094,3.888369,2.3452559,5.7461166,3800.0
5,26.014053,24.04903,28.138296,4.000454,2.6588109,5.5711923,6600.0
8,12.062745,11.27011,12.916191,5.020973,3.3976386,6.827848,12800.0
11,5.1174536,4.7859216,5.4768972,4.890358,3.1657596,6.9600263,23600.0
14,2.5326269,2.3543637,2.723265,5.964999,4.144544,8.240971,42600.0
17,1.1106193,1.0298989,1.1986434,6.8311205,4.6231194,9.882161,76600.0
20,0.51861805,0.4790348,0.56178325,7.6190224,5.305815,10.442851,134800.0
23,0.26762676,0.24547908,0.2928821,9.905209,5.223661,16.917023,240000.0
26,0.1926643,0.17482217,0.21437228,13.902239,5.989383,27.466166,436200.0
