layer,obs_var,var_lower,var_upper,obs_kurt,kurt_lower,kurt_upper,total_samples
2,49450.98,19202.867,101513.0,500.5808,93.00581,851.76105,4500.0
3,8568.368,4678.516,14358.227,487.67252,163.08392,789.3829,18000.0
4,1787.5852,838.50275,3350.6365,762.55035,170.14835,1375.0165,72000.0
5,284.27475,138.19907,671.34344,1228.9297,86.79303,3410.6018,288000.0
6,70.41104,35.697952,185.5331,1638.7971,65.57165,3892.7505,1152000.0
7,23.222046,12.280906,72.20069,2538.9705,51.936737,4483.448,4608000.0
8,9.512077,4.864893,27.376392,1990.1256,68.89076,4263.7456,18432000.0
9,1.696372,0.96739095,4.156639,1298.7815,67.88131,3193.1648,73728000.0
10,0.18131718,0.08019314,0.8128614,5574.8564,78.47002,6336.023,294912000.0
