layer,obs_var,var_lower,var_upper,obs_kurt,kurt_lower,kurt_upper,total_samples
2,50280.2,20054.018,100340.91,455.0304,106.14565,781.386,4500.0
3,8955.181,4946.6797,14778.336,462.88254,159.07388,716.4969,18000.0
4,1823.8223,880.48,3428.1868,760.9709,158.13176,1444.7867,72000.0
5,297.2502,146.6265,665.9042,1085.2198,89.61316,3009.7842,288000.0
6,75.383,36.777653,209.50737,1982.857,69.61415,4114.415,1152000.0
7,23.193886,11.982883,71.770645,2506.2192,54.98904,4524.4375,4608000.0
8,9.450824,4.723539,27.452555,2062.8284,69.447235,4360.157,18432000.0
9,1.6505308,0.9248249,4.1226416,1387.7717,65.046135,3325.8765,73728000.0
10,0.17390016,0.076251894,0.8109756,6074.9814,73.32753,6488.4673,294912000.0
