layer,obs_var,var_lower,var_upper,obs_kurt,kurt_lower,kurt_upper,total_samples,kstest_stat_initial,initial_r,initial_eta,initial_scale,initial_exclude_cutoff,best_augmented_var,kstest_stat_cutoff_0.05
2,50280.2,20054.018,100340.91,455.0304,106.14565,781.386,4500.0,0.01215316938393507,0.4,-0.6,587.52548929484,25.0,8600.876,0.02020791513926377
3,8955.181,4946.6797,14778.336,462.88254,159.07388,716.4969,18000.0,0.01009558171757241,0.1,1.8,3.4717883916731417e-13,75.0,1853.7865,0.010113361889707637
4,1823.8223,880.48,3428.1868,760.9709,158.13176,1444.7867,72000.0,0.008646333456195698,0.1,2.0,3.855499600053336e-14,300.0,347.1486,0.005059013921713306
5,297.2502,146.6265,665.9042,1085.2198,89.61316,3009.7842,288000.0,0.004931739280841008,0.1,2.7,1.6730722593625722e-15,300.0,77.576614,0.0025300879366481855
6,75.383,36.777653,209.50737,1982.857,69.61415,4114.415,1152000.0,0.00296745875783384,0.1,3.4,1.260901426693169e-16,200.0,23.87503,0.0012651889283752558
7,23.193886,11.982883,71.770645,2506.2192,54.98904,4524.4375,4608000.0,0.001981953986838092,0.1,3.2,6.735573900091496e-17,150.0,8.703094,0.0006326306686923136
8,9.450824,4.723539,27.452555,2062.8284,69.447235,4360.157,18432000.0,0.0034113520287832877,0.1,2.6,8.840006535499093e-17,150.0,3.2952046,0.0003163243810321388
9,1.6505308,0.9248249,4.1226416,1387.7717,65.046135,3325.8765,73728000.0,0.005218485429565156,0.1,2.3,3.08570318209776e-17,250.0,0.57980883,0.00015816445163252768
10,0.17390016,0.076251894,0.8109756,6074.9814,73.32753,6488.4673,294912000.0,0.007888753207012211,0.1,1.7,1.0322664617186288e-17,350.0,0.041995134,7.908279102599134e-05
