layer,obs_var,var_lower,var_upper,obs_kurt,kurt_lower,kurt_upper,total_samples,kstest_stat_initial,initial_r,initial_eta,initial_scale,initial_exclude_cutoff,best_augmented_var,kstest_stat_cutoff_0.05,kstest_stat_best,best_r,best_eta,best_scale,best_exclude_cutoff,n_pval_0.05
2,49450.98,19202.867,101513.0,500.5808,93.00581,851.76105,4500.0,0.0133224380109342,0.3,-0.3,37.92473617325136,25.0,8567.62109375,0.02020791513926377,0.012664698955057285,0.3,-0.31,38.77981660934211,25.0,11389.0
3,8568.368,4678.516,14358.227,487.67252,163.08392,789.3829,18000.0,0.0105646601729236,0.1,1.9,2.5621951994197273e-13,75.0,1782.67919921875,0.010113361889707637,0.010219123363771176,0.09,2.3,4.516822442358536e-16,75.0,18000.0
4,1787.5852,838.50275,3350.6365,762.55035,170.14835,1375.0165,72000.0,0.0082152871275299,0.1,2.1,2.8210274387128183e-14,300.0,326.5777,0.005059013921713306,0.0082152871275299,0.1,2.1,2.8210274387128183e-14,300.0,27000.0
5,284.27475,138.19907,671.34344,1228.9297,86.79303,3410.6018,288000.0,0.0051162361054598,0.1,3.0,8.449386863667256e-16,300.0,71.58562469482422,0.0025300879366481855,0.005087447815915747,0.1,3.1,6.744611973571464e-16,325.0,72000.0
6,70.41104,35.697952,185.5331,1638.7971,65.57165,3892.7505,1152000.0,0.0030714816507483,0.1,3.8,5.992472367354548e-17,200.0,23.380512,0.0012651889283752558,0.0030714816507483,0.1,3.8,5.992472367354548e-17,200.0,205030.0
7,23.222046,12.280906,72.20069,2538.9705,51.936737,4483.448,4608000.0,0.0020830276090707,0.1,3.6,3.288324490402445e-17,150.0,9.339725494384766,0.0006326306686923136,0.002043435751207745,0.09,4.0,5.580133818916566e-20,125.0,432000.0
8,9.512077,4.864893,27.376392,1990.1256,68.89076,4263.7456,18432000.0,0.0033460894843688,0.1,3.0,3.6542295237033706e-17,200.0,3.2709267139434814,0.0003163243810321388,0.002848477820847406,0.1,2.9,4.622673527035588e-17,175.0,216000.0
9,1.696372,0.96739095,4.156639,1298.7815,67.88131,3193.1648,73728000.0,0.0049944767093589,0.1,2.4,2.521415652140617e-17,250.0,0.614196240901947,0.00015816445163252768,0.004869884012060288,0.1,2.3,3.2687106386642096e-17,225.0,81000.0
10,0.18131718,0.08019314,0.8128614,5574.8564,78.47002,6336.023,294912000.0,0.0074234091198733,0.1,1.7,1.1140757853937481e-17,300.0,0.04645663872361183,7.908279102599134e-05,0.00705911826349509,0.09,2.0,2.662989299139407e-20,275.0,36000.0
