layer,total_samples,initial_r,initial_eta,kstest_stat_initial,initial_exclude_cutoff,best_r,best_eta,best_scale,kstest_stat_best,best_exclude_cutoff,n_pval_0.05
2,4500.0,0.4,-0.6,0.012153169383935,25.0,0.46,-0.7,1464.046966043374,0.011960830503973785,25.0,12811
3,18000.0,0.1,1.8,0.0100955817175724,75.0,0.11,1.5,4.827116321681224e-11,0.00977531600507009,75.0,20250
4,72000.0,0.1,2.0,0.0086463334561956,300.0,0.11,1.6,7.174304177792816e-12,0.008009017250557943,275.0,30375
5,288000.0,0.1,2.7,0.004931739280841,300.0,0.09,3.1,2.9548540385601455e-18,0.004676727498081901,275.0,81000
6,1152000.0,0.1,3.4,0.0029674587578338,200.0,0.1,3.2,1.906275198644074e-16,0.002664117810828396,175.0,273375
7,4608000.0,0.1,3.2,0.001981953986838,150.0,0.1,3.0,1.0402325466673235e-16,0.0017327258272482604,125.0,648000
8,18432000.0,0.1,2.6,0.0034113520287832,150.0,0.09,3.0,1.52684431830858e-19,0.00285231206883102,150.0,216000
9,73728000.0,0.1,2.3,0.0052184854295651,250.0,0.09,2.5,9.281262061266082e-20,0.00460431821849705,200.0,91125
10,294912000.0,0.1,1.7,0.0078887532070122,350.0,0.1,1.5,1.9521345091299352e-17,0.007199268711178292,275.0,36000
