band,obs_var,var_lower,var_upper,obs_kurt,kurt_lower,kurt_upper,total_samples
2,0.04678979,0.04508979,0.048526194,0.020606756,-0.11209585,0.16381383,17756.0
5,0.043077126,0.041537084,0.04464313,-0.029839516,-0.14814983,0.097414285,40916.0
8,0.04236398,0.04083416,0.043918002,0.012266159,-0.11174484,0.148877,95728.0
