band,obs_var,var_lower,var_upper,obs_kurt,kurt_lower,kurt_upper,total_samples
2,186957280.0,173197920.0,201862190.0,6.890562,4.5716124,9.890168,47614.0
5,74748400.0,67541440.0,83462030.0,15.030487,7.1362295,30.144716,102030.0
8,20255970.0,18393948.0,22470306.0,12.860015,6.7155557,27.600863,326496.0
11,4711756.0,4299480.0,5194024.5,11.61629,6.2099423,26.865059,904666.0
14,1357398.5,1235842.4,1525781.4,14.224838,6.182291,52.53932,2727602.0
17,335488.28,298754.66,426276.6,44.881535,6.9344287,256.24863,8298440.0
20,57832.508,47884.688,106602.76,406.07047,7.254397,1292.8892,25140192.0
23,13386.294,11979.867,17777.408,64.43538,4.880279,358.1029,65734528.0
