band,obs_var,var_lower,var_upper,obs_kurt,kurt_lower,kurt_upper,total_samples
2,45.36947,37.192898,62.50434,105.943756,18.967028,423.49338,6075351.0
3,28.48764,22.820335,40.596302,133.39508,25.079496,504.8034,7200416.0
4,28.396727,23.002432,38.076363,95.74211,29.754055,357.59332,8775507.0
5,17.751116,14.454865,22.739864,76.11815,32.262524,242.55634,10350598.0
6,15.278565,12.067231,23.165314,177.71136,33.287704,678.38275,12375715.0
7,6.0523825,4.765121,8.304161,116.038055,37.999065,402.6068,14850858.0
8,1.4496543,1.0271565,3.279829,950.87787,35.37228,2264.1738,17776027.0
9,0.36990875,0.28517875,0.54410625,163.98987,45.023376,583.6791,28576651.0
