band,obs_var,var_lower,var_upper,obs_kurt,kurt_lower,kurt_upper,total_samples,kstest_stat_initial,initial_r,initial_eta,initial_scale,initial_exclude_cutoff,best_augmented_var,kstest_stat_cutoff_0.05
2,45.36947,37.192898,62.504337,105.943756,18.967024,423.49338,100000.0,0.0038314494434549817,0.4,-1.0,7.622697442327803,50.0,37.196613,0.004293014618329405
3,28.487642,22.820335,40.596302,133.39507,25.079493,504.80347,100000.0,0.004601357202474843,0.5,-1.1,13.401251369052465,150.0,19.297802,0.004293014618329405
4,28.39673,23.002432,38.076363,95.74208,29.754055,357.59332,100000.0,0.004490089124483412,0.2,-0.9,0.008767777397519064,75.0,22.094799,0.004293014618329405
5,17.751116,14.454866,22.739864,76.118126,32.262527,242.55627,100000.0,0.00747316295309175,0.1,-0.4,2.647671332209021e-11,0.0,17.751116,0.004293014618329405
6,15.278565,12.067231,23.165314,177.71135,33.287712,678.3828,100000.0,0.0078065750011764405,0.1,-0.4,1.8213194918960815e-11,50.0,12.210901,0.004293014618329405
7,6.0523825,4.7651215,8.304162,116.038055,37.999065,402.60687,100000.0,0.007551291185836799,0.1,-0.3,3.336594285081496e-12,100.0,4.2706265,0.004293014618329405
8,1.4496542,1.0271565,3.279829,950.878,35.372276,2264.1743,100000.0,0.007753019612679823,0.1,-0.1,2.0500327774164226e-13,150.0,0.8510889,0.004293014618329405
9,0.36990875,0.28517875,0.54410625,163.98988,45.023357,583.6791,100000.0,0.00833776771196541,0.1,0.0,2.3108711247754052e-14,350.0,0.16446483,0.004293014618329405
