band,obs_var,var_lower,var_upper,obs_kurt,kurt_lower,kurt_upper,total_samples,kstest_stat_initial,initial_r,initial_eta,initial_scale,initial_exclude_cutoff,best_augmented_var,kstest_stat_cutoff_0.05
2,45.36947,37.192898,62.50434,105.943756,18.967028,423.49338,6075351.0,0.003831457388585202,0.4,-1.0,7.62269587883691,50.0,37.196606,0.0005509649823870001
3,28.48764,22.820335,40.596302,133.39508,25.079496,504.8034,7200416.0,0.004601356331966622,0.5,-1.1,13.401252693600128,150.0,19.297804,0.0005060957057388142
4,28.396727,23.002432,38.076363,95.74211,29.754055,357.59332,8775507.0,0.0044900907474158085,0.2,-0.9,0.008767776640634686,75.0,22.094797,0.0004584344113622633
5,17.751116,14.454865,22.739864,76.11815,32.262524,242.55634,10350598.0,0.007473210391408136,0.1,-0.4,2.647671332209021e-11,0.0,17.751116,0.00042211620334014273
6,15.278565,12.067231,23.165314,177.71136,33.287704,678.38275,12375715.0,0.0078066104092340445,0.1,-0.4,1.8213192074051036e-11,50.0,12.210899,0.00038603884799277643
7,6.0523825,4.765121,8.304161,116.038055,37.999065,402.6068,14850858.0,0.007551368434523267,0.1,-0.3,3.3365946576292054e-12,100.0,4.270627,0.0003524047134257957
8,1.4496543,1.0271565,3.279829,950.87787,35.37228,2264.1738,17776027.0,0.007753079393215567,0.1,-0.1,2.0500324902749073e-13,150.0,0.85108876,0.0003221078582157794
9,0.36990875,0.28517875,0.54410625,163.98987,45.023376,583.6791,28576651.0,0.00833776771196541,0.1,0.0,2.3108711247754052e-14,350.0,0.16446483,0.0002540479397068042
