band,total_samples,initial_r,initial_eta,kstest_stat_initial,initial_exclude_cutoff,best_r,best_eta,best_scale,kstest_stat_best,best_exclude_cutoff,n_pval_0.05
2,100000.0,0.4,-1.0,0.0038314494434549,50.0,0.33,-0.9,1.8185025960896561,0.0017829618967941663,50.0,569530
3,100000.0,0.5,-1.1,0.0046013572024748,150.0,0.34,-1.0,1.94803447931262,0.0015299211901376175,50.0,759375
4,100000.0,0.2,-0.9,0.0044900891244834,75.0,0.16,-0.8,0.00018393787594290633,0.002634566248667203,0.0,253125
5,100000.0,0.1,-0.4,0.0074731629530917,0.0,0.1,-0.42,3.029421563179141e-11,0.005753717747921227,0.0,56250
6,100000.0,0.1,-0.4,0.0078065750011764,50.0,0.1,-0.42,2.2269209668765922e-11,0.007362700533929067,25.0,35593
7,100000.0,0.1,-0.3,0.0075512911858367,100.0,0.1,-0.32,3.989757511118154e-12,0.006986736116415617,75.0,37500
8,100000.0,0.1,-0.1,0.0077530196126798,150.0,0.08,0.2,1.4008360529022954e-18,0.006834600078412301,75.0,37500
9,100000.0,0.1,0.0,0.0083377677119654,350.0,0.08,0.3,1.5374433126557499e-19,0.007438262689754954,250.0,33783
