band,obs_var,var_lower,var_upper,obs_kurt,kurt_lower,kurt_upper,total_samples
2,68.23893,55.853195,88.27769,78.60785,22.80179,260.92975,14400832.0
3,29.26138,23.565706,41.71197,131.73262,23.337015,507.65497,14400832.0
4,29.67605,23.769623,42.169933,130.15863,29.780764,507.69504,14400832.0
5,16.709305,13.23721,24.56992,157.44473,33.2693,601.0773,57603328.0
6,4.5731664,3.4692073,7.8632917,323.61923,36.913433,1073.4427,28801664.0
7,1.1016033,0.85889935,1.7455782,222.43735,33.25788,816.22186,28801664.0
8,0.4279035,0.33904716,0.59375125,118.09702,37.51739,437.8075,28801664.0
9,0.3121021,0.23188207,0.4846752,221.03058,55.07567,742.6002,29251690.0
