band,obs_var,var_lower,var_upper,obs_kurt,kurt_lower,kurt_upper,total_samples
2,68.23893,55.853195,88.27769,78.60785,22.80179,260.92975,100000.0
3,29.26138,23.565706,41.71197,131.73262,23.337027,507.65482,100000.0
4,29.67605,23.769623,42.169933,130.15865,29.780775,507.69504,100000.0
5,16.709303,13.237209,24.56992,157.44476,33.2693,601.07715,100000.0
6,4.5731664,3.4692073,7.86329,323.61923,36.91342,1073.4425,100000.0
7,1.1016032,0.85889924,1.7455782,222.43742,33.25788,816.22186,100000.0
8,0.4279035,0.3390472,0.59375125,118.09703,37.51739,437.80756,100000.0
9,0.3121021,0.23188205,0.4846752,221.03058,55.07567,742.6003,100000.0
