band,obs_var,var_lower,var_upper,obs_kurt,kurt_lower,kurt_upper,total_samples,kstest_stat_initial,initial_r,initial_eta,initial_scale,initial_exclude_cutoff,best_augmented_var,kstest_stat_cutoff_0.05
2,68.23893,55.853195,88.27769,78.60785,22.80179,260.92975,14400832.0,0.003414479711446816,0.4,-1.0,10.440111941039316,100.0,50.9448,0.0003578685014621945
3,29.26138,23.565706,41.71197,131.73262,23.337015,507.65497,14400832.0,0.0029545076243632437,0.4,-1.0,4.117237897011557,150.0,20.09096,0.0003578685014621945
4,29.67605,23.769623,42.169933,130.15863,29.780764,507.69504,14400832.0,0.002613704313328526,0.2,-0.9,0.01016171016390361,25.0,25.60751,0.0003578685014621945
5,16.709305,13.23721,24.56992,157.44473,33.2693,601.0773,57603328.0,0.007084311507231211,0.1,-0.4,2.1324755248587577e-11,25.0,14.297024,0.00017893714488626073
6,4.5731664,3.4692073,7.8632917,323.61923,36.913433,1073.4427,28801664.0,0.008048402749288974,0.1,-0.3,2.7106852608616098e-12,50.0,3.4695032,0.0002530536418455619
7,1.1016033,0.85889935,1.7455782,222.43735,33.25788,816.22186,28801664.0,0.007701573252466232,0.1,-0.1,1.7355094473913473e-13,150.0,0.7205118,0.0002530536418455619
8,0.4279035,0.33904716,0.59375125,118.09702,37.51739,437.8075,28801664.0,0.008905691390210668,0.1,0.1,1.7762950282020137e-14,350.0,0.21069837,0.0002530536418455619
9,0.3121021,0.23188207,0.4846752,221.03058,55.07567,742.6002,29251690.0,0.007951985663002703,0.1,-0.2,5.636430511364339e-14,300.0,0.1322616,0.00025109957477730785
