band,obs_var,var_lower,var_upper,obs_kurt,kurt_lower,kurt_upper,total_samples,kstest_stat_initial,initial_r,initial_eta,initial_scale,initial_exclude_cutoff,best_augmented_var,kstest_stat_cutoff_0.05
2,68.23893,55.853195,88.27769,78.60785,22.80179,260.92975,100000.0,0.0034144797114264436,0.4,-1.0,10.440111941039316,100.0,50.9448,0.004293014618329405
3,29.26138,23.565706,41.71197,131.73262,23.337027,507.65482,100000.0,0.00295450509947702,0.4,-1.0,4.117237897011557,150.0,20.09096,0.004293014618329405
4,29.67605,23.769623,42.169933,130.15865,29.780775,507.69504,100000.0,0.002613707357700208,0.2,-0.9,0.010161708650134854,25.0,25.607506,0.004293014618329405
5,16.709303,13.237209,24.56992,157.44476,33.2693,601.07715,100000.0,0.007083533255814775,0.1,-0.4,2.1324755248587577e-11,25.0,14.297024,0.004293014618329405
6,4.5731664,3.4692073,7.86329,323.61923,36.91342,1073.4425,100000.0,0.008049299877820881,0.1,-0.3,2.7106852608616098e-12,50.0,3.4695032,0.004293014618329405
7,1.1016032,0.85889924,1.7455782,222.43742,33.25788,816.22186,100000.0,0.0077015566024716264,0.1,-0.1,1.735509590962105e-13,150.0,0.72051185,0.004293014618329405
8,0.4279035,0.3390472,0.59375125,118.09703,37.51739,437.80756,100000.0,0.008905691390210668,0.1,0.1,1.7762950282020137e-14,350.0,0.21069837,0.004293014618329405
9,0.3121021,0.23188205,0.4846752,221.03058,55.07567,742.6003,100000.0,0.00795188706737443,0.1,-0.2,5.636430511364339e-14,300.0,0.1322616,0.004293014618329405
