band,total_samples,initial_r,initial_eta,kstest_stat_initial,initial_exclude_cutoff,best_r,best_eta,best_scale,kstest_stat_best,best_exclude_cutoff,n_pval_0.05
2,100000.0,0.4,-1.0,0.0034144797114264,100.0,0.3,-0.87,1.2352754706019247,0.0019060777365081938,50.0,506250
3,100000.0,0.4,-1.0,0.002954505099477,150.0,0.37,-1.0,3.0973445776187822,0.0015247130923792965,75.0,759375
4,100000.0,0.2,-0.9,0.0026137073577002,25.0,0.2,-0.9,0.0101617086501348,0.0026137073577002,25.0,284764
5,100000.0,0.1,-0.4,0.0070835332558147,25.0,0.1,-0.46,3.7548949861420846e-11,0.006761331492071643,0.0,42187
6,100000.0,0.1,-0.3,0.0080492998778208,50.0,0.1,-0.28,2.2540992107558136e-12,0.006954858577098572,75.0,37500
7,100000.0,0.1,-0.1,0.0077015566024716,150.0,0.08,0.2,1.246368158820071e-18,0.007160612047489356,50.0,37500
8,100000.0,0.1,0.1,0.0089056913902106,350.0,0.08,0.5,6.384767535761846e-20,0.008194533887988327,275.0,28125
9,100000.0,0.1,-0.2,0.0079518870673744,300.0,0.1,-0.2,5.881789374393326e-14,0.00701201203517865,275.0,37500
