layer,obs_var,var_lower,var_upper,obs_kurt,kurt_lower,kurt_upper,total_samples
2,181299.02,101527.92,290782.22,377.2548,142.30005,530.95166,9000
3,38790.293,21575.71,67724.6,543.3528,122.41325,1044.5923,36000
4,9777.153,4939.1294,17951.637,703.4225,122.04025,1327.8564,144000
5,1796.3098,838.0557,4289.6875,1421.5957,90.04052,3420.6614,576000
6,385.14337,175.53122,1132.5692,2320.823,86.76239,4401.831,2304000
7,101.0854,41.34504,424.74213,4763.65,67.00212,6338.221,9216000
8,34.40324,17.91937,89.39241,1599.72,74.53908,3571.9424,36864000
9,9.8905525,5.2710567,25.139685,1503.5704,80.86954,3415.0884,147456000
10,1.4373621,0.71361643,4.495828,2671.0093,76.31533,4559.324,589824000
