layer,obs_var,var_lower,var_upper,obs_kurt,kurt_lower,kurt_upper,total_samples
2,3428.4485,3212.4326,3652.4075,2.4215026,2.002831,2.861377,7072
3,910.4959,853.708,970.0453,4.088599,3.3226886,5.075409,28288
4,233.66599,217.17085,251.0276,5.8296537,4.725201,7.3031325,113152
5,55.82042,51.63081,60.25829,7.1598587,5.7397094,9.353126,452608
6,12.964064,11.894997,14.099551,8.846964,6.8600497,12.937326,1810432
7,3.082337,2.815923,3.3707657,10.276751,7.8286266,15.685848,7241728
8,0.78659576,0.71546113,0.8670493,11.832786,8.2757,26.764627,28966912
9,0.23443076,0.21350624,0.257561,11.323594,7.9564576,21.909008,115867648
10,0.09262101,0.08490673,0.10132528,9.682422,6.251251,19.303322,463470592
