layer,obs_var,var_lower,var_upper,obs_kurt,kurt_lower,kurt_upper,total_samples
2,3234.1719,3066.9966,3405.5574,0.9451132,0.70355046,1.2054281,7072
3,845.32367,801.27606,891.102,2.2146087,1.7603067,2.7475739,28288
4,209.11427,197.07167,221.6225,3.1438766,2.4683487,4.084816,113152
5,49.34364,46.262604,52.623333,4.3327713,3.1286268,7.4755144,452608
6,11.379425,10.5995655,12.256376,5.819233,3.8144228,13.995183,1810432
7,2.6437578,2.4413657,2.9323964,9.989785,4.4969735,43.55884,7241728
8,0.6327076,0.57945657,0.72149277,14.859766,5.333783,81.67673,28966912
9,0.15728137,0.14231601,0.18503009,22.18642,6.8262367,124.36858,115867648
10,0.040628906,0.03502124,0.060385928,131.8078,9.875888,703.735,463470592
