layer,obs_var,var_lower,var_upper,obs_kurt,kurt_lower,kurt_upper,total_samples,kstest_stat_initial,initial_r,initial_eta,initial_scale,initial_exclude_cutoff,best_augmented_var,kstest_stat_cutoff_0.05
2,3234.1719,3066.9966,3405.5574,0.9451132,0.70355046,1.2054281,7072,0.007443810238919102,5.5,-0.5,6710.725127801958,0.0,3234.1719,0.01612577750721614
3,845.32367,801.27606,891.102,2.2146087,1.7603067,2.7475739,28288,0.0029201923768100713,1.5,-0.6,1393.8861288999449,0.0,845.32367,0.008068854211971187
4,209.11427,197.07167,221.6225,3.1438766,2.4683487,4.084816,113152,0.0030536358974712074,1.5,-0.8,409.84510162188826,50.0,202.7352,0.0040359092726554024
5,49.34364,46.262604,52.623333,4.3327713,3.1286268,7.4755144,452608,0.0025321485802533017,1.5,-0.9,107.75622058987395,75.0,46.911102,0.002018324026021024
6,11.379425,10.5995655,12.256376,5.819233,3.8144228,13.995183,1810432,0.002087768021317271,0.9,-0.9,16.646354791578165,0.0,11.379425,0.0010092542162957218
7,2.6437578,2.4413657,2.9323964,9.989785,4.4969735,43.55884,7241728,0.0031916885381668286,0.7,-0.9,2.5270879725876445,0.0,2.6437578,0.0005046501409454036
8,0.6327076,0.57945657,0.72149277,14.859766,5.333783,81.67673,28966912,0.005223641982779623,0.6,-0.9,0.40368249952366536,25.0,0.6073708,0.0002523308264179366
9,0.15728137,0.14231601,0.18503009,22.18642,6.8262367,124.36858,115867648,0.004709445090590861,0.4,-0.8,0.017447184901300945,0.0,0.15728137,0.00012616685191353853
10,0.040628906,0.03502124,0.060385928,131.8078,9.875888,703.735,463470592,0.0028657084473834304,0.4,-0.8,0.00409868401194831,25.0,0.03694846,6.30837855989912e-05
