layer,total_samples,initial_r,initial_eta,kstest_stat_initial,initial_exclude_cutoff,best_r,best_eta,best_scale,kstest_stat_best,best_exclude_cutoff,n_pval_0.05
2,7072,5.5,-0.5,0.0074438102389191,0.0,5.5,-0.5,6710.725127801958,0.0074438102389191,0.0,33982
3,28288,1.5,-0.6,0.00292019237681,0.0,1.4,-0.56,1280.8229100599588,0.0027895788617300354,0.0,241663
4,113152,1.5,-0.8,0.0030536358974712,50.0,1.2,-0.77,347.12806411322384,0.0029692990919439888,0.0,214812
5,452608,1.5,-0.9,0.0025321485802533,75.0,1.1,-0.86,85.3482927527231,0.0017704124670305799,0.0,572832
6,1810432,0.9,-0.9,0.0020877680213172,0.0,0.91,-0.9,16.895256393809067,0.0019414332362061026,0.0,509184
7,7241728,0.7,-0.9,0.0031916885381668,0.0,0.8,-0.94,3.502206041307993,0.003127052321272139,0.0,190944
8,28966912,0.6,-0.9,0.0052236419827796,25.0,0.6,-0.92,0.4403071654266594,0.0038852180293372784,0.0,127296
9,115867648,0.4,-0.8,0.0047094450905908,0.0,0.41,-0.8,0.01979038217388355,0.003990211363564311,0.0,113152
10,463470592,0.4,-0.8,0.0028657084473834,25.0,0.3,-0.64,0.0004256504960564198,0.0016230843354374525,0.0,678912
