band,obs_var,var_lower,var_upper,obs_kurt,kurt_lower,kurt_upper,total_samples
2,0.041645724,0.040145095,0.04317066,-0.018303871,-0.12864998,0.100601085,27792.0
5,0.04124277,0.03973388,0.042779204,0.023238182,-0.10156061,0.15895021,37828.0
8,0.04225371,0.040721025,0.043812364,0.020401478,-0.10312171,0.15440184,20844.0
