,total_samples,dataset,subset,transform,orientation,channel,group,kstest_stat_best,kstest_stat_cutoff_0.05,beat_all_priors,failure_category,failure_type,github_plot
0,5760.0,ravdess,1e5geocomp,fft,,female,2,0.00664083210687,0.017865318267024,1,,,https://github.com/yashdave003/hierarchical-bayesian-model-validation/blob/main/results-audio/case-studies/ravdess/1e5geocomp/fft/female/plots/compare_cdf_pdf_layer_2.jpg
1,17280.0,ravdess,1e5geocomp,fft,,female,5,0.0140087094081284,0.0103217098273475,1,,,https://github.com/yashdave003/hierarchical-bayesian-model-validation/blob/main/results-audio/case-studies/ravdess/1e5geocomp/fft/female/plots/compare_cdf_pdf_layer_5.jpg
2,48960.0,ravdess,1e5geocomp,fft,,female,8,0.011736949501334,0.0061343550472508,1,,,https://github.com/yashdave003/hierarchical-bayesian-model-validation/blob/main/results-audio/case-studies/ravdess/1e5geocomp/fft/female/plots/compare_cdf_pdf_layer_8.jpg
3,135360.0,ravdess,1e5geocomp,fft,,female,11,0.0037078002248763,0.0036901241493563,1,,,https://github.com/yashdave003/hierarchical-bayesian-model-validation/blob/main/results-audio/case-studies/ravdess/1e5geocomp/fft/female/plots/compare_cdf_pdf_layer_11.jpg
4,374400.0,ravdess,1e5geocomp,fft,,female,14,0.0186720936426964,0.0022190964677557,1,,,https://github.com/yashdave003/hierarchical-bayesian-model-validation/blob/main/results-audio/case-studies/ravdess/1e5geocomp/fft/female/plots/compare_cdf_pdf_layer_14.jpg
5,1039680.0,ravdess,1e5geocomp,fft,,female,17,0.0020005222667649,0.0013317697932839,1,,,https://github.com/yashdave003/hierarchical-bayesian-model-validation/blob/main/results-audio/case-studies/ravdess/1e5geocomp/fft/female/plots/compare_cdf_pdf_layer_17.jpg
6,2885760.0,ravdess,1e5geocomp,fft,,female,20,0.0023225721127223,0.0007994104501725,1,,,https://github.com/yashdave003/hierarchical-bayesian-model-validation/blob/main/results-audio/case-studies/ravdess/1e5geocomp/fft/female/plots/compare_cdf_pdf_layer_20.jpg
7,8015040.0,ravdess,1e5geocomp,fft,,female,23,0.0008035035168924,0.0004796888639433,1,,,https://github.com/yashdave003/hierarchical-bayesian-model-validation/blob/main/results-audio/case-studies/ravdess/1e5geocomp/fft/female/plots/compare_cdf_pdf_layer_23.jpg
8,22242240.0,ravdess,1e5geocomp,fft,,female,26,0.0006167308804146,0.0002879590619071,1,,,https://github.com/yashdave003/hierarchical-bayesian-model-validation/blob/main/results-audio/case-studies/ravdess/1e5geocomp/fft/female/plots/compare_cdf_pdf_layer_26.jpg
9,16721280.0,ravdess,1e5geocomp,fft,,female,30,0.0022175934838853,0.0003321111973362,1,,,https://github.com/yashdave003/hierarchical-bayesian-model-validation/blob/main/results-audio/case-studies/ravdess/1e5geocomp/fft/female/plots/compare_cdf_pdf_layer_30.jpg
10,2880.0,ravdess,1e5geocomp,fft,,male,2,0.00664083210687,0.0252480482623505,1,,,https://github.com/yashdave003/hierarchical-bayesian-model-validation/blob/main/results-audio/case-studies/ravdess/1e5geocomp/fft/male/plots/compare_cdf_pdf_layer_2.jpg
11,8640.0,ravdess,1e5geocomp,fft,,male,5,0.0140087094081284,0.014591379330558,1,,,https://github.com/yashdave003/hierarchical-bayesian-model-validation/blob/main/results-audio/case-studies/ravdess/1e5geocomp/fft/male/plots/compare_cdf_pdf_layer_5.jpg
12,24480.0,ravdess,1e5geocomp,fft,,male,8,0.010485402553629,0.0086732787358375,1,,,https://github.com/yashdave003/hierarchical-bayesian-model-validation/blob/main/results-audio/case-studies/ravdess/1e5geocomp/fft/male/plots/compare_cdf_pdf_layer_8.jpg
13,67680.0,ravdess,1e5geocomp,fft,,male,11,0.0037085682377657,0.0052178990254114,1,,,https://github.com/yashdave003/hierarchical-bayesian-model-validation/blob/main/results-audio/case-studies/ravdess/1e5geocomp/fft/male/plots/compare_cdf_pdf_layer_11.jpg
14,187200.0,ravdess,1e5geocomp,fft,,male,14,0.0186808773340726,0.0031380148313681,1,,,https://github.com/yashdave003/hierarchical-bayesian-model-validation/blob/main/results-audio/case-studies/ravdess/1e5geocomp/fft/male/plots/compare_cdf_pdf_layer_14.jpg
15,519840.0,ravdess,1e5geocomp,fft,,male,17,0.0020031525111908,0.0018833128424659,1,,,https://github.com/yashdave003/hierarchical-bayesian-model-validation/blob/main/results-audio/case-studies/ravdess/1e5geocomp/fft/male/plots/compare_cdf_pdf_layer_17.jpg
16,1442880.0,ravdess,1e5geocomp,fft,,male,20,0.0023226763344748,0.001130503234731,1,,,https://github.com/yashdave003/hierarchical-bayesian-model-validation/blob/main/results-audio/case-studies/ravdess/1e5geocomp/fft/male/plots/compare_cdf_pdf_layer_20.jpg
17,4007520.0,ravdess,1e5geocomp,fft,,male,23,0.0008036548109996,0.0006783703088241,1,,,https://github.com/yashdave003/hierarchical-bayesian-model-validation/blob/main/results-audio/case-studies/ravdess/1e5geocomp/fft/male/plots/compare_cdf_pdf_layer_23.jpg
18,11121120.0,ravdess,1e5geocomp,fft,,male,26,0.0006164542568852,0.0004072312197337,1,,,https://github.com/yashdave003/hierarchical-bayesian-model-validation/blob/main/results-audio/case-studies/ravdess/1e5geocomp/fft/male/plots/compare_cdf_pdf_layer_26.jpg
19,8360640.0,ravdess,1e5geocomp,fft,,male,30,0.002217828843164,0.0004696703183341,1,,,https://github.com/yashdave003/hierarchical-bayesian-model-validation/blob/main/results-audio/case-studies/ravdess/1e5geocomp/fft/male/plots/compare_cdf_pdf_layer_30.jpg
20,3072.0,ravdess,1e5geocomp,fft,,normal_intensity,2,0.0063080376692353,0.0244481425180827,1,,,https://github.com/yashdave003/hierarchical-bayesian-model-validation/blob/main/results-audio/case-studies/ravdess/1e5geocomp/fft/normal_intensity/plots/compare_cdf_pdf_layer_2.jpg
21,9216.0,ravdess,1e5geocomp,fft,,normal_intensity,5,0.009273463072119,0.0141286441788202,1,,,https://github.com/yashdave003/hierarchical-bayesian-model-validation/blob/main/results-audio/case-studies/ravdess/1e5geocomp/fft/normal_intensity/plots/compare_cdf_pdf_layer_5.jpg
22,26112.0,ravdess,1e5geocomp,fft,,normal_intensity,8,0.0055028393143989,0.0083980771991561,1,,,https://github.com/yashdave003/hierarchical-bayesian-model-validation/blob/main/results-audio/case-studies/ravdess/1e5geocomp/fft/normal_intensity/plots/compare_cdf_pdf_layer_8.jpg
23,72192.0,ravdess,1e5geocomp,fft,,normal_intensity,11,0.0028620161962478,0.0050522851228626,1,,,https://github.com/yashdave003/hierarchical-bayesian-model-validation/blob/main/results-audio/case-studies/ravdess/1e5geocomp/fft/normal_intensity/plots/compare_cdf_pdf_layer_11.jpg
24,199680.0,ravdess,1e5geocomp,fft,,normal_intensity,14,0.0271179988540887,0.0030383972564132,1,,,https://github.com/yashdave003/hierarchical-bayesian-model-validation/blob/main/results-audio/case-studies/ravdess/1e5geocomp/fft/normal_intensity/plots/compare_cdf_pdf_layer_14.jpg
25,554496.0,ravdess,1e5geocomp,fft,,normal_intensity,17,0.0050545608742426,0.0018235196950178,1,,,https://github.com/yashdave003/hierarchical-bayesian-model-validation/blob/main/results-audio/case-studies/ravdess/1e5geocomp/fft/normal_intensity/plots/compare_cdf_pdf_layer_17.jpg
26,1539072.0,ravdess,1e5geocomp,fft,,normal_intensity,20,0.0018891136853122,0.0010946086057686,1,,,https://github.com/yashdave003/hierarchical-bayesian-model-validation/blob/main/results-audio/case-studies/ravdess/1e5geocomp/fft/normal_intensity/plots/compare_cdf_pdf_layer_20.jpg
27,4274688.0,ravdess,1e5geocomp,fft,,normal_intensity,23,0.0005364161503852,0.0006568305067154,1,,,https://github.com/yashdave003/hierarchical-bayesian-model-validation/blob/main/results-audio/case-studies/ravdess/1e5geocomp/fft/normal_intensity/plots/compare_cdf_pdf_layer_23.jpg
28,11862528.0,ravdess,1e5geocomp,fft,,normal_intensity,26,0.0006343875701389,0.0003943003939847,1,,,https://github.com/yashdave003/hierarchical-bayesian-model-validation/blob/main/results-audio/case-studies/ravdess/1e5geocomp/fft/normal_intensity/plots/compare_cdf_pdf_layer_26.jpg
29,8918016.0,ravdess,1e5geocomp,fft,,normal_intensity,30,0.0021487152457839,0.0004547569434805,1,,,https://github.com/yashdave003/hierarchical-bayesian-model-validation/blob/main/results-audio/case-studies/ravdess/1e5geocomp/fft/normal_intensity/plots/compare_cdf_pdf_layer_30.jpg
30,2880.0,ravdess,1e5geocomp,fft,,statement_1,2,0.0064618968730114,0.0252480482623505,1,,,https://github.com/yashdave003/hierarchical-bayesian-model-validation/blob/main/results-audio/case-studies/ravdess/1e5geocomp/fft/statement_1/plots/compare_cdf_pdf_layer_2.jpg
31,8640.0,ravdess,1e5geocomp,fft,,statement_1,5,0.0125550056690988,0.014591379330558,1,,,https://github.com/yashdave003/hierarchical-bayesian-model-validation/blob/main/results-audio/case-studies/ravdess/1e5geocomp/fft/statement_1/plots/compare_cdf_pdf_layer_5.jpg
32,24480.0,ravdess,1e5geocomp,fft,,statement_1,8,0.0099791510805245,0.0086732787358375,1,,,https://github.com/yashdave003/hierarchical-bayesian-model-validation/blob/main/results-audio/case-studies/ravdess/1e5geocomp/fft/statement_1/plots/compare_cdf_pdf_layer_8.jpg
33,67680.0,ravdess,1e5geocomp,fft,,statement_1,11,0.0035438982524946,0.0052178990254114,1,,,https://github.com/yashdave003/hierarchical-bayesian-model-validation/blob/main/results-audio/case-studies/ravdess/1e5geocomp/fft/statement_1/plots/compare_cdf_pdf_layer_11.jpg
34,187200.0,ravdess,1e5geocomp,fft,,statement_1,14,0.0217813298674848,0.0031380148313681,1,,,https://github.com/yashdave003/hierarchical-bayesian-model-validation/blob/main/results-audio/case-studies/ravdess/1e5geocomp/fft/statement_1/plots/compare_cdf_pdf_layer_14.jpg
35,519840.0,ravdess,1e5geocomp,fft,,statement_1,17,0.0084755976308954,0.0018833128424659,1,,,https://github.com/yashdave003/hierarchical-bayesian-model-validation/blob/main/results-audio/case-studies/ravdess/1e5geocomp/fft/statement_1/plots/compare_cdf_pdf_layer_17.jpg
36,1442880.0,ravdess,1e5geocomp,fft,,statement_1,20,0.0015232540486563,0.001130503234731,1,,,https://github.com/yashdave003/hierarchical-bayesian-model-validation/blob/main/results-audio/case-studies/ravdess/1e5geocomp/fft/statement_1/plots/compare_cdf_pdf_layer_20.jpg
37,4007520.0,ravdess,1e5geocomp,fft,,statement_1,23,0.0009892423916667,0.0006783703088241,1,,,https://github.com/yashdave003/hierarchical-bayesian-model-validation/blob/main/results-audio/case-studies/ravdess/1e5geocomp/fft/statement_1/plots/compare_cdf_pdf_layer_23.jpg
38,11121120.0,ravdess,1e5geocomp,fft,,statement_1,26,0.0004839793919398,0.0004072312197337,1,,,https://github.com/yashdave003/hierarchical-bayesian-model-validation/blob/main/results-audio/case-studies/ravdess/1e5geocomp/fft/statement_1/plots/compare_cdf_pdf_layer_26.jpg
39,8360640.0,ravdess,1e5geocomp,fft,,statement_1,30,0.0020440279557855,0.0004696703183341,1,,,https://github.com/yashdave003/hierarchical-bayesian-model-validation/blob/main/results-audio/case-studies/ravdess/1e5geocomp/fft/statement_1/plots/compare_cdf_pdf_layer_30.jpg
40,2880.0,ravdess,1e5geocomp,fft,,statement_2,2,0.0070548887989571,0.0252480482623505,1,,,https://github.com/yashdave003/hierarchical-bayesian-model-validation/blob/main/results-audio/case-studies/ravdess/1e5geocomp/fft/statement_2/plots/compare_cdf_pdf_layer_2.jpg
41,8640.0,ravdess,1e5geocomp,fft,,statement_2,5,0.0096509809702555,0.014591379330558,1,,,https://github.com/yashdave003/hierarchical-bayesian-model-validation/blob/main/results-audio/case-studies/ravdess/1e5geocomp/fft/statement_2/plots/compare_cdf_pdf_layer_5.jpg
42,24480.0,ravdess,1e5geocomp,fft,,statement_2,8,0.0053391776433156,0.0086732787358375,1,,,https://github.com/yashdave003/hierarchical-bayesian-model-validation/blob/main/results-audio/case-studies/ravdess/1e5geocomp/fft/statement_2/plots/compare_cdf_pdf_layer_8.jpg
43,67680.0,ravdess,1e5geocomp,fft,,statement_2,11,0.0018373660232672,0.0052178990254114,1,,,https://github.com/yashdave003/hierarchical-bayesian-model-validation/blob/main/results-audio/case-studies/ravdess/1e5geocomp/fft/statement_2/plots/compare_cdf_pdf_layer_11.jpg
44,187200.0,ravdess,1e5geocomp,fft,,statement_2,14,0.0207239270526139,0.0031380148313681,1,,,https://github.com/yashdave003/hierarchical-bayesian-model-validation/blob/main/results-audio/case-studies/ravdess/1e5geocomp/fft/statement_2/plots/compare_cdf_pdf_layer_14.jpg
45,519840.0,ravdess,1e5geocomp,fft,,statement_2,17,0.0086165376187008,0.0018833128424659,1,,,https://github.com/yashdave003/hierarchical-bayesian-model-validation/blob/main/results-audio/case-studies/ravdess/1e5geocomp/fft/statement_2/plots/compare_cdf_pdf_layer_17.jpg
46,1442880.0,ravdess,1e5geocomp,fft,,statement_2,20,0.0022675777542063,0.001130503234731,1,,,https://github.com/yashdave003/hierarchical-bayesian-model-validation/blob/main/results-audio/case-studies/ravdess/1e5geocomp/fft/statement_2/plots/compare_cdf_pdf_layer_20.jpg
47,4007520.0,ravdess,1e5geocomp,fft,,statement_2,23,0.0010120006227627,0.0006783703088241,1,,,https://github.com/yashdave003/hierarchical-bayesian-model-validation/blob/main/results-audio/case-studies/ravdess/1e5geocomp/fft/statement_2/plots/compare_cdf_pdf_layer_23.jpg
48,11121120.0,ravdess,1e5geocomp,fft,,statement_2,26,0.0003996630873828,0.0004072312197337,1,,,https://github.com/yashdave003/hierarchical-bayesian-model-validation/blob/main/results-audio/case-studies/ravdess/1e5geocomp/fft/statement_2/plots/compare_cdf_pdf_layer_26.jpg
49,8360640.0,ravdess,1e5geocomp,fft,,statement_2,30,0.0029847473605019,0.0004696703183341,1,,,https://github.com/yashdave003/hierarchical-bayesian-model-validation/blob/main/results-audio/case-studies/ravdess/1e5geocomp/fft/statement_2/plots/compare_cdf_pdf_layer_30.jpg
50,2688.0,ravdess,1e5geocomp,fft,,strong_intensity,2,0.0084329373141272,0.026132054631401,1,,,https://github.com/yashdave003/hierarchical-bayesian-model-validation/blob/main/results-audio/case-studies/ravdess/1e5geocomp/fft/strong_intensity/plots/compare_cdf_pdf_layer_2.jpg
51,8064.0,ravdess,1e5geocomp,fft,,strong_intensity,5,0.0146328483172309,0.0151028009420525,1,,,https://github.com/yashdave003/hierarchical-bayesian-model-validation/blob/main/results-audio/case-studies/ravdess/1e5geocomp/fft/strong_intensity/plots/compare_cdf_pdf_layer_5.jpg
52,22848.0,ravdess,1e5geocomp,fft,,strong_intensity,8,0.0119880975523445,0.0089774468095933,1,,,https://github.com/yashdave003/hierarchical-bayesian-model-validation/blob/main/results-audio/case-studies/ravdess/1e5geocomp/fft/strong_intensity/plots/compare_cdf_pdf_layer_8.jpg
53,63168.0,ravdess,1e5geocomp,fft,,strong_intensity,11,0.0025767399610441,0.0054009486572434,1,,,https://github.com/yashdave003/hierarchical-bayesian-model-validation/blob/main/results-audio/case-studies/ravdess/1e5geocomp/fft/strong_intensity/plots/compare_cdf_pdf_layer_11.jpg
54,174720.0,ravdess,1e5geocomp,fft,,strong_intensity,14,0.0237950748531966,0.0032481214875871,1,,,https://github.com/yashdave003/hierarchical-bayesian-model-validation/blob/main/results-audio/case-studies/ravdess/1e5geocomp/fft/strong_intensity/plots/compare_cdf_pdf_layer_14.jpg
55,485184.0,ravdess,1e5geocomp,fft,,strong_intensity,17,0.0124089445821433,0.0019494023240896,1,,,https://github.com/yashdave003/hierarchical-bayesian-model-validation/blob/main/results-audio/case-studies/ravdess/1e5geocomp/fft/strong_intensity/plots/compare_cdf_pdf_layer_17.jpg
56,1346688.0,ravdess,1e5geocomp,fft,,strong_intensity,20,0.0015407837901349,0.0011701778190289,1,,,https://github.com/yashdave003/hierarchical-bayesian-model-validation/blob/main/results-audio/case-studies/ravdess/1e5geocomp/fft/strong_intensity/plots/compare_cdf_pdf_layer_20.jpg
57,3740352.0,ravdess,1e5geocomp,fft,,strong_intensity,23,0.0008845650919526,0.0007021784679013,1,,,https://github.com/yashdave003/hierarchical-bayesian-model-validation/blob/main/results-audio/case-studies/ravdess/1e5geocomp/fft/strong_intensity/plots/compare_cdf_pdf_layer_23.jpg
58,10379712.0,ravdess,1e5geocomp,fft,,strong_intensity,26,0.0012054034654216,0.0004215238144443,1,,,https://github.com/yashdave003/hierarchical-bayesian-model-validation/blob/main/results-audio/case-studies/ravdess/1e5geocomp/fft/strong_intensity/plots/compare_cdf_pdf_layer_26.jpg
59,7803264.0,ravdess,1e5geocomp,fft,,strong_intensity,30,0.0038569081748244,0.0004861542418018,1,,,https://github.com/yashdave003/hierarchical-bayesian-model-validation/blob/main/results-audio/case-studies/ravdess/1e5geocomp/fft/strong_intensity/plots/compare_cdf_pdf_layer_30.jpg
60,190080.0,ravdess,1e5geocomp,fft1216,,female,12,0.003732314395668,0.0031141579951744,1,,,https://github.com/yashdave003/hierarchical-bayesian-model-validation/blob/main/results-audio/case-studies/ravdess/1e5geocomp/fft1216/female/plots/compare_cdf_pdf_layer_12.jpg
61,264960.0,ravdess,1e5geocomp,fft1216,,female,13,0.0233653881530039,0.0026377732639886,1,,,https://github.com/yashdave003/hierarchical-bayesian-model-validation/blob/main/results-audio/case-studies/ravdess/1e5geocomp/fft1216/female/plots/compare_cdf_pdf_layer_13.jpg
62,527040.0,ravdess,1e5geocomp,fft1216,,female,15,0.0009551492946713,0.0018704066327253,1,,,https://github.com/yashdave003/hierarchical-bayesian-model-validation/blob/main/results-audio/case-studies/ravdess/1e5geocomp/fft1216/female/plots/compare_cdf_pdf_layer_15.jpg
63,740160.0,ravdess,1e5geocomp,fft1216,,female,16,0.0006782620520053,0.0015783615907278,1,,,https://github.com/yashdave003/hierarchical-bayesian-model-validation/blob/main/results-audio/case-studies/ravdess/1e5geocomp/fft1216/female/plots/compare_cdf_pdf_layer_16.jpg
64,190080.0,ravdess,1e5geocomp,fft1216,,male,12,0.003732314395668,0.0031141579951744,1,,,https://github.com/yashdave003/hierarchical-bayesian-model-validation/blob/main/results-audio/case-studies/ravdess/1e5geocomp/fft1216/male/plots/compare_cdf_pdf_layer_12.jpg
65,264960.0,ravdess,1e5geocomp,fft1216,,male,13,0.0233653881530039,0.0026377732639886,1,,,https://github.com/yashdave003/hierarchical-bayesian-model-validation/blob/main/results-audio/case-studies/ravdess/1e5geocomp/fft1216/male/plots/compare_cdf_pdf_layer_13.jpg
66,527040.0,ravdess,1e5geocomp,fft1216,,male,15,0.0009551492946713,0.0018704066327253,1,,,https://github.com/yashdave003/hierarchical-bayesian-model-validation/blob/main/results-audio/case-studies/ravdess/1e5geocomp/fft1216/male/plots/compare_cdf_pdf_layer_15.jpg
67,740160.0,ravdess,1e5geocomp,fft1216,,male,16,0.0006782620520053,0.0015783615907278,1,,,https://github.com/yashdave003/hierarchical-bayesian-model-validation/blob/main/results-audio/case-studies/ravdess/1e5geocomp/fft1216/male/plots/compare_cdf_pdf_layer_16.jpg
68,101376.0,ravdess,1e5geocomp,fft1216,,normal_intensity,12,0.0033008691608595,0.0042637913573439,1,,,https://github.com/yashdave003/hierarchical-bayesian-model-validation/blob/main/results-audio/case-studies/ravdess/1e5geocomp/fft1216/normal_intensity/plots/compare_cdf_pdf_layer_12.jpg
69,141312.0,ravdess,1e5geocomp,fft1216,,normal_intensity,13,0.028688165134744,0.0036116006728778,1,,,https://github.com/yashdave003/hierarchical-bayesian-model-validation/blob/main/results-audio/case-studies/ravdess/1e5geocomp/fft1216/normal_intensity/plots/compare_cdf_pdf_layer_13.jpg
70,281088.0,ravdess,1e5geocomp,fft1216,,normal_intensity,15,0.0064074784684064,0.0025609994781836,1,,,https://github.com/yashdave003/hierarchical-bayesian-model-validation/blob/main/results-audio/case-studies/ravdess/1e5geocomp/fft1216/normal_intensity/plots/compare_cdf_pdf_layer_15.jpg
71,394752.0,ravdess,1e5geocomp,fft1216,,normal_intensity,16,0.0011799636363613,0.0021611465271768,1,,,https://github.com/yashdave003/hierarchical-bayesian-model-validation/blob/main/results-audio/case-studies/ravdess/1e5geocomp/fft1216/normal_intensity/plots/compare_cdf_pdf_layer_16.jpg
72,95040.0,ravdess,1e5geocomp,fft1216,,statement_1,12,0.0033191701935689,0.0044035688430304,1,,,https://github.com/yashdave003/hierarchical-bayesian-model-validation/blob/main/results-audio/case-studies/ravdess/1e5geocomp/fft1216/statement_1/plots/compare_cdf_pdf_layer_12.jpg
73,132480.0,ravdess,1e5geocomp,fft1216,,statement_1,13,0.029979532450178,0.0037300050356849,1,,,https://github.com/yashdave003/hierarchical-bayesian-model-validation/blob/main/results-audio/case-studies/ravdess/1e5geocomp/fft1216/statement_1/plots/compare_cdf_pdf_layer_13.jpg
74,263520.0,ravdess,1e5geocomp,fft1216,,statement_1,15,0.0107985084770649,0.0026449687502081,1,,,https://github.com/yashdave003/hierarchical-bayesian-model-validation/blob/main/results-audio/case-studies/ravdess/1e5geocomp/fft1216/statement_1/plots/compare_cdf_pdf_layer_15.jpg
75,370080.0,ravdess,1e5geocomp,fft1216,,statement_1,16,0.004002684294613,0.0022320082024992,1,,,https://github.com/yashdave003/hierarchical-bayesian-model-validation/blob/main/results-audio/case-studies/ravdess/1e5geocomp/fft1216/statement_1/plots/compare_cdf_pdf_layer_16.jpg
76,95040.0,ravdess,1e5geocomp,fft1216,,statement_2,12,0.0024851275115372,0.0044035688430304,1,,,https://github.com/yashdave003/hierarchical-bayesian-model-validation/blob/main/results-audio/case-studies/ravdess/1e5geocomp/fft1216/statement_2/plots/compare_cdf_pdf_layer_12.jpg
77,132480.0,ravdess,1e5geocomp,fft1216,,statement_2,13,0.0306777705467783,0.0037300050356849,1,,,https://github.com/yashdave003/hierarchical-bayesian-model-validation/blob/main/results-audio/case-studies/ravdess/1e5geocomp/fft1216/statement_2/plots/compare_cdf_pdf_layer_13.jpg
78,263520.0,ravdess,1e5geocomp,fft1216,,statement_2,15,0.0109140962972824,0.0026449687502081,1,,,https://github.com/yashdave003/hierarchical-bayesian-model-validation/blob/main/results-audio/case-studies/ravdess/1e5geocomp/fft1216/statement_2/plots/compare_cdf_pdf_layer_15.jpg
79,370080.0,ravdess,1e5geocomp,fft1216,,statement_2,16,0.0031471684146325,0.0022320082024992,1,,,https://github.com/yashdave003/hierarchical-bayesian-model-validation/blob/main/results-audio/case-studies/ravdess/1e5geocomp/fft1216/statement_2/plots/compare_cdf_pdf_layer_16.jpg
80,88704.0,ravdess,1e5geocomp,fft1216,,strong_intensity,12,0.0026098277299895,0.0045580627893774,1,,,https://github.com/yashdave003/hierarchical-bayesian-model-validation/blob/main/results-audio/case-studies/ravdess/1e5geocomp/fft1216/strong_intensity/plots/compare_cdf_pdf_layer_12.jpg
81,123648.0,ravdess,1e5geocomp,fft1216,,strong_intensity,13,0.0247338890347182,0.0038608761321581,1,,,https://github.com/yashdave003/hierarchical-bayesian-model-validation/blob/main/results-audio/case-studies/ravdess/1e5geocomp/fft1216/strong_intensity/plots/compare_cdf_pdf_layer_13.jpg
82,245952.0,ravdess,1e5geocomp,fft1216,,strong_intensity,15,0.0159910234029138,0.0027377797185594,1,,,https://github.com/yashdave003/hierarchical-bayesian-model-validation/blob/main/results-audio/case-studies/ravdess/1e5geocomp/fft1216/strong_intensity/plots/compare_cdf_pdf_layer_15.jpg
83,345408.0,ravdess,1e5geocomp,fft1216,,strong_intensity,16,0.0051602250654985,0.0023103315831848,1,,,https://github.com/yashdave003/hierarchical-bayesian-model-validation/blob/main/results-audio/case-studies/ravdess/1e5geocomp/fft1216/strong_intensity/plots/compare_cdf_pdf_layer_16.jpg
84,1440.0,ravdess,1e5geocomp,fftmean,,female,2,0.0081793851492925,0.0356711674760886,1,,,https://github.com/yashdave003/hierarchical-bayesian-model-validation/blob/main/results-audio/case-studies/ravdess/1e5geocomp/fftmean/female/plots/compare_cdf_pdf_layer_2.jpg
85,14400.0,ravdess,1e5geocomp,fftmean,,female,5,0.0067908619680266,0.0113058468964689,1,,,https://github.com/yashdave003/hierarchical-bayesian-model-validation/blob/main/results-audio/case-studies/ravdess/1e5geocomp/fftmean/female/plots/compare_cdf_pdf_layer_5.jpg
86,27360.0,ravdess,1e5geocomp,fftmean,,female,8,0.0043179357736275,0.0082044517593134,1,,,https://github.com/yashdave003/hierarchical-bayesian-model-validation/blob/main/results-audio/case-studies/ravdess/1e5geocomp/fftmean/female/plots/compare_cdf_pdf_layer_8.jpg
87,56160.0,ravdess,1e5geocomp,fftmean,,female,11,0.0014182913777001,0.0057278566449346,1,,,https://github.com/yashdave003/hierarchical-bayesian-model-validation/blob/main/results-audio/case-studies/ravdess/1e5geocomp/fftmean/female/plots/compare_cdf_pdf_layer_11.jpg
88,112320.0,ravdess,1e5geocomp,fftmean,,female,14,0.0119780370697686,0.004050824017412,1,,,https://github.com/yashdave003/hierarchical-bayesian-model-validation/blob/main/results-audio/case-studies/ravdess/1e5geocomp/fftmean/female/plots/compare_cdf_pdf_layer_14.jpg
89,901440.0,ravdess,1e5geocomp,fftmean,,female,17,0.0074422075427893,0.0014302327594031,1,,,https://github.com/yashdave003/hierarchical-bayesian-model-validation/blob/main/results-audio/case-studies/ravdess/1e5geocomp/fftmean/female/plots/compare_cdf_pdf_layer_17.jpg
90,1802880.0,ravdess,1e5geocomp,fftmean,,female,20,0.0008532473199824,0.0010113656230693,1,,,https://github.com/yashdave003/hierarchical-bayesian-model-validation/blob/main/results-audio/case-studies/ravdess/1e5geocomp/fftmean/female/plots/compare_cdf_pdf_layer_20.jpg
91,14423040.0,ravdess,1e5geocomp,fftmean,,female,23,0.0009241202008515,0.0003575928886806,1,,,https://github.com/yashdave003/hierarchical-bayesian-model-validation/blob/main/results-audio/case-studies/ravdess/1e5geocomp/fftmean/female/plots/compare_cdf_pdf_layer_23.jpg
92,7211520.0,ravdess,1e5geocomp,fftmean,,female,26,0.0011792137235289,0.000505705940851,1,,,https://github.com/yashdave003/hierarchical-bayesian-model-validation/blob/main/results-audio/case-studies/ravdess/1e5geocomp/fftmean/female/plots/compare_cdf_pdf_layer_26.jpg
93,14423040.0,ravdess,1e5geocomp,fftmean,,female,30,0.0026209410447654,0.0003575928886806,1,,,https://github.com/yashdave003/hierarchical-bayesian-model-validation/blob/main/results-audio/case-studies/ravdess/1e5geocomp/fftmean/female/plots/compare_cdf_pdf_layer_30.jpg
94,1440.0,ravdess,1e5geocomp,fftmean,,male,2,0.0106266589787932,0.0356711674760886,1,,,https://github.com/yashdave003/hierarchical-bayesian-model-validation/blob/main/results-audio/case-studies/ravdess/1e5geocomp/fftmean/male/plots/compare_cdf_pdf_layer_2.jpg
95,14400.0,ravdess,1e5geocomp,fftmean,,male,5,0.0127932243365435,0.0113058468964689,1,,,https://github.com/yashdave003/hierarchical-bayesian-model-validation/blob/main/results-audio/case-studies/ravdess/1e5geocomp/fftmean/male/plots/compare_cdf_pdf_layer_5.jpg
96,27360.0,ravdess,1e5geocomp,fftmean,,male,8,0.0102363304704929,0.0082044517593134,1,,,https://github.com/yashdave003/hierarchical-bayesian-model-validation/blob/main/results-audio/case-studies/ravdess/1e5geocomp/fftmean/male/plots/compare_cdf_pdf_layer_8.jpg
97,56160.0,ravdess,1e5geocomp,fftmean,,male,11,0.0034742652294614,0.0057278566449346,1,,,https://github.com/yashdave003/hierarchical-bayesian-model-validation/blob/main/results-audio/case-studies/ravdess/1e5geocomp/fftmean/male/plots/compare_cdf_pdf_layer_11.jpg
98,112320.0,ravdess,1e5geocomp,fftmean,,male,14,0.0104068274738113,0.004050824017412,1,,,https://github.com/yashdave003/hierarchical-bayesian-model-validation/blob/main/results-audio/case-studies/ravdess/1e5geocomp/fftmean/male/plots/compare_cdf_pdf_layer_14.jpg
99,901440.0,ravdess,1e5geocomp,fftmean,,male,17,0.0030133813946717,0.0014302327594031,1,,,https://github.com/yashdave003/hierarchical-bayesian-model-validation/blob/main/results-audio/case-studies/ravdess/1e5geocomp/fftmean/male/plots/compare_cdf_pdf_layer_17.jpg
100,1802880.0,ravdess,1e5geocomp,fftmean,,male,20,0.0013784296956784,0.0010113656230693,1,,,https://github.com/yashdave003/hierarchical-bayesian-model-validation/blob/main/results-audio/case-studies/ravdess/1e5geocomp/fftmean/male/plots/compare_cdf_pdf_layer_20.jpg
101,14423040.0,ravdess,1e5geocomp,fftmean,,male,23,0.0011305535393471,0.0003575928886806,1,,,https://github.com/yashdave003/hierarchical-bayesian-model-validation/blob/main/results-audio/case-studies/ravdess/1e5geocomp/fftmean/male/plots/compare_cdf_pdf_layer_23.jpg
102,7211520.0,ravdess,1e5geocomp,fftmean,,male,26,0.0002330960783141,0.000505705940851,1,,,https://github.com/yashdave003/hierarchical-bayesian-model-validation/blob/main/results-audio/case-studies/ravdess/1e5geocomp/fftmean/male/plots/compare_cdf_pdf_layer_26.jpg
103,14423040.0,ravdess,1e5geocomp,fftmean,,male,30,0.0022044691022536,0.0003575928886806,1,,,https://github.com/yashdave003/hierarchical-bayesian-model-validation/blob/main/results-audio/case-studies/ravdess/1e5geocomp/fftmean/male/plots/compare_cdf_pdf_layer_30.jpg
104,1536.0,ravdess,1e5geocomp,fftmean,,normal_intensity,2,0.0083922875830537,0.0345421467338566,1,,,https://github.com/yashdave003/hierarchical-bayesian-model-validation/blob/main/results-audio/case-studies/ravdess/1e5geocomp/fftmean/normal_intensity/plots/compare_cdf_pdf_layer_2.jpg
105,15360.0,ravdess,1e5geocomp,fftmean,,normal_intensity,5,0.0082377165352474,0.0109471991340796,1,,,https://github.com/yashdave003/hierarchical-bayesian-model-validation/blob/main/results-audio/case-studies/ravdess/1e5geocomp/fftmean/normal_intensity/plots/compare_cdf_pdf_layer_5.jpg
106,29184.0,ravdess,1e5geocomp,fftmean,,normal_intensity,8,0.0053340131373377,0.0079441151129578,1,,,https://github.com/yashdave003/hierarchical-bayesian-model-validation/blob/main/results-audio/case-studies/ravdess/1e5geocomp/fftmean/normal_intensity/plots/compare_cdf_pdf_layer_8.jpg
107,59904.0,ravdess,1e5geocomp,fftmean,,normal_intensity,11,0.0029041339966773,0.0055460651256572,1,,,https://github.com/yashdave003/hierarchical-bayesian-model-validation/blob/main/results-audio/case-studies/ravdess/1e5geocomp/fftmean/normal_intensity/plots/compare_cdf_pdf_layer_11.jpg
108,119808.0,ravdess,1e5geocomp,fftmean,,normal_intensity,14,0.0239763872471437,0.0039222393000244,1,,,https://github.com/yashdave003/hierarchical-bayesian-model-validation/blob/main/results-audio/case-studies/ravdess/1e5geocomp/fftmean/normal_intensity/plots/compare_cdf_pdf_layer_14.jpg
109,961536.0,ravdess,1e5geocomp,fftmean,,normal_intensity,17,0.0035486561140799,0.0013848226074512,1,,,https://github.com/yashdave003/hierarchical-bayesian-model-validation/blob/main/results-audio/case-studies/ravdess/1e5geocomp/fftmean/normal_intensity/plots/compare_cdf_pdf_layer_17.jpg
110,1923072.0,ravdess,1e5geocomp,fftmean,,normal_intensity,20,0.0007251308689568,0.0009792533989902,1,,,https://github.com/yashdave003/hierarchical-bayesian-model-validation/blob/main/results-audio/case-studies/ravdess/1e5geocomp/fftmean/normal_intensity/plots/compare_cdf_pdf_layer_20.jpg
111,15384576.0,ravdess,1e5geocomp,fftmean,,normal_intensity,23,0.0010402441295477,0.0003462381810611,1,,,https://github.com/yashdave003/hierarchical-bayesian-model-validation/blob/main/results-audio/case-studies/ravdess/1e5geocomp/fftmean/normal_intensity/plots/compare_cdf_pdf_layer_23.jpg
112,7692288.0,ravdess,1e5geocomp,fftmean,,normal_intensity,26,0.0007314393920244,0.0004896483826868,1,,,https://github.com/yashdave003/hierarchical-bayesian-model-validation/blob/main/results-audio/case-studies/ravdess/1e5geocomp/fftmean/normal_intensity/plots/compare_cdf_pdf_layer_26.jpg
113,15384576.0,ravdess,1e5geocomp,fftmean,,normal_intensity,30,0.0018570724823045,0.0003462381810611,1,,,https://github.com/yashdave003/hierarchical-bayesian-model-validation/blob/main/results-audio/case-studies/ravdess/1e5geocomp/fftmean/normal_intensity/plots/compare_cdf_pdf_layer_30.jpg
114,1440.0,ravdess,1e5geocomp,fftmean,,statement_1,2,0.0097218162328515,0.0356711674760886,1,,,https://github.com/yashdave003/hierarchical-bayesian-model-validation/blob/main/results-audio/case-studies/ravdess/1e5geocomp/fftmean/statement_1/plots/compare_cdf_pdf_layer_2.jpg
115,14400.0,ravdess,1e5geocomp,fftmean,,statement_1,5,0.0111520010162738,0.0113058468964689,1,,,https://github.com/yashdave003/hierarchical-bayesian-model-validation/blob/main/results-audio/case-studies/ravdess/1e5geocomp/fftmean/statement_1/plots/compare_cdf_pdf_layer_5.jpg
116,27360.0,ravdess,1e5geocomp,fftmean,,statement_1,8,0.0101429396645099,0.0082044517593134,1,,,https://github.com/yashdave003/hierarchical-bayesian-model-validation/blob/main/results-audio/case-studies/ravdess/1e5geocomp/fftmean/statement_1/plots/compare_cdf_pdf_layer_8.jpg
117,56160.0,ravdess,1e5geocomp,fftmean,,statement_1,11,0.0034795341067116,0.0057278566449346,1,,,https://github.com/yashdave003/hierarchical-bayesian-model-validation/blob/main/results-audio/case-studies/ravdess/1e5geocomp/fftmean/statement_1/plots/compare_cdf_pdf_layer_11.jpg
118,112320.0,ravdess,1e5geocomp,fftmean,,statement_1,14,0.0233717258199996,0.004050824017412,1,,,https://github.com/yashdave003/hierarchical-bayesian-model-validation/blob/main/results-audio/case-studies/ravdess/1e5geocomp/fftmean/statement_1/plots/compare_cdf_pdf_layer_14.jpg
119,901440.0,ravdess,1e5geocomp,fftmean,,statement_1,17,0.0048435671547759,0.0014302327594031,1,,,https://github.com/yashdave003/hierarchical-bayesian-model-validation/blob/main/results-audio/case-studies/ravdess/1e5geocomp/fftmean/statement_1/plots/compare_cdf_pdf_layer_17.jpg
120,1802880.0,ravdess,1e5geocomp,fftmean,,statement_1,20,0.0011389193122008,0.0010113656230693,1,,,https://github.com/yashdave003/hierarchical-bayesian-model-validation/blob/main/results-audio/case-studies/ravdess/1e5geocomp/fftmean/statement_1/plots/compare_cdf_pdf_layer_20.jpg
121,14423040.0,ravdess,1e5geocomp,fftmean,,statement_1,23,0.0010965261764022,0.0003575928886806,1,,,https://github.com/yashdave003/hierarchical-bayesian-model-validation/blob/main/results-audio/case-studies/ravdess/1e5geocomp/fftmean/statement_1/plots/compare_cdf_pdf_layer_23.jpg
122,7211520.0,ravdess,1e5geocomp,fftmean,,statement_1,26,0.0003738825404024,0.000505705940851,1,,,https://github.com/yashdave003/hierarchical-bayesian-model-validation/blob/main/results-audio/case-studies/ravdess/1e5geocomp/fftmean/statement_1/plots/compare_cdf_pdf_layer_26.jpg
123,14423040.0,ravdess,1e5geocomp,fftmean,,statement_1,30,0.001767643292972,0.0003575928886806,1,,,https://github.com/yashdave003/hierarchical-bayesian-model-validation/blob/main/results-audio/case-studies/ravdess/1e5geocomp/fftmean/statement_1/plots/compare_cdf_pdf_layer_30.jpg
124,1440.0,ravdess,1e5geocomp,fftmean,,statement_2,2,0.0060963336447462,0.0356711674760886,1,,,https://github.com/yashdave003/hierarchical-bayesian-model-validation/blob/main/results-audio/case-studies/ravdess/1e5geocomp/fftmean/statement_2/plots/compare_cdf_pdf_layer_2.jpg
125,14400.0,ravdess,1e5geocomp,fftmean,,statement_2,5,0.0085798553625132,0.0113058468964689,1,,,https://github.com/yashdave003/hierarchical-bayesian-model-validation/blob/main/results-audio/case-studies/ravdess/1e5geocomp/fftmean/statement_2/plots/compare_cdf_pdf_layer_5.jpg
126,27360.0,ravdess,1e5geocomp,fftmean,,statement_2,8,0.0052584281094773,0.0082044517593134,1,,,https://github.com/yashdave003/hierarchical-bayesian-model-validation/blob/main/results-audio/case-studies/ravdess/1e5geocomp/fftmean/statement_2/plots/compare_cdf_pdf_layer_8.jpg
127,56160.0,ravdess,1e5geocomp,fftmean,,statement_2,11,0.0017568515744019,0.0057278566449346,1,,,https://github.com/yashdave003/hierarchical-bayesian-model-validation/blob/main/results-audio/case-studies/ravdess/1e5geocomp/fftmean/statement_2/plots/compare_cdf_pdf_layer_11.jpg
128,112320.0,ravdess,1e5geocomp,fftmean,,statement_2,14,0.022839856973087,0.004050824017412,1,,,https://github.com/yashdave003/hierarchical-bayesian-model-validation/blob/main/results-audio/case-studies/ravdess/1e5geocomp/fftmean/statement_2/plots/compare_cdf_pdf_layer_14.jpg
129,901440.0,ravdess,1e5geocomp,fftmean,,statement_2,17,0.0053789825336743,0.0014302327594031,1,,,https://github.com/yashdave003/hierarchical-bayesian-model-validation/blob/main/results-audio/case-studies/ravdess/1e5geocomp/fftmean/statement_2/plots/compare_cdf_pdf_layer_17.jpg
130,1802880.0,ravdess,1e5geocomp,fftmean,,statement_2,20,0.0014016315670255,0.0010113656230693,1,,,https://github.com/yashdave003/hierarchical-bayesian-model-validation/blob/main/results-audio/case-studies/ravdess/1e5geocomp/fftmean/statement_2/plots/compare_cdf_pdf_layer_20.jpg
131,14423040.0,ravdess,1e5geocomp,fftmean,,statement_2,23,0.0014876849999245,0.0003575928886806,1,,,https://github.com/yashdave003/hierarchical-bayesian-model-validation/blob/main/results-audio/case-studies/ravdess/1e5geocomp/fftmean/statement_2/plots/compare_cdf_pdf_layer_23.jpg
132,7211520.0,ravdess,1e5geocomp,fftmean,,statement_2,26,0.0006393874661146,0.000505705940851,1,,,https://github.com/yashdave003/hierarchical-bayesian-model-validation/blob/main/results-audio/case-studies/ravdess/1e5geocomp/fftmean/statement_2/plots/compare_cdf_pdf_layer_26.jpg
133,14423040.0,ravdess,1e5geocomp,fftmean,,statement_2,30,0.0017334971829948,0.0003575928886806,1,,,https://github.com/yashdave003/hierarchical-bayesian-model-validation/blob/main/results-audio/case-studies/ravdess/1e5geocomp/fftmean/statement_2/plots/compare_cdf_pdf_layer_30.jpg
134,1344.0,ravdess,1e5geocomp,fftmean,,strong_intensity,2,0.0093488738981471,0.0369188040002903,1,,,https://github.com/yashdave003/hierarchical-bayesian-model-validation/blob/main/results-audio/case-studies/ravdess/1e5geocomp/fftmean/strong_intensity/plots/compare_cdf_pdf_layer_2.jpg
135,13440.0,ravdess,1e5geocomp,fftmean,,strong_intensity,5,0.0130221279669116,0.0117022378542223,1,,,https://github.com/yashdave003/hierarchical-bayesian-model-validation/blob/main/results-audio/case-studies/ravdess/1e5geocomp/fftmean/strong_intensity/plots/compare_cdf_pdf_layer_5.jpg
136,25536.0,ravdess,1e5geocomp,fftmean,,strong_intensity,8,0.0115874341067959,0.0084921911680473,1,,,https://github.com/yashdave003/hierarchical-bayesian-model-validation/blob/main/results-audio/case-studies/ravdess/1e5geocomp/fftmean/strong_intensity/plots/compare_cdf_pdf_layer_8.jpg
137,52416.0,ravdess,1e5geocomp,fftmean,,strong_intensity,11,0.0023564018153983,0.0059287864316027,1,,,https://github.com/yashdave003/hierarchical-bayesian-model-validation/blob/main/results-audio/case-studies/ravdess/1e5geocomp/fftmean/strong_intensity/plots/compare_cdf_pdf_layer_11.jpg
138,104832.0,ravdess,1e5geocomp,fftmean,,strong_intensity,14,0.0185074320236048,0.004192947073336,1,,,https://github.com/yashdave003/hierarchical-bayesian-model-validation/blob/main/results-audio/case-studies/ravdess/1e5geocomp/fftmean/strong_intensity/plots/compare_cdf_pdf_layer_14.jpg
139,841344.0,ravdess,1e5geocomp,fftmean,,strong_intensity,17,0.0070521571592352,0.0014804248264702,1,,,https://github.com/yashdave003/hierarchical-bayesian-model-validation/blob/main/results-audio/case-studies/ravdess/1e5geocomp/fftmean/strong_intensity/plots/compare_cdf_pdf_layer_17.jpg
140,1682688.0,ravdess,1e5geocomp,fftmean,,strong_intensity,20,0.001214595596613,0.0010468595144609,1,,,https://github.com/yashdave003/hierarchical-bayesian-model-validation/blob/main/results-audio/case-studies/ravdess/1e5geocomp/fftmean/strong_intensity/plots/compare_cdf_pdf_layer_20.jpg
141,13461504.0,ravdess,1e5geocomp,fftmean,,strong_intensity,23,0.001303552284513,0.0003701433851412,1,,,https://github.com/yashdave003/hierarchical-bayesian-model-validation/blob/main/results-audio/case-studies/ravdess/1e5geocomp/fftmean/strong_intensity/plots/compare_cdf_pdf_layer_23.jpg
142,6730752.0,ravdess,1e5geocomp,fftmean,,strong_intensity,26,0.0009856476959591,0.0005234545393228,1,,,https://github.com/yashdave003/hierarchical-bayesian-model-validation/blob/main/results-audio/case-studies/ravdess/1e5geocomp/fftmean/strong_intensity/plots/compare_cdf_pdf_layer_26.jpg
143,13461504.0,ravdess,1e5geocomp,fftmean,,strong_intensity,30,0.002763176561126,0.0003701433851412,1,,,https://github.com/yashdave003/hierarchical-bayesian-model-validation/blob/main/results-audio/case-studies/ravdess/1e5geocomp/fftmean/strong_intensity/plots/compare_cdf_pdf_layer_30.jpg
144,12286890.0,ravdess,1e5geocomp,stft,,female,2,0.0017486921935464,0.0003874316720616,1,,,https://github.com/yashdave003/hierarchical-bayesian-model-validation/blob/main/results-audio/case-studies/ravdess/1e5geocomp/stft/female/plots/compare_cdf_pdf_layer_2.jpg
145,14562240.0,ravdess,1e5geocomp,stft,,female,3,0.0016481707752964,0.0003558797301684,1,,,https://github.com/yashdave003/hierarchical-bayesian-model-validation/blob/main/results-audio/case-studies/ravdess/1e5geocomp/stft/female/plots/compare_cdf_pdf_layer_3.jpg
146,17747730.0,ravdess,1e5geocomp,stft,,female,4,0.0026345315165709,0.0003223645330225,1,,,https://github.com/yashdave003/hierarchical-bayesian-model-validation/blob/main/results-audio/case-studies/ravdess/1e5geocomp/stft/female/plots/compare_cdf_pdf_layer_4.jpg
147,20933220.0,ravdess,1e5geocomp,stft,,female,5,0.0039352060642369,0.0002968257982466,1,,,https://github.com/yashdave003/hierarchical-bayesian-model-validation/blob/main/results-audio/case-studies/ravdess/1e5geocomp/stft/female/plots/compare_cdf_pdf_layer_5.jpg
148,25028850.0,ravdess,1e5geocomp,stft,,female,6,0.0057745165320315,0.0002714564788786,1,,,https://github.com/yashdave003/hierarchical-bayesian-model-validation/blob/main/results-audio/case-studies/ravdess/1e5geocomp/stft/female/plots/compare_cdf_pdf_layer_6.jpg
149,30034620.0,ravdess,1e5geocomp,stft,,female,7,0.0052448235821875,0.0002478052578863,1,,,https://github.com/yashdave003/hierarchical-bayesian-model-validation/blob/main/results-audio/case-studies/ravdess/1e5geocomp/stft/female/plots/compare_cdf_pdf_layer_7.jpg
150,35950530.0,ravdess,1e5geocomp,stft,,female,8,0.0058055961208312,0.0002265008183011,1,,,https://github.com/yashdave003/hierarchical-bayesian-model-validation/blob/main/results-audio/case-studies/ravdess/1e5geocomp/stft/female/plots/compare_cdf_pdf_layer_8.jpg
151,57793890.0,ravdess,1e5geocomp,stft,,female,9,0.0051343093738498,0.0001786419041288,1,,,https://github.com/yashdave003/hierarchical-bayesian-model-validation/blob/main/results-audio/case-studies/ravdess/1e5geocomp/stft/female/plots/compare_cdf_pdf_layer_9.jpg
152,12144492.0,ravdess,1e5geocomp,stft,,male,2,0.001676931100455,0.0003896963521545,1,,,https://github.com/yashdave003/hierarchical-bayesian-model-validation/blob/main/results-audio/case-studies/ravdess/1e5geocomp/stft/male/plots/compare_cdf_pdf_layer_2.jpg
153,14393472.0,ravdess,1e5geocomp,stft,,male,3,0.0029586476732401,0.0003579599835704,1,,,https://github.com/yashdave003/hierarchical-bayesian-model-validation/blob/main/results-audio/case-studies/ravdess/1e5geocomp/stft/male/plots/compare_cdf_pdf_layer_3.jpg
154,17542044.0,ravdess,1e5geocomp,stft,,male,4,0.003167423948252,0.0003242488829986,1,,,https://github.com/yashdave003/hierarchical-bayesian-model-validation/blob/main/results-audio/case-studies/ravdess/1e5geocomp/stft/male/plots/compare_cdf_pdf_layer_4.jpg
155,20690616.0,ravdess,1e5geocomp,stft,,male,5,0.002657854230106,0.0002985608681066,1,,,https://github.com/yashdave003/hierarchical-bayesian-model-validation/blob/main/results-audio/case-studies/ravdess/1e5geocomp/stft/male/plots/compare_cdf_pdf_layer_5.jpg
156,24738780.0,ravdess,1e5geocomp,stft,,male,6,0.0037303702989683,0.0002730432582097,1,,,https://github.com/yashdave003/hierarchical-bayesian-model-validation/blob/main/results-audio/case-studies/ravdess/1e5geocomp/stft/male/plots/compare_cdf_pdf_layer_6.jpg
157,29686536.0,ravdess,1e5geocomp,stft,,male,7,0.0037904435087631,0.0002492537888214,1,,,https://github.com/yashdave003/hierarchical-bayesian-model-validation/blob/main/results-audio/case-studies/ravdess/1e5geocomp/stft/male/plots/compare_cdf_pdf_layer_7.jpg
158,35533884.0,ravdess,1e5geocomp,stft,,male,8,0.0043849574360952,0.0002278248179637,1,,,https://github.com/yashdave003/hierarchical-bayesian-model-validation/blob/main/results-audio/case-studies/ravdess/1e5geocomp/stft/male/plots/compare_cdf_pdf_layer_8.jpg
159,57124092.0,ravdess,1e5geocomp,stft,,male,9,0.0053866293221476,0.0001796861513503,1,,,https://github.com/yashdave003/hierarchical-bayesian-model-validation/blob/main/results-audio/case-studies/ravdess/1e5geocomp/stft/male/plots/compare_cdf_pdf_layer_9.jpg
160,12238722.0,ravdess,1e5geocomp,stft,,normal_intensity,2,0.0011513568303786,0.0003881933050449,1,,,https://github.com/yashdave003/hierarchical-bayesian-model-validation/blob/main/results-audio/case-studies/ravdess/1e5geocomp/stft/normal_intensity/plots/compare_cdf_pdf_layer_2.jpg
161,14505152.0,ravdess,1e5geocomp,stft,,normal_intensity,3,0.0022121766431978,0.0003565793387321,1,,,https://github.com/yashdave003/hierarchical-bayesian-model-validation/blob/main/results-audio/case-studies/ravdess/1e5geocomp/stft/normal_intensity/plots/compare_cdf_pdf_layer_3.jpg
162,17678154.0,ravdess,1e5geocomp,stft,,normal_intensity,4,0.0025578997849179,0.0003229982574349,1,,,https://github.com/yashdave003/hierarchical-bayesian-model-validation/blob/main/results-audio/case-studies/ravdess/1e5geocomp/stft/normal_intensity/plots/compare_cdf_pdf_layer_4.jpg
163,20851156.0,ravdess,1e5geocomp,stft,,normal_intensity,5,0.0061864940357022,0.0002974093183631,1,,,https://github.com/yashdave003/hierarchical-bayesian-model-validation/blob/main/results-audio/case-studies/ravdess/1e5geocomp/stft/normal_intensity/plots/compare_cdf_pdf_layer_5.jpg
164,24930730.0,ravdess,1e5geocomp,stft,,normal_intensity,6,0.0069274601229438,0.0002719901275075,1,,,https://github.com/yashdave003/hierarchical-bayesian-model-validation/blob/main/results-audio/case-studies/ravdess/1e5geocomp/stft/normal_intensity/plots/compare_cdf_pdf_layer_6.jpg
165,29916876.0,ravdess,1e5geocomp,stft,,normal_intensity,7,0.0071457685595756,0.0002482924122914,1,,,https://github.com/yashdave003/hierarchical-bayesian-model-validation/blob/main/results-audio/case-studies/ravdess/1e5geocomp/stft/normal_intensity/plots/compare_cdf_pdf_layer_7.jpg
166,35809594.0,ravdess,1e5geocomp,stft,,normal_intensity,8,0.008501171823084,0.0002269460916795,1,,,https://github.com/yashdave003/hierarchical-bayesian-model-validation/blob/main/results-audio/case-studies/ravdess/1e5geocomp/stft/normal_intensity/plots/compare_cdf_pdf_layer_8.jpg
167,57567322.0,ravdess,1e5geocomp,stft,,normal_intensity,9,0.0089512128983721,0.0001789930941582,1,,,https://github.com/yashdave003/hierarchical-bayesian-model-validation/blob/main/results-audio/case-studies/ravdess/1e5geocomp/stft/normal_intensity/plots/compare_cdf_pdf_layer_9.jpg
168,12280680.0,ravdess,1e5geocomp,stft,,statement_1,2,0.0011537888559295,0.0003875296129868,1,,,https://github.com/yashdave003/hierarchical-bayesian-model-validation/blob/main/results-audio/case-studies/ravdess/1e5geocomp/stft/statement_1/plots/compare_cdf_pdf_layer_2.jpg
169,14554880.0,ravdess,1e5geocomp,stft,,statement_1,3,0.0019226968818358,0.0003559696951662,1,,,https://github.com/yashdave003/hierarchical-bayesian-model-validation/blob/main/results-audio/case-studies/ravdess/1e5geocomp/stft/statement_1/plots/compare_cdf_pdf_layer_3.jpg
170,17738760.0,ravdess,1e5geocomp,stft,,statement_1,4,0.0040630025755007,0.0003224460257572,1,,,https://github.com/yashdave003/hierarchical-bayesian-model-validation/blob/main/results-audio/case-studies/ravdess/1e5geocomp/stft/statement_1/plots/compare_cdf_pdf_layer_4.jpg
171,20922640.0,ravdess,1e5geocomp,stft,,statement_1,5,0.0019122228100587,0.0002969008350433,1,,,https://github.com/yashdave003/hierarchical-bayesian-model-validation/blob/main/results-audio/case-studies/ravdess/1e5geocomp/stft/statement_1/plots/compare_cdf_pdf_layer_5.jpg
172,25016200.0,ravdess,1e5geocomp,stft,,statement_1,6,0.0025932858084149,0.0002715251025342,1,,,https://github.com/yashdave003/hierarchical-bayesian-model-validation/blob/main/results-audio/case-studies/ravdess/1e5geocomp/stft/statement_1/plots/compare_cdf_pdf_layer_6.jpg
173,30019440.0,ravdess,1e5geocomp,stft,,statement_1,7,0.0024942189234944,0.0002478679026945,1,,,https://github.com/yashdave003/hierarchical-bayesian-model-validation/blob/main/results-audio/case-studies/ravdess/1e5geocomp/stft/statement_1/plots/compare_cdf_pdf_layer_7.jpg
174,35932360.0,ravdess,1e5geocomp,stft,,statement_1,8,0.0024550554063688,0.0002265580774883,1,,,https://github.com/yashdave003/hierarchical-bayesian-model-validation/blob/main/results-audio/case-studies/ravdess/1e5geocomp/stft/statement_1/plots/compare_cdf_pdf_layer_8.jpg
175,57764680.0,ravdess,1e5geocomp,stft,,statement_1,9,0.0029320107813409,0.0001786870648244,1,,,https://github.com/yashdave003/hierarchical-bayesian-model-validation/blob/main/results-audio/case-studies/ravdess/1e5geocomp/stft/statement_1/plots/compare_cdf_pdf_layer_9.jpg
176,12150702.0,ravdess,1e5geocomp,stft,,statement_2,2,0.0018765300503806,0.0003895967596213,1,,,https://github.com/yashdave003/hierarchical-bayesian-model-validation/blob/main/results-audio/case-studies/ravdess/1e5geocomp/stft/statement_2/plots/compare_cdf_pdf_layer_2.jpg
177,14400832.0,ravdess,1e5geocomp,stft,,statement_2,3,0.0015414788000003,0.0003578685014621,1,,,https://github.com/yashdave003/hierarchical-bayesian-model-validation/blob/main/results-audio/case-studies/ravdess/1e5geocomp/stft/statement_2/plots/compare_cdf_pdf_layer_3.jpg
178,17551014.0,ravdess,1e5geocomp,stft,,statement_2,4,0.0029610749422166,0.0003241660160214,1,,,https://github.com/yashdave003/hierarchical-bayesian-model-validation/blob/main/results-audio/case-studies/ravdess/1e5geocomp/stft/statement_2/plots/compare_cdf_pdf_layer_4.jpg
179,20701196.0,ravdess,1e5geocomp,stft,,statement_2,5,0.0057377840516452,0.0002984845659343,1,,,https://github.com/yashdave003/hierarchical-bayesian-model-validation/blob/main/results-audio/case-studies/ravdess/1e5geocomp/stft/statement_2/plots/compare_cdf_pdf_layer_5.jpg
180,24751430.0,ravdess,1e5geocomp,stft,,statement_2,6,0.0074158368027105,0.0002729734773241,1,,,https://github.com/yashdave003/hierarchical-bayesian-model-validation/blob/main/results-audio/case-studies/ravdess/1e5geocomp/stft/statement_2/plots/compare_cdf_pdf_layer_6.jpg
181,29701716.0,ravdess,1e5geocomp,stft,,statement_2,7,0.0069739777464156,0.0002491900876056,1,,,https://github.com/yashdave003/hierarchical-bayesian-model-validation/blob/main/results-audio/case-studies/ravdess/1e5geocomp/stft/statement_2/plots/compare_cdf_pdf_layer_7.jpg
182,35552054.0,ravdess,1e5geocomp,stft,,statement_2,8,0.0069020420617444,0.0002277665931877,1,,,https://github.com/yashdave003/hierarchical-bayesian-model-validation/blob/main/results-audio/case-studies/ravdess/1e5geocomp/stft/statement_2/plots/compare_cdf_pdf_layer_8.jpg
183,57153302.0,ravdess,1e5geocomp,stft,,statement_2,9,0.00725608334019,0.0001796402290863,1,,,https://github.com/yashdave003/hierarchical-bayesian-model-validation/blob/main/results-audio/case-studies/ravdess/1e5geocomp/stft/statement_2/plots/compare_cdf_pdf_layer_9.jpg
184,12192660.0,ravdess,1e5geocomp,stft,,strong_intensity,2,0.0018412314709185,0.0003889258554418,1,,,https://github.com/yashdave003/hierarchical-bayesian-model-validation/blob/main/results-audio/case-studies/ravdess/1e5geocomp/stft/strong_intensity/plots/compare_cdf_pdf_layer_2.jpg
185,14450560.0,ravdess,1e5geocomp,stft,,strong_intensity,3,0.0017115296584991,0.0003572522330892,1,,,https://github.com/yashdave003/hierarchical-bayesian-model-validation/blob/main/results-audio/case-studies/ravdess/1e5geocomp/stft/strong_intensity/plots/compare_cdf_pdf_layer_3.jpg
186,17611620.0,ravdess,1e5geocomp,stft,,strong_intensity,4,0.0024028632167433,0.0003236077834015,1,,,https://github.com/yashdave003/hierarchical-bayesian-model-validation/blob/main/results-audio/case-studies/ravdess/1e5geocomp/stft/strong_intensity/plots/compare_cdf_pdf_layer_4.jpg
187,20772680.0,ravdess,1e5geocomp,stft,,strong_intensity,5,0.0030583385016433,0.0002979705570645,1,,,https://github.com/yashdave003/hierarchical-bayesian-model-validation/blob/main/results-audio/case-studies/ravdess/1e5geocomp/stft/strong_intensity/plots/compare_cdf_pdf_layer_5.jpg
188,24836900.0,ravdess,1e5geocomp,stft,,strong_intensity,6,0.0042177952543994,0.000272503399043,1,,,https://github.com/yashdave003/hierarchical-bayesian-model-validation/blob/main/results-audio/case-studies/ravdess/1e5geocomp/stft/strong_intensity/plots/compare_cdf_pdf_layer_6.jpg
189,29804280.0,ravdess,1e5geocomp,stft,,strong_intensity,7,0.0046336430575548,0.0002487609649645,1,,,https://github.com/yashdave003/hierarchical-bayesian-model-validation/blob/main/results-audio/case-studies/ravdess/1e5geocomp/stft/strong_intensity/plots/compare_cdf_pdf_layer_7.jpg
190,35674820.0,ravdess,1e5geocomp,stft,,strong_intensity,8,0.0029339489930408,0.0002273743625338,1,,,https://github.com/yashdave003/hierarchical-bayesian-model-validation/blob/main/results-audio/case-studies/ravdess/1e5geocomp/stft/strong_intensity/plots/compare_cdf_pdf_layer_8.jpg
191,57350660.0,ravdess,1e5geocomp,stft,,strong_intensity,9,0.0035411097884769,0.0001793308741911,1,,,https://github.com/yashdave003/hierarchical-bayesian-model-validation/blob/main/results-audio/case-studies/ravdess/1e5geocomp/stft/strong_intensity/plots/compare_cdf_pdf_layer_9.jpg
192,14562240.0,ravdess,1e5geocomp,stftmean,,female,2,0.0017246061007667,0.0003558797301684,1,,,https://github.com/yashdave003/hierarchical-bayesian-model-validation/blob/main/results-audio/case-studies/ravdess/1e5geocomp/stftmean/female/plots/compare_cdf_pdf_layer_2.jpg
193,14562240.0,ravdess,1e5geocomp,stftmean,,female,3,0.0017710721889122,0.0003558797301684,1,,,https://github.com/yashdave003/hierarchical-bayesian-model-validation/blob/main/results-audio/case-studies/ravdess/1e5geocomp/stftmean/female/plots/compare_cdf_pdf_layer_3.jpg
194,14562240.0,ravdess,1e5geocomp,stftmean,,female,4,0.0016113207594687,0.0003558797301684,1,,,https://github.com/yashdave003/hierarchical-bayesian-model-validation/blob/main/results-audio/case-studies/ravdess/1e5geocomp/stftmean/female/plots/compare_cdf_pdf_layer_4.jpg
195,58248960.0,ravdess,1e5geocomp,stftmean,,female,5,0.0044405452842679,0.0001779427271561,1,,,https://github.com/yashdave003/hierarchical-bayesian-model-validation/blob/main/results-audio/case-studies/ravdess/1e5geocomp/stftmean/female/plots/compare_cdf_pdf_layer_5.jpg
196,29124480.0,ravdess,1e5geocomp,stftmean,,female,6,0.0053779541552922,0.0002516473415973,1,,,https://github.com/yashdave003/hierarchical-bayesian-model-validation/blob/main/results-audio/case-studies/ravdess/1e5geocomp/stftmean/female/plots/compare_cdf_pdf_layer_6.jpg
197,29124480.0,ravdess,1e5geocomp,stftmean,,female,7,0.0054675523761412,0.0002516473415973,1,,,https://github.com/yashdave003/hierarchical-bayesian-model-validation/blob/main/results-audio/case-studies/ravdess/1e5geocomp/stftmean/female/plots/compare_cdf_pdf_layer_7.jpg
198,29124480.0,ravdess,1e5geocomp,stftmean,,female,8,0.0056758578573365,0.0002516473415973,1,,,https://github.com/yashdave003/hierarchical-bayesian-model-validation/blob/main/results-audio/case-studies/ravdess/1e5geocomp/stftmean/female/plots/compare_cdf_pdf_layer_8.jpg
199,29579550.0,ravdess,1e5geocomp,stftmean,,female,9,0.0047783706452697,0.0002497041336613,1,,,https://github.com/yashdave003/hierarchical-bayesian-model-validation/blob/main/results-audio/case-studies/ravdess/1e5geocomp/stftmean/female/plots/compare_cdf_pdf_layer_9.jpg
200,14393472.0,ravdess,1e5geocomp,stftmean,,male,2,0.0018736187026832,0.0003579599835704,1,,,https://github.com/yashdave003/hierarchical-bayesian-model-validation/blob/main/results-audio/case-studies/ravdess/1e5geocomp/stftmean/male/plots/compare_cdf_pdf_layer_2.jpg
201,14393472.0,ravdess,1e5geocomp,stftmean,,male,3,0.0027628384506184,0.0003579599835704,1,,,https://github.com/yashdave003/hierarchical-bayesian-model-validation/blob/main/results-audio/case-studies/ravdess/1e5geocomp/stftmean/male/plots/compare_cdf_pdf_layer_3.jpg
202,14393472.0,ravdess,1e5geocomp,stftmean,,male,4,0.0026484652792366,0.0003579599835704,1,,,https://github.com/yashdave003/hierarchical-bayesian-model-validation/blob/main/results-audio/case-studies/ravdess/1e5geocomp/stftmean/male/plots/compare_cdf_pdf_layer_4.jpg
203,57573888.0,ravdess,1e5geocomp,stftmean,,male,5,0.0032644777399073,0.0001789828874204,1,,,https://github.com/yashdave003/hierarchical-bayesian-model-validation/blob/main/results-audio/case-studies/ravdess/1e5geocomp/stftmean/male/plots/compare_cdf_pdf_layer_5.jpg
204,28786944.0,ravdess,1e5geocomp,stftmean,,male,6,0.0038576877550429,0.0002531183306908,1,,,https://github.com/yashdave003/hierarchical-bayesian-model-validation/blob/main/results-audio/case-studies/ravdess/1e5geocomp/stftmean/male/plots/compare_cdf_pdf_layer_6.jpg
205,28786944.0,ravdess,1e5geocomp,stftmean,,male,7,0.0047490530139648,0.0002531183306908,1,,,https://github.com/yashdave003/hierarchical-bayesian-model-validation/blob/main/results-audio/case-studies/ravdess/1e5geocomp/stftmean/male/plots/compare_cdf_pdf_layer_7.jpg
206,28786944.0,ravdess,1e5geocomp,stftmean,,male,8,0.0055818272842717,0.0002531183306908,1,,,https://github.com/yashdave003/hierarchical-bayesian-model-validation/blob/main/results-audio/case-studies/ravdess/1e5geocomp/stftmean/male/plots/compare_cdf_pdf_layer_8.jpg
207,29236740.0,ravdess,1e5geocomp,stftmean,,male,9,0.0054254498097338,0.00025116376411,1,,,https://github.com/yashdave003/hierarchical-bayesian-model-validation/blob/main/results-audio/case-studies/ravdess/1e5geocomp/stftmean/male/plots/compare_cdf_pdf_layer_9.jpg
208,14505152.0,ravdess,1e5geocomp,stftmean,,normal_intensity,2,0.0016349463635568,0.0003565793387321,1,,,https://github.com/yashdave003/hierarchical-bayesian-model-validation/blob/main/results-audio/case-studies/ravdess/1e5geocomp/stftmean/normal_intensity/plots/compare_cdf_pdf_layer_2.jpg
209,14505152.0,ravdess,1e5geocomp,stftmean,,normal_intensity,3,0.0030082276742524,0.0003565793387321,1,,,https://github.com/yashdave003/hierarchical-bayesian-model-validation/blob/main/results-audio/case-studies/ravdess/1e5geocomp/stftmean/normal_intensity/plots/compare_cdf_pdf_layer_3.jpg
210,14505152.0,ravdess,1e5geocomp,stftmean,,normal_intensity,4,0.0039792310625559,0.0003565793387321,1,,,https://github.com/yashdave003/hierarchical-bayesian-model-validation/blob/main/results-audio/case-studies/ravdess/1e5geocomp/stftmean/normal_intensity/plots/compare_cdf_pdf_layer_4.jpg
211,58020608.0,ravdess,1e5geocomp,stftmean,,normal_intensity,5,0.0065275932512663,0.0001782925427037,1,,,https://github.com/yashdave003/hierarchical-bayesian-model-validation/blob/main/results-audio/case-studies/ravdess/1e5geocomp/stftmean/normal_intensity/plots/compare_cdf_pdf_layer_5.jpg
212,29010304.0,ravdess,1e5geocomp,stftmean,,normal_intensity,6,0.0074953079007951,0.0002521420488903,1,,,https://github.com/yashdave003/hierarchical-bayesian-model-validation/blob/main/results-audio/case-studies/ravdess/1e5geocomp/stftmean/normal_intensity/plots/compare_cdf_pdf_layer_6.jpg
213,29010304.0,ravdess,1e5geocomp,stftmean,,normal_intensity,7,0.0088947408959099,0.0002521420488903,1,,,https://github.com/yashdave003/hierarchical-bayesian-model-validation/blob/main/results-audio/case-studies/ravdess/1e5geocomp/stftmean/normal_intensity/plots/compare_cdf_pdf_layer_7.jpg
214,29010304.0,ravdess,1e5geocomp,stftmean,,normal_intensity,8,0.0094825346180296,0.0002521420488903,1,,,https://github.com/yashdave003/hierarchical-bayesian-model-validation/blob/main/results-audio/case-studies/ravdess/1e5geocomp/stftmean/normal_intensity/plots/compare_cdf_pdf_layer_8.jpg
215,29463590.0,ravdess,1e5geocomp,stftmean,,normal_intensity,9,0.0087363666252193,0.0002501950209362,1,,,https://github.com/yashdave003/hierarchical-bayesian-model-validation/blob/main/results-audio/case-studies/ravdess/1e5geocomp/stftmean/normal_intensity/plots/compare_cdf_pdf_layer_9.jpg
216,14554880.0,ravdess,1e5geocomp,stftmean,,statement_1,2,0.0019145001548926,0.0003559696951662,1,,,https://github.com/yashdave003/hierarchical-bayesian-model-validation/blob/main/results-audio/case-studies/ravdess/1e5geocomp/stftmean/statement_1/plots/compare_cdf_pdf_layer_2.jpg
217,14554880.0,ravdess,1e5geocomp,stftmean,,statement_1,3,0.0015817369061301,0.0003559696951662,1,,,https://github.com/yashdave003/hierarchical-bayesian-model-validation/blob/main/results-audio/case-studies/ravdess/1e5geocomp/stftmean/statement_1/plots/compare_cdf_pdf_layer_3.jpg
218,14554880.0,ravdess,1e5geocomp,stftmean,,statement_1,4,0.0036628238205778,0.0003559696951662,1,,,https://github.com/yashdave003/hierarchical-bayesian-model-validation/blob/main/results-audio/case-studies/ravdess/1e5geocomp/stftmean/statement_1/plots/compare_cdf_pdf_layer_4.jpg
219,58219520.0,ravdess,1e5geocomp,stftmean,,statement_1,5,0.002166043674489,0.0001779877111025,1,,,https://github.com/yashdave003/hierarchical-bayesian-model-validation/blob/main/results-audio/case-studies/ravdess/1e5geocomp/stftmean/statement_1/plots/compare_cdf_pdf_layer_5.jpg
220,29109760.0,ravdess,1e5geocomp,stftmean,,statement_1,6,0.0027495990565664,0.0002517109576565,1,,,https://github.com/yashdave003/hierarchical-bayesian-model-validation/blob/main/results-audio/case-studies/ravdess/1e5geocomp/stftmean/statement_1/plots/compare_cdf_pdf_layer_6.jpg
221,29109760.0,ravdess,1e5geocomp,stftmean,,statement_1,7,0.0026355689854961,0.0002517109576565,1,,,https://github.com/yashdave003/hierarchical-bayesian-model-validation/blob/main/results-audio/case-studies/ravdess/1e5geocomp/stftmean/statement_1/plots/compare_cdf_pdf_layer_7.jpg
222,29109760.0,ravdess,1e5geocomp,stftmean,,statement_1,8,0.003536758659383,0.0002517109576565,1,,,https://github.com/yashdave003/hierarchical-bayesian-model-validation/blob/main/results-audio/case-studies/ravdess/1e5geocomp/stftmean/statement_1/plots/compare_cdf_pdf_layer_8.jpg
223,29564600.0,ravdess,1e5geocomp,stftmean,,statement_1,9,0.0040754054989017,0.0002497672584916,1,,,https://github.com/yashdave003/hierarchical-bayesian-model-validation/blob/main/results-audio/case-studies/ravdess/1e5geocomp/stftmean/statement_1/plots/compare_cdf_pdf_layer_9.jpg
224,14400832.0,ravdess,1e5geocomp,stftmean,,statement_2,2,0.0019056674338618,0.0003578685014621,1,,,https://github.com/yashdave003/hierarchical-bayesian-model-validation/blob/main/results-audio/case-studies/ravdess/1e5geocomp/stftmean/statement_2/plots/compare_cdf_pdf_layer_2.jpg
225,14400832.0,ravdess,1e5geocomp,stftmean,,statement_2,3,0.0015247492916015,0.0003578685014621,1,,,https://github.com/yashdave003/hierarchical-bayesian-model-validation/blob/main/results-audio/case-studies/ravdess/1e5geocomp/stftmean/statement_2/plots/compare_cdf_pdf_layer_3.jpg
226,14400832.0,ravdess,1e5geocomp,stftmean,,statement_2,4,0.0026138089546282,0.0003578685014621,1,,,https://github.com/yashdave003/hierarchical-bayesian-model-validation/blob/main/results-audio/case-studies/ravdess/1e5geocomp/stftmean/statement_2/plots/compare_cdf_pdf_layer_4.jpg
227,57603328.0,ravdess,1e5geocomp,stftmean,,statement_2,5,0.006760823485331,0.0001789371448862,1,,,https://github.com/yashdave003/hierarchical-bayesian-model-validation/blob/main/results-audio/case-studies/ravdess/1e5geocomp/stftmean/statement_2/plots/compare_cdf_pdf_layer_5.jpg
228,28801664.0,ravdess,1e5geocomp,stftmean,,statement_2,6,0.0069548440821175,0.0002530536418455,1,,,https://github.com/yashdave003/hierarchical-bayesian-model-validation/blob/main/results-audio/case-studies/ravdess/1e5geocomp/stftmean/statement_2/plots/compare_cdf_pdf_layer_6.jpg
229,28801664.0,ravdess,1e5geocomp,stftmean,,statement_2,7,0.0071612828804768,0.0002530536418455,1,,,https://github.com/yashdave003/hierarchical-bayesian-model-validation/blob/main/results-audio/case-studies/ravdess/1e5geocomp/stftmean/statement_2/plots/compare_cdf_pdf_layer_7.jpg
230,28801664.0,ravdess,1e5geocomp,stftmean,,statement_2,8,0.0081945036635126,0.0002530536418455,1,,,https://github.com/yashdave003/hierarchical-bayesian-model-validation/blob/main/results-audio/case-studies/ravdess/1e5geocomp/stftmean/statement_2/plots/compare_cdf_pdf_layer_8.jpg
231,29251690.0,ravdess,1e5geocomp,stftmean,,statement_2,9,0.0070109038831379,0.0002510995747773,1,,,https://github.com/yashdave003/hierarchical-bayesian-model-validation/blob/main/results-audio/case-studies/ravdess/1e5geocomp/stftmean/statement_2/plots/compare_cdf_pdf_layer_9.jpg
232,14450560.0,ravdess,1e5geocomp,stftmean,,strong_intensity,2,0.0022277302088815,0.0003572522330892,1,,,https://github.com/yashdave003/hierarchical-bayesian-model-validation/blob/main/results-audio/case-studies/ravdess/1e5geocomp/stftmean/strong_intensity/plots/compare_cdf_pdf_layer_2.jpg
233,14450560.0,ravdess,1e5geocomp,stftmean,,strong_intensity,3,0.0016311509829618,0.0003572522330892,1,,,https://github.com/yashdave003/hierarchical-bayesian-model-validation/blob/main/results-audio/case-studies/ravdess/1e5geocomp/stftmean/strong_intensity/plots/compare_cdf_pdf_layer_3.jpg
234,14450560.0,ravdess,1e5geocomp,stftmean,,strong_intensity,4,0.004305004120309,0.0003572522330892,1,,,https://github.com/yashdave003/hierarchical-bayesian-model-validation/blob/main/results-audio/case-studies/ravdess/1e5geocomp/stftmean/strong_intensity/plots/compare_cdf_pdf_layer_4.jpg
235,57802240.0,ravdess,1e5geocomp,stftmean,,strong_intensity,5,0.0032869977692004,0.0001786290007388,1,,,https://github.com/yashdave003/hierarchical-bayesian-model-validation/blob/main/results-audio/case-studies/ravdess/1e5geocomp/stftmean/strong_intensity/plots/compare_cdf_pdf_layer_5.jpg
236,28901120.0,ravdess,1e5geocomp,stftmean,,strong_intensity,6,0.0043719315196741,0.0002526178660476,1,,,https://github.com/yashdave003/hierarchical-bayesian-model-validation/blob/main/results-audio/case-studies/ravdess/1e5geocomp/stftmean/strong_intensity/plots/compare_cdf_pdf_layer_6.jpg
237,28901120.0,ravdess,1e5geocomp,stftmean,,strong_intensity,7,0.0028454155426832,0.0002526178660476,1,,,https://github.com/yashdave003/hierarchical-bayesian-model-validation/blob/main/results-audio/case-studies/ravdess/1e5geocomp/stftmean/strong_intensity/plots/compare_cdf_pdf_layer_7.jpg
238,28901120.0,ravdess,1e5geocomp,stftmean,,strong_intensity,8,0.0030280288965905,0.0002526178660476,1,,,https://github.com/yashdave003/hierarchical-bayesian-model-validation/blob/main/results-audio/case-studies/ravdess/1e5geocomp/stftmean/strong_intensity/plots/compare_cdf_pdf_layer_8.jpg
239,29352700.0,ravdess,1e5geocomp,stftmean,,strong_intensity,9,0.0045000212584859,0.0002506671639412,1,,,https://github.com/yashdave003/hierarchical-bayesian-model-validation/blob/main/results-audio/case-studies/ravdess/1e5geocomp/stftmean/strong_intensity/plots/compare_cdf_pdf_layer_9.jpg
240,2880.0,ravdess,1e5geoim,fft,,female,2,0.0078741294205073,0.0252480482623505,1,,,https://github.com/yashdave003/hierarchical-bayesian-model-validation/blob/main/results-audio/case-studies/ravdess/1e5geoim/fft/female/plots/compare_cdf_pdf_layer_2.jpg
241,8640.0,ravdess,1e5geoim,fft,,female,5,0.0149611340038203,0.014591379330558,1,,,https://github.com/yashdave003/hierarchical-bayesian-model-validation/blob/main/results-audio/case-studies/ravdess/1e5geoim/fft/female/plots/compare_cdf_pdf_layer_5.jpg
242,24480.0,ravdess,1e5geoim,fft,,female,8,0.0100344166810337,0.0086732787358375,1,,,https://github.com/yashdave003/hierarchical-bayesian-model-validation/blob/main/results-audio/case-studies/ravdess/1e5geoim/fft/female/plots/compare_cdf_pdf_layer_8.jpg
243,67680.0,ravdess,1e5geoim,fft,,female,11,0.0039874776582751,0.0052178990254114,1,,,https://github.com/yashdave003/hierarchical-bayesian-model-validation/blob/main/results-audio/case-studies/ravdess/1e5geoim/fft/female/plots/compare_cdf_pdf_layer_11.jpg
244,187200.0,ravdess,1e5geoim,fft,,female,14,0.0183410692373468,0.0031380148313681,1,,,https://github.com/yashdave003/hierarchical-bayesian-model-validation/blob/main/results-audio/case-studies/ravdess/1e5geoim/fft/female/plots/compare_cdf_pdf_layer_14.jpg
245,519840.0,ravdess,1e5geoim,fft,,female,17,0.0019092633611535,0.0018833128424659,1,,,https://github.com/yashdave003/hierarchical-bayesian-model-validation/blob/main/results-audio/case-studies/ravdess/1e5geoim/fft/female/plots/compare_cdf_pdf_layer_17.jpg
246,1442880.0,ravdess,1e5geoim,fft,,female,20,0.0023634267316527,0.001130503234731,1,,,https://github.com/yashdave003/hierarchical-bayesian-model-validation/blob/main/results-audio/case-studies/ravdess/1e5geoim/fft/female/plots/compare_cdf_pdf_layer_20.jpg
247,4007520.0,ravdess,1e5geoim,fft,,female,23,0.0008322879301455,0.0006783703088241,1,,,https://github.com/yashdave003/hierarchical-bayesian-model-validation/blob/main/results-audio/case-studies/ravdess/1e5geoim/fft/female/plots/compare_cdf_pdf_layer_23.jpg
248,11121120.0,ravdess,1e5geoim,fft,,female,26,0.0005988964120596,0.0004072312197337,1,,,https://github.com/yashdave003/hierarchical-bayesian-model-validation/blob/main/results-audio/case-studies/ravdess/1e5geoim/fft/female/plots/compare_cdf_pdf_layer_26.jpg
249,8360640.0,ravdess,1e5geoim,fft,,female,30,0.0022122691793789,0.0004696703183341,1,,,https://github.com/yashdave003/hierarchical-bayesian-model-validation/blob/main/results-audio/case-studies/ravdess/1e5geoim/fft/female/plots/compare_cdf_pdf_layer_30.jpg
250,1440.0,ravdess,1e5geoim,fft,,male,2,0.0107106330220528,0.0356711674760886,1,,,https://github.com/yashdave003/hierarchical-bayesian-model-validation/blob/main/results-audio/case-studies/ravdess/1e5geoim/fft/male/plots/compare_cdf_pdf_layer_2.jpg
251,4320.0,ravdess,1e5geoim,fft,,male,5,0.0149611340038207,0.020623821110128,1,,,https://github.com/yashdave003/hierarchical-bayesian-model-validation/blob/main/results-audio/case-studies/ravdess/1e5geoim/fft/male/plots/compare_cdf_pdf_layer_5.jpg
252,12240.0,ravdess,1e5geoim,fft,,male,8,0.0104547846498779,0.0122618370593477,1,,,https://github.com/yashdave003/hierarchical-bayesian-model-validation/blob/main/results-audio/case-studies/ravdess/1e5geoim/fft/male/plots/compare_cdf_pdf_layer_8.jpg
253,33840.0,ravdess,1e5geoim,fft,,male,11,0.0040347218351189,0.007377771632076,1,,,https://github.com/yashdave003/hierarchical-bayesian-model-validation/blob/main/results-audio/case-studies/ravdess/1e5geoim/fft/male/plots/compare_cdf_pdf_layer_11.jpg
254,93600.0,ravdess,1e5geoim,fft,,male,14,0.0183638630219277,0.0044372995560441,1,,,https://github.com/yashdave003/hierarchical-bayesian-model-validation/blob/main/results-audio/case-studies/ravdess/1e5geoim/fft/male/plots/compare_cdf_pdf_layer_14.jpg
255,259920.0,ravdess,1e5geoim,fft,,male,17,0.0019163041520537,0.0026632183123324,1,,,https://github.com/yashdave003/hierarchical-bayesian-model-validation/blob/main/results-audio/case-studies/ravdess/1e5geoim/fft/male/plots/compare_cdf_pdf_layer_17.jpg
256,721440.0,ravdess,1e5geoim,fft,,male,20,0.0023636524398766,0.0015987052472733,1,,,https://github.com/yashdave003/hierarchical-bayesian-model-validation/blob/main/results-audio/case-studies/ravdess/1e5geoim/fft/male/plots/compare_cdf_pdf_layer_20.jpg
257,2003760.0,ravdess,1e5geoim,fft,,male,23,0.000832518075732,0.0009593361084363,1,,,https://github.com/yashdave003/hierarchical-bayesian-model-validation/blob/main/results-audio/case-studies/ravdess/1e5geoim/fft/male/plots/compare_cdf_pdf_layer_23.jpg
258,5560560.0,ravdess,1e5geoim,fft,,male,26,0.0005981659432234,0.0005759031306141,1,,,https://github.com/yashdave003/hierarchical-bayesian-model-validation/blob/main/results-audio/case-studies/ravdess/1e5geoim/fft/male/plots/compare_cdf_pdf_layer_26.jpg
259,4180320.0,ravdess,1e5geoim,fft,,male,30,0.002212616341142,0.000664202449716,1,,,https://github.com/yashdave003/hierarchical-bayesian-model-validation/blob/main/results-audio/case-studies/ravdess/1e5geoim/fft/male/plots/compare_cdf_pdf_layer_30.jpg
260,1536.0,ravdess,1e5geoim,fft,,normal_intensity,2,0.0081372203430145,0.0345421467338566,1,,,https://github.com/yashdave003/hierarchical-bayesian-model-validation/blob/main/results-audio/case-studies/ravdess/1e5geoim/fft/normal_intensity/plots/compare_cdf_pdf_layer_2.jpg
261,4608.0,ravdess,1e5geoim,fft,,normal_intensity,5,0.011000335742357,0.0199701399692911,1,,,https://github.com/yashdave003/hierarchical-bayesian-model-validation/blob/main/results-audio/case-studies/ravdess/1e5geoim/fft/normal_intensity/plots/compare_cdf_pdf_layer_5.jpg
262,13056.0,ravdess,1e5geoim,fft,,normal_intensity,8,0.0060014718115696,0.011872896555926,1,,,https://github.com/yashdave003/hierarchical-bayesian-model-validation/blob/main/results-audio/case-studies/ravdess/1e5geoim/fft/normal_intensity/plots/compare_cdf_pdf_layer_8.jpg
263,36096.0,ravdess,1e5geoim,fft,,normal_intensity,11,0.0027870611209558,0.0071436492304197,1,,,https://github.com/yashdave003/hierarchical-bayesian-model-validation/blob/main/results-audio/case-studies/ravdess/1e5geoim/fft/normal_intensity/plots/compare_cdf_pdf_layer_11.jpg
264,99840.0,ravdess,1e5geoim,fft,,normal_intensity,14,0.0271276163622321,0.0042964518148797,1,,,https://github.com/yashdave003/hierarchical-bayesian-model-validation/blob/main/results-audio/case-studies/ravdess/1e5geoim/fft/normal_intensity/plots/compare_cdf_pdf_layer_14.jpg
265,277248.0,ravdess,1e5geoim,fft,,normal_intensity,17,0.0051738573771948,0.0025786698111508,1,,,https://github.com/yashdave003/hierarchical-bayesian-model-validation/blob/main/results-audio/case-studies/ravdess/1e5geoim/fft/normal_intensity/plots/compare_cdf_pdf_layer_17.jpg
266,769536.0,ravdess,1e5geoim,fft,,normal_intensity,20,0.0018610368683823,0.0015479468139976,1,,,https://github.com/yashdave003/hierarchical-bayesian-model-validation/blob/main/results-audio/case-studies/ravdess/1e5geoim/fft/normal_intensity/plots/compare_cdf_pdf_layer_20.jpg
267,2137344.0,ravdess,1e5geoim,fft,,normal_intensity,23,0.0005293586634348,0.0009288757526913,1,,,https://github.com/yashdave003/hierarchical-bayesian-model-validation/blob/main/results-audio/case-studies/ravdess/1e5geoim/fft/normal_intensity/plots/compare_cdf_pdf_layer_23.jpg
268,5931264.0,ravdess,1e5geoim,fft,,normal_intensity,26,0.0006515677471151,0.0005576167305598,1,,,https://github.com/yashdave003/hierarchical-bayesian-model-validation/blob/main/results-audio/case-studies/ravdess/1e5geoim/fft/normal_intensity/plots/compare_cdf_pdf_layer_26.jpg
269,4459008.0,ravdess,1e5geoim,fft,,normal_intensity,30,0.0021488126533579,0.0006431124832111,1,,,https://github.com/yashdave003/hierarchical-bayesian-model-validation/blob/main/results-audio/case-studies/ravdess/1e5geoim/fft/normal_intensity/plots/compare_cdf_pdf_layer_30.jpg
270,1440.0,ravdess,1e5geoim,fft,,statement_1,2,0.0107653998940766,0.0356711674760886,1,,,https://github.com/yashdave003/hierarchical-bayesian-model-validation/blob/main/results-audio/case-studies/ravdess/1e5geoim/fft/statement_1/plots/compare_cdf_pdf_layer_2.jpg
271,4320.0,ravdess,1e5geoim,fft,,statement_1,5,0.0138481339563437,0.020623821110128,1,,,https://github.com/yashdave003/hierarchical-bayesian-model-validation/blob/main/results-audio/case-studies/ravdess/1e5geoim/fft/statement_1/plots/compare_cdf_pdf_layer_5.jpg
272,12240.0,ravdess,1e5geoim,fft,,statement_1,8,0.010448052934567,0.0122618370593477,1,,,https://github.com/yashdave003/hierarchical-bayesian-model-validation/blob/main/results-audio/case-studies/ravdess/1e5geoim/fft/statement_1/plots/compare_cdf_pdf_layer_8.jpg
273,33840.0,ravdess,1e5geoim,fft,,statement_1,11,0.0037177683139259,0.007377771632076,1,,,https://github.com/yashdave003/hierarchical-bayesian-model-validation/blob/main/results-audio/case-studies/ravdess/1e5geoim/fft/statement_1/plots/compare_cdf_pdf_layer_11.jpg
274,93600.0,ravdess,1e5geoim,fft,,statement_1,14,0.0219961745467728,0.0044372995560441,1,,,https://github.com/yashdave003/hierarchical-bayesian-model-validation/blob/main/results-audio/case-studies/ravdess/1e5geoim/fft/statement_1/plots/compare_cdf_pdf_layer_14.jpg
275,259920.0,ravdess,1e5geoim,fft,,statement_1,17,0.0085276669017761,0.0026632183123324,1,,,https://github.com/yashdave003/hierarchical-bayesian-model-validation/blob/main/results-audio/case-studies/ravdess/1e5geoim/fft/statement_1/plots/compare_cdf_pdf_layer_17.jpg
276,721440.0,ravdess,1e5geoim,fft,,statement_1,20,0.0016373960163403,0.0015987052472733,1,,,https://github.com/yashdave003/hierarchical-bayesian-model-validation/blob/main/results-audio/case-studies/ravdess/1e5geoim/fft/statement_1/plots/compare_cdf_pdf_layer_20.jpg
277,2003760.0,ravdess,1e5geoim,fft,,statement_1,23,0.0010333701465028,0.0009593361084363,1,,,https://github.com/yashdave003/hierarchical-bayesian-model-validation/blob/main/results-audio/case-studies/ravdess/1e5geoim/fft/statement_1/plots/compare_cdf_pdf_layer_23.jpg
278,5560560.0,ravdess,1e5geoim,fft,,statement_1,26,0.0002982136477622,0.0005759031306141,1,,,https://github.com/yashdave003/hierarchical-bayesian-model-validation/blob/main/results-audio/case-studies/ravdess/1e5geoim/fft/statement_1/plots/compare_cdf_pdf_layer_26.jpg
279,4180320.0,ravdess,1e5geoim,fft,,statement_1,30,0.0020987323830692,0.000664202449716,1,,,https://github.com/yashdave003/hierarchical-bayesian-model-validation/blob/main/results-audio/case-studies/ravdess/1e5geoim/fft/statement_1/plots/compare_cdf_pdf_layer_30.jpg
280,1440.0,ravdess,1e5geoim,fft,,statement_2,2,0.0104332718397819,0.0356711674760886,1,,,https://github.com/yashdave003/hierarchical-bayesian-model-validation/blob/main/results-audio/case-studies/ravdess/1e5geoim/fft/statement_2/plots/compare_cdf_pdf_layer_2.jpg
281,4320.0,ravdess,1e5geoim,fft,,statement_2,5,0.0110820971477878,0.020623821110128,1,,,https://github.com/yashdave003/hierarchical-bayesian-model-validation/blob/main/results-audio/case-studies/ravdess/1e5geoim/fft/statement_2/plots/compare_cdf_pdf_layer_5.jpg
282,12240.0,ravdess,1e5geoim,fft,,statement_2,8,0.0057880300848741,0.0122618370593477,1,,,https://github.com/yashdave003/hierarchical-bayesian-model-validation/blob/main/results-audio/case-studies/ravdess/1e5geoim/fft/statement_2/plots/compare_cdf_pdf_layer_8.jpg
283,33840.0,ravdess,1e5geoim,fft,,statement_2,11,0.002039316150264,0.007377771632076,1,,,https://github.com/yashdave003/hierarchical-bayesian-model-validation/blob/main/results-audio/case-studies/ravdess/1e5geoim/fft/statement_2/plots/compare_cdf_pdf_layer_11.jpg
284,93600.0,ravdess,1e5geoim,fft,,statement_2,14,0.0208667578786105,0.0044372995560441,1,,,https://github.com/yashdave003/hierarchical-bayesian-model-validation/blob/main/results-audio/case-studies/ravdess/1e5geoim/fft/statement_2/plots/compare_cdf_pdf_layer_14.jpg
285,259920.0,ravdess,1e5geoim,fft,,statement_2,17,0.0082414027926691,0.0026632183123324,1,,,https://github.com/yashdave003/hierarchical-bayesian-model-validation/blob/main/results-audio/case-studies/ravdess/1e5geoim/fft/statement_2/plots/compare_cdf_pdf_layer_17.jpg
286,721440.0,ravdess,1e5geoim,fft,,statement_2,20,0.0022919437106537,0.0015987052472733,1,,,https://github.com/yashdave003/hierarchical-bayesian-model-validation/blob/main/results-audio/case-studies/ravdess/1e5geoim/fft/statement_2/plots/compare_cdf_pdf_layer_20.jpg
287,2003760.0,ravdess,1e5geoim,fft,,statement_2,23,0.0010655492008851,0.0009593361084363,1,,,https://github.com/yashdave003/hierarchical-bayesian-model-validation/blob/main/results-audio/case-studies/ravdess/1e5geoim/fft/statement_2/plots/compare_cdf_pdf_layer_23.jpg
288,5560560.0,ravdess,1e5geoim,fft,,statement_2,26,0.0004229599858537,0.0005759031306141,1,,,https://github.com/yashdave003/hierarchical-bayesian-model-validation/blob/main/results-audio/case-studies/ravdess/1e5geoim/fft/statement_2/plots/compare_cdf_pdf_layer_26.jpg
289,4180320.0,ravdess,1e5geoim,fft,,statement_2,30,0.0030216023627215,0.000664202449716,1,,,https://github.com/yashdave003/hierarchical-bayesian-model-validation/blob/main/results-audio/case-studies/ravdess/1e5geoim/fft/statement_2/plots/compare_cdf_pdf_layer_30.jpg
290,1344.0,ravdess,1e5geoim,fft,,strong_intensity,2,0.0136536530996402,0.0369188040002903,1,,,https://github.com/yashdave003/hierarchical-bayesian-model-validation/blob/main/results-audio/case-studies/ravdess/1e5geoim/fft/strong_intensity/plots/compare_cdf_pdf_layer_2.jpg
291,4032.0,ravdess,1e5geoim,fft,,strong_intensity,5,0.01586517689085,0.021346250972668,1,,,https://github.com/yashdave003/hierarchical-bayesian-model-validation/blob/main/results-audio/case-studies/ravdess/1e5geoim/fft/strong_intensity/plots/compare_cdf_pdf_layer_5.jpg
292,11424.0,ravdess,1e5geoim,fft,,strong_intensity,8,0.0113408577537743,0.0126917061008193,1,,,https://github.com/yashdave003/hierarchical-bayesian-model-validation/blob/main/results-audio/case-studies/ravdess/1e5geoim/fft/strong_intensity/plots/compare_cdf_pdf_layer_8.jpg
293,31584.0,ravdess,1e5geoim,fft,,strong_intensity,11,0.00302937784794,0.0076365388413218,1,,,https://github.com/yashdave003/hierarchical-bayesian-model-validation/blob/main/results-audio/case-studies/ravdess/1e5geoim/fft/strong_intensity/plots/compare_cdf_pdf_layer_11.jpg
294,87360.0,ravdess,1e5geoim,fft,,strong_intensity,14,0.0245706606359938,0.0045929764073914,1,,,https://github.com/yashdave003/hierarchical-bayesian-model-validation/blob/main/results-audio/case-studies/ravdess/1e5geoim/fft/strong_intensity/plots/compare_cdf_pdf_layer_14.jpg
295,242592.0,ravdess,1e5geoim,fft,,strong_intensity,17,0.0121640589528836,0.0027566694904198,1,,,https://github.com/yashdave003/hierarchical-bayesian-model-validation/blob/main/results-audio/case-studies/ravdess/1e5geoim/fft/strong_intensity/plots/compare_cdf_pdf_layer_17.jpg
296,673344.0,ravdess,1e5geoim,fft,,strong_intensity,20,0.0016389074719095,0.0016548087389045,1,,,https://github.com/yashdave003/hierarchical-bayesian-model-validation/blob/main/results-audio/case-studies/ravdess/1e5geoim/fft/strong_intensity/plots/compare_cdf_pdf_layer_20.jpg
297,1870176.0,ravdess,1e5geoim,fft,,strong_intensity,23,0.0009785004676926,0.000993004187502,1,,,https://github.com/yashdave003/hierarchical-bayesian-model-validation/blob/main/results-audio/case-studies/ravdess/1e5geoim/fft/strong_intensity/plots/compare_cdf_pdf_layer_23.jpg
298,5189856.0,ravdess,1e5geoim,fft,,strong_intensity,26,0.00123957303608,0.0005961152843448,1,,,https://github.com/yashdave003/hierarchical-bayesian-model-validation/blob/main/results-audio/case-studies/ravdess/1e5geoim/fft/strong_intensity/plots/compare_cdf_pdf_layer_26.jpg
299,3901632.0,ravdess,1e5geoim,fft,,strong_intensity,30,0.0038610537732915,0.0006875134029936,1,,,https://github.com/yashdave003/hierarchical-bayesian-model-validation/blob/main/results-audio/case-studies/ravdess/1e5geoim/fft/strong_intensity/plots/compare_cdf_pdf_layer_30.jpg
300,6143445.0,ravdess,1e5geoim,stft,,female,2,0.0018608818017685,0.0005479031753213,1,,,https://github.com/yashdave003/hierarchical-bayesian-model-validation/blob/main/results-audio/case-studies/ravdess/1e5geoim/stft/female/plots/compare_cdf_pdf_layer_2.jpg
301,7281120.0,ravdess,1e5geoim,stft,,female,3,0.0016756128138811,0.0005032832335974,1,,,https://github.com/yashdave003/hierarchical-bayesian-model-validation/blob/main/results-audio/case-studies/ravdess/1e5geoim/stft/female/plots/compare_cdf_pdf_layer_3.jpg
302,8873865.0,ravdess,1e5geoim,stft,,female,4,0.002706048071053,0.0004558867913672,1,,,https://github.com/yashdave003/hierarchical-bayesian-model-validation/blob/main/results-audio/case-studies/ravdess/1e5geoim/stft/female/plots/compare_cdf_pdf_layer_4.jpg
303,10466610.0,ravdess,1e5geoim,stft,,female,5,0.003915865318812,0.0004197704038829,1,,,https://github.com/yashdave003/hierarchical-bayesian-model-validation/blob/main/results-audio/case-studies/ravdess/1e5geoim/stft/female/plots/compare_cdf_pdf_layer_5.jpg
304,12514425.0,ravdess,1e5geoim,stft,,female,6,0.0058579787954601,0.0003838935319597,1,,,https://github.com/yashdave003/hierarchical-bayesian-model-validation/blob/main/results-audio/case-studies/ravdess/1e5geoim/stft/female/plots/compare_cdf_pdf_layer_6.jpg
305,15017310.0,ravdess,1e5geoim,stft,,female,7,0.0052251176460859,0.0003504463049059,1,,,https://github.com/yashdave003/hierarchical-bayesian-model-validation/blob/main/results-audio/case-studies/ravdess/1e5geoim/stft/female/plots/compare_cdf_pdf_layer_7.jpg
306,17975265.0,ravdess,1e5geoim,stft,,female,8,0.0058386181423139,0.0003203178126554,1,,,https://github.com/yashdave003/hierarchical-bayesian-model-validation/blob/main/results-audio/case-studies/ravdess/1e5geoim/stft/female/plots/compare_cdf_pdf_layer_8.jpg
307,28896945.0,ravdess,1e5geoim,stft,,female,9,0.0049236826931412,0.0002526361139526,1,,,https://github.com/yashdave003/hierarchical-bayesian-model-validation/blob/main/results-audio/case-studies/ravdess/1e5geoim/stft/female/plots/compare_cdf_pdf_layer_9.jpg
308,6072246.0,ravdess,1e5geoim,stft,,male,2,0.0017094092540981,0.0005511058233865,1,,,https://github.com/yashdave003/hierarchical-bayesian-model-validation/blob/main/results-audio/case-studies/ravdess/1e5geoim/stft/male/plots/compare_cdf_pdf_layer_2.jpg
309,7196736.0,ravdess,1e5geoim,stft,,male,3,0.002853135296935,0.0005062250775079,1,,,https://github.com/yashdave003/hierarchical-bayesian-model-validation/blob/main/results-audio/case-studies/ravdess/1e5geoim/stft/male/plots/compare_cdf_pdf_layer_3.jpg
310,8771022.0,ravdess,1e5geoim,stft,,male,4,0.0031357531430367,0.0004585516001191,1,,,https://github.com/yashdave003/hierarchical-bayesian-model-validation/blob/main/results-audio/case-studies/ravdess/1e5geoim/stft/male/plots/compare_cdf_pdf_layer_4.jpg
311,10345308.0,ravdess,1e5geoim,stft,,male,5,0.0025415366826841,0.000422224108494,1,,,https://github.com/yashdave003/hierarchical-bayesian-model-validation/blob/main/results-audio/case-studies/ravdess/1e5geoim/stft/male/plots/compare_cdf_pdf_layer_5.jpg
312,12369390.0,ravdess,1e5geoim,stft,,male,6,0.0037467365952981,0.0003861375310495,1,,,https://github.com/yashdave003/hierarchical-bayesian-model-validation/blob/main/results-audio/case-studies/ravdess/1e5geoim/stft/male/plots/compare_cdf_pdf_layer_6.jpg
313,14843268.0,ravdess,1e5geoim,stft,,male,7,0.003809959895164,0.0003524947988676,1,,,https://github.com/yashdave003/hierarchical-bayesian-model-validation/blob/main/results-audio/case-studies/ravdess/1e5geoim/stft/male/plots/compare_cdf_pdf_layer_7.jpg
314,17766942.0,ravdess,1e5geoim,stft,,male,8,0.0042875252369146,0.0003221901990788,1,,,https://github.com/yashdave003/hierarchical-bayesian-model-validation/blob/main/results-audio/case-studies/ravdess/1e5geoim/stft/male/plots/compare_cdf_pdf_layer_8.jpg
315,28562046.0,ravdess,1e5geoim,stft,,male,9,0.0053878451496331,0.0002541128827215,1,,,https://github.com/yashdave003/hierarchical-bayesian-model-validation/blob/main/results-audio/case-studies/ravdess/1e5geoim/stft/male/plots/compare_cdf_pdf_layer_9.jpg
316,6119361.0,ravdess,1e5geoim,stft,,normal_intensity,2,0.0012330802758611,0.0005489802557202,1,,,https://github.com/yashdave003/hierarchical-bayesian-model-validation/blob/main/results-audio/case-studies/ravdess/1e5geoim/stft/normal_intensity/plots/compare_cdf_pdf_layer_2.jpg
317,7252576.0,ravdess,1e5geoim,stft,,normal_intensity,3,0.0022171804308718,0.0005042726031124,1,,,https://github.com/yashdave003/hierarchical-bayesian-model-validation/blob/main/results-audio/case-studies/ravdess/1e5geoim/stft/normal_intensity/plots/compare_cdf_pdf_layer_3.jpg
318,8839077.0,ravdess,1e5geoim,stft,,normal_intensity,4,0.0024992684303381,0.0004567829913624,1,,,https://github.com/yashdave003/hierarchical-bayesian-model-validation/blob/main/results-audio/case-studies/ravdess/1e5geoim/stft/normal_intensity/plots/compare_cdf_pdf_layer_4.jpg
319,10425578.0,ravdess,1e5geoim,stft,,normal_intensity,5,0.0061916801059443,0.0004205956075795,1,,,https://github.com/yashdave003/hierarchical-bayesian-model-validation/blob/main/results-audio/case-studies/ravdess/1e5geoim/stft/normal_intensity/plots/compare_cdf_pdf_layer_5.jpg
320,12465365.0,ravdess,1e5geoim,stft,,normal_intensity,6,0.0068259262701749,0.0003846482097283,1,,,https://github.com/yashdave003/hierarchical-bayesian-model-validation/blob/main/results-audio/case-studies/ravdess/1e5geoim/stft/normal_intensity/plots/compare_cdf_pdf_layer_6.jpg
321,14958438.0,ravdess,1e5geoim,stft,,normal_intensity,7,0.0070812558623981,0.0003511352324731,1,,,https://github.com/yashdave003/hierarchical-bayesian-model-validation/blob/main/results-audio/case-studies/ravdess/1e5geoim/stft/normal_intensity/plots/compare_cdf_pdf_layer_7.jpg
322,17904797.0,ravdess,1e5geoim,stft,,normal_intensity,8,0.0085953667241006,0.0003209475136133,1,,,https://github.com/yashdave003/hierarchical-bayesian-model-validation/blob/main/results-audio/case-studies/ravdess/1e5geoim/stft/normal_intensity/plots/compare_cdf_pdf_layer_8.jpg
323,28783661.0,ravdess,1e5geoim,stft,,normal_intensity,9,0.0086369609204114,0.0002531327650043,1,,,https://github.com/yashdave003/hierarchical-bayesian-model-validation/blob/main/results-audio/case-studies/ravdess/1e5geoim/stft/normal_intensity/plots/compare_cdf_pdf_layer_9.jpg
324,6140340.0,ravdess,1e5geoim,stft,,statement_1,2,0.0012220101035158,0.0005480416806852,1,,,https://github.com/yashdave003/hierarchical-bayesian-model-validation/blob/main/results-audio/case-studies/ravdess/1e5geoim/stft/statement_1/plots/compare_cdf_pdf_layer_2.jpg
325,7277440.0,ravdess,1e5geoim,stft,,statement_1,3,0.0019554736649995,0.000503410459925,1,,,https://github.com/yashdave003/hierarchical-bayesian-model-validation/blob/main/results-audio/case-studies/ravdess/1e5geoim/stft/statement_1/plots/compare_cdf_pdf_layer_3.jpg
326,8869380.0,ravdess,1e5geoim,stft,,statement_1,4,0.0024066672281743,0.0004560020367145,1,,,https://github.com/yashdave003/hierarchical-bayesian-model-validation/blob/main/results-audio/case-studies/ravdess/1e5geoim/stft/statement_1/plots/compare_cdf_pdf_layer_4.jpg
327,10461320.0,ravdess,1e5geoim,stft,,statement_1,5,0.0018982066081411,0.0004198765195787,1,,,https://github.com/yashdave003/hierarchical-bayesian-model-validation/blob/main/results-audio/case-studies/ravdess/1e5geoim/stft/statement_1/plots/compare_cdf_pdf_layer_5.jpg
328,12508100.0,ravdess,1e5geoim,stft,,statement_1,6,0.0026052811639484,0.0003839905784907,1,,,https://github.com/yashdave003/hierarchical-bayesian-model-validation/blob/main/results-audio/case-studies/ravdess/1e5geoim/stft/statement_1/plots/compare_cdf_pdf_layer_6.jpg
329,15009720.0,ravdess,1e5geoim,stft,,statement_1,7,0.0024904168540623,0.0003505348963987,1,,,https://github.com/yashdave003/hierarchical-bayesian-model-validation/blob/main/results-audio/case-studies/ravdess/1e5geoim/stft/statement_1/plots/compare_cdf_pdf_layer_7.jpg
330,17966180.0,ravdess,1e5geoim,stft,,statement_1,8,0.0025335018750131,0.0003203987880007,1,,,https://github.com/yashdave003/hierarchical-bayesian-model-validation/blob/main/results-audio/case-studies/ravdess/1e5geoim/stft/statement_1/plots/compare_cdf_pdf_layer_8.jpg
331,28882340.0,ravdess,1e5geoim,stft,,statement_1,9,0.00416929592177,0.0002526999799663,1,,,https://github.com/yashdave003/hierarchical-bayesian-model-validation/blob/main/results-audio/case-studies/ravdess/1e5geoim/stft/statement_1/plots/compare_cdf_pdf_layer_9.jpg
332,6075351.0,ravdess,1e5geoim,stft,,statement_2,2,0.0019939055095292,0.000550964982387,1,,,https://github.com/yashdave003/hierarchical-bayesian-model-validation/blob/main/results-audio/case-studies/ravdess/1e5geoim/stft/statement_2/plots/compare_cdf_pdf_layer_2.jpg
333,7200416.0,ravdess,1e5geoim,stft,,statement_2,3,0.0015823272844491,0.0005060957057388,1,,,https://github.com/yashdave003/hierarchical-bayesian-model-validation/blob/main/results-audio/case-studies/ravdess/1e5geoim/stft/statement_2/plots/compare_cdf_pdf_layer_3.jpg
334,8775507.0,ravdess,1e5geoim,stft,,statement_2,4,0.0029009591789018,0.0004584344113622,1,,,https://github.com/yashdave003/hierarchical-bayesian-model-validation/blob/main/results-audio/case-studies/ravdess/1e5geoim/stft/statement_2/plots/compare_cdf_pdf_layer_4.jpg
335,10350598.0,ravdess,1e5geoim,stft,,statement_2,5,0.0057380712776359,0.0004221162033401,1,,,https://github.com/yashdave003/hierarchical-bayesian-model-validation/blob/main/results-audio/case-studies/ravdess/1e5geoim/stft/statement_2/plots/compare_cdf_pdf_layer_5.jpg
336,12375715.0,ravdess,1e5geoim,stft,,statement_2,6,0.0074787923741862,0.0003860388479927,1,,,https://github.com/yashdave003/hierarchical-bayesian-model-validation/blob/main/results-audio/case-studies/ravdess/1e5geoim/stft/statement_2/plots/compare_cdf_pdf_layer_6.jpg
337,14850858.0,ravdess,1e5geoim,stft,,statement_2,7,0.0069642309845475,0.0003524047134257,1,,,https://github.com/yashdave003/hierarchical-bayesian-model-validation/blob/main/results-audio/case-studies/ravdess/1e5geoim/stft/statement_2/plots/compare_cdf_pdf_layer_7.jpg
338,17776027.0,ravdess,1e5geoim,stft,,statement_2,8,0.0069862103527964,0.0003221078582157,1,,,https://github.com/yashdave003/hierarchical-bayesian-model-validation/blob/main/results-audio/case-studies/ravdess/1e5geoim/stft/statement_2/plots/compare_cdf_pdf_layer_8.jpg
339,28576651.0,ravdess,1e5geoim,stft,,statement_2,9,0.0068792283611855,0.0002540479397068,1,,,https://github.com/yashdave003/hierarchical-bayesian-model-validation/blob/main/results-audio/case-studies/ravdess/1e5geoim/stft/statement_2/plots/compare_cdf_pdf_layer_9.jpg
340,6096330.0,ravdess,1e5geoim,stft,,strong_intensity,2,0.0019631261039115,0.0005500162082679,1,,,https://github.com/yashdave003/hierarchical-bayesian-model-validation/blob/main/results-audio/case-studies/ravdess/1e5geoim/stft/strong_intensity/plots/compare_cdf_pdf_layer_2.jpg
341,7225280.0,ravdess,1e5geoim,stft,,strong_intensity,3,0.0017265868792182,0.0005052241939934,1,,,https://github.com/yashdave003/hierarchical-bayesian-model-validation/blob/main/results-audio/case-studies/ravdess/1e5geoim/stft/strong_intensity/plots/compare_cdf_pdf_layer_3.jpg
342,8805810.0,ravdess,1e5geoim,stft,,strong_intensity,4,0.0024149044292489,0.0004576449703745,1,,,https://github.com/yashdave003/hierarchical-bayesian-model-validation/blob/main/results-audio/case-studies/ravdess/1e5geoim/stft/strong_intensity/plots/compare_cdf_pdf_layer_4.jpg
343,10386340.0,ravdess,1e5geoim,stft,,strong_intensity,5,0.0029977120443679,0.0004213893012639,1,,,https://github.com/yashdave003/hierarchical-bayesian-model-validation/blob/main/results-audio/case-studies/ravdess/1e5geoim/stft/strong_intensity/plots/compare_cdf_pdf_layer_5.jpg
344,12418450.0,ravdess,1e5geoim,stft,,strong_intensity,6,0.0042172649301324,0.000385374070493,1,,,https://github.com/yashdave003/hierarchical-bayesian-model-validation/blob/main/results-audio/case-studies/ravdess/1e5geoim/stft/strong_intensity/plots/compare_cdf_pdf_layer_6.jpg
345,14902140.0,ravdess,1e5geoim,stft,,strong_intensity,7,0.0038496622254495,0.0003517978536837,1,,,https://github.com/yashdave003/hierarchical-bayesian-model-validation/blob/main/results-audio/case-studies/ravdess/1e5geoim/stft/strong_intensity/plots/compare_cdf_pdf_layer_7.jpg
346,17837410.0,ravdess,1e5geoim,stft,,strong_intensity,8,0.0029283588643456,0.0003215531697595,1,,,https://github.com/yashdave003/hierarchical-bayesian-model-validation/blob/main/results-audio/case-studies/ravdess/1e5geoim/stft/strong_intensity/plots/compare_cdf_pdf_layer_8.jpg
347,28675330.0,ravdess,1e5geoim,stft,,strong_intensity,9,0.0042591368779902,0.0002536104516987,1,,,https://github.com/yashdave003/hierarchical-bayesian-model-validation/blob/main/results-audio/case-studies/ravdess/1e5geoim/stft/strong_intensity/plots/compare_cdf_pdf_layer_9.jpg
348,2880.0,ravdess,1e5geore,fft,,female,2,0.0111918974677054,0.0252480482623505,1,,,https://github.com/yashdave003/hierarchical-bayesian-model-validation/blob/main/results-audio/case-studies/ravdess/1e5geore/fft/female/plots/compare_cdf_pdf_layer_2.jpg
349,8640.0,ravdess,1e5geore,fft,,female,5,0.0141956323347789,0.014591379330558,1,,,https://github.com/yashdave003/hierarchical-bayesian-model-validation/blob/main/results-audio/case-studies/ravdess/1e5geore/fft/female/plots/compare_cdf_pdf_layer_5.jpg
350,24480.0,ravdess,1e5geore,fft,,female,8,0.0113632587291854,0.0086732787358375,1,,,https://github.com/yashdave003/hierarchical-bayesian-model-validation/blob/main/results-audio/case-studies/ravdess/1e5geore/fft/female/plots/compare_cdf_pdf_layer_8.jpg
351,67680.0,ravdess,1e5geore,fft,,female,11,0.0037223598503282,0.0052178990254114,1,,,https://github.com/yashdave003/hierarchical-bayesian-model-validation/blob/main/results-audio/case-studies/ravdess/1e5geore/fft/female/plots/compare_cdf_pdf_layer_11.jpg
352,187200.0,ravdess,1e5geore,fft,,female,14,0.0190656589833781,0.0031380148313681,1,,,https://github.com/yashdave003/hierarchical-bayesian-model-validation/blob/main/results-audio/case-studies/ravdess/1e5geore/fft/female/plots/compare_cdf_pdf_layer_14.jpg
353,519840.0,ravdess,1e5geore,fft,,female,17,0.0023504213816977,0.0018833128424659,1,,,https://github.com/yashdave003/hierarchical-bayesian-model-validation/blob/main/results-audio/case-studies/ravdess/1e5geore/fft/female/plots/compare_cdf_pdf_layer_17.jpg
354,1442880.0,ravdess,1e5geore,fft,,female,20,0.0023418660092426,0.001130503234731,1,,,https://github.com/yashdave003/hierarchical-bayesian-model-validation/blob/main/results-audio/case-studies/ravdess/1e5geore/fft/female/plots/compare_cdf_pdf_layer_20.jpg
355,4007520.0,ravdess,1e5geore,fft,,female,23,0.000792367814035,0.0006783703088241,1,,,https://github.com/yashdave003/hierarchical-bayesian-model-validation/blob/main/results-audio/case-studies/ravdess/1e5geore/fft/female/plots/compare_cdf_pdf_layer_23.jpg
356,11121120.0,ravdess,1e5geore,fft,,female,26,0.0006845544169044,0.0004072312197337,1,,,https://github.com/yashdave003/hierarchical-bayesian-model-validation/blob/main/results-audio/case-studies/ravdess/1e5geore/fft/female/plots/compare_cdf_pdf_layer_26.jpg
357,8360640.0,ravdess,1e5geore,fft,,female,30,0.0022495114754566,0.0004696703183341,1,,,https://github.com/yashdave003/hierarchical-bayesian-model-validation/blob/main/results-audio/case-studies/ravdess/1e5geore/fft/female/plots/compare_cdf_pdf_layer_30.jpg
358,1440.0,ravdess,1e5geore,fft,,male,2,0.0131661417184115,0.0356711674760886,1,,,https://github.com/yashdave003/hierarchical-bayesian-model-validation/blob/main/results-audio/case-studies/ravdess/1e5geore/fft/male/plots/compare_cdf_pdf_layer_2.jpg
359,4320.0,ravdess,1e5geore,fft,,male,5,0.0141956323347789,0.020623821110128,1,,,https://github.com/yashdave003/hierarchical-bayesian-model-validation/blob/main/results-audio/case-studies/ravdess/1e5geore/fft/male/plots/compare_cdf_pdf_layer_5.jpg
360,12240.0,ravdess,1e5geore,fft,,male,8,0.0114625369011874,0.0122618370593477,1,,,https://github.com/yashdave003/hierarchical-bayesian-model-validation/blob/main/results-audio/case-studies/ravdess/1e5geore/fft/male/plots/compare_cdf_pdf_layer_8.jpg
361,33840.0,ravdess,1e5geore,fft,,male,11,0.0037032141862015,0.007377771632076,1,,,https://github.com/yashdave003/hierarchical-bayesian-model-validation/blob/main/results-audio/case-studies/ravdess/1e5geore/fft/male/plots/compare_cdf_pdf_layer_11.jpg
362,93600.0,ravdess,1e5geore,fft,,male,14,0.0190830326555754,0.0044372995560441,1,,,https://github.com/yashdave003/hierarchical-bayesian-model-validation/blob/main/results-audio/case-studies/ravdess/1e5geore/fft/male/plots/compare_cdf_pdf_layer_14.jpg
363,259920.0,ravdess,1e5geore,fft,,male,17,0.002357005296192,0.0026632183123324,1,,,https://github.com/yashdave003/hierarchical-bayesian-model-validation/blob/main/results-audio/case-studies/ravdess/1e5geore/fft/male/plots/compare_cdf_pdf_layer_17.jpg
364,721440.0,ravdess,1e5geore,fft,,male,20,0.002341598420458,0.0015987052472733,1,,,https://github.com/yashdave003/hierarchical-bayesian-model-validation/blob/main/results-audio/case-studies/ravdess/1e5geore/fft/male/plots/compare_cdf_pdf_layer_20.jpg
365,2003760.0,ravdess,1e5geore,fft,,male,23,0.0007926678836394,0.0009593361084363,1,,,https://github.com/yashdave003/hierarchical-bayesian-model-validation/blob/main/results-audio/case-studies/ravdess/1e5geore/fft/male/plots/compare_cdf_pdf_layer_23.jpg
366,5560560.0,ravdess,1e5geore,fft,,male,26,0.0006839916525869,0.0005759031306141,1,,,https://github.com/yashdave003/hierarchical-bayesian-model-validation/blob/main/results-audio/case-studies/ravdess/1e5geore/fft/male/plots/compare_cdf_pdf_layer_26.jpg
367,4180320.0,ravdess,1e5geore,fft,,male,30,0.0022497987122681,0.000664202449716,1,,,https://github.com/yashdave003/hierarchical-bayesian-model-validation/blob/main/results-audio/case-studies/ravdess/1e5geore/fft/male/plots/compare_cdf_pdf_layer_30.jpg
368,1536.0,ravdess,1e5geore,fft,,normal_intensity,2,0.0102055779765393,0.0345421467338566,1,,,https://github.com/yashdave003/hierarchical-bayesian-model-validation/blob/main/results-audio/case-studies/ravdess/1e5geore/fft/normal_intensity/plots/compare_cdf_pdf_layer_2.jpg
369,4608.0,ravdess,1e5geore,fft,,normal_intensity,5,0.0088186150291487,0.0199701399692911,1,,,https://github.com/yashdave003/hierarchical-bayesian-model-validation/blob/main/results-audio/case-studies/ravdess/1e5geore/fft/normal_intensity/plots/compare_cdf_pdf_layer_5.jpg
370,13056.0,ravdess,1e5geore,fft,,normal_intensity,8,0.004714823069726,0.011872896555926,1,,,https://github.com/yashdave003/hierarchical-bayesian-model-validation/blob/main/results-audio/case-studies/ravdess/1e5geore/fft/normal_intensity/plots/compare_cdf_pdf_layer_8.jpg
371,36096.0,ravdess,1e5geore,fft,,normal_intensity,11,0.0029117610956821,0.0071436492304197,1,,,https://github.com/yashdave003/hierarchical-bayesian-model-validation/blob/main/results-audio/case-studies/ravdess/1e5geore/fft/normal_intensity/plots/compare_cdf_pdf_layer_11.jpg
372,99840.0,ravdess,1e5geore,fft,,normal_intensity,14,0.0272369212883973,0.0042964518148797,1,,,https://github.com/yashdave003/hierarchical-bayesian-model-validation/blob/main/results-audio/case-studies/ravdess/1e5geore/fft/normal_intensity/plots/compare_cdf_pdf_layer_14.jpg
373,277248.0,ravdess,1e5geore,fft,,normal_intensity,17,0.0051146160695142,0.0025786698111508,1,,,https://github.com/yashdave003/hierarchical-bayesian-model-validation/blob/main/results-audio/case-studies/ravdess/1e5geore/fft/normal_intensity/plots/compare_cdf_pdf_layer_17.jpg
374,769536.0,ravdess,1e5geore,fft,,normal_intensity,20,0.002067585821767,0.0015479468139976,1,,,https://github.com/yashdave003/hierarchical-bayesian-model-validation/blob/main/results-audio/case-studies/ravdess/1e5geore/fft/normal_intensity/plots/compare_cdf_pdf_layer_20.jpg
375,2137344.0,ravdess,1e5geore,fft,,normal_intensity,23,0.0005505417579569,0.0009288757526913,1,,,https://github.com/yashdave003/hierarchical-bayesian-model-validation/blob/main/results-audio/case-studies/ravdess/1e5geore/fft/normal_intensity/plots/compare_cdf_pdf_layer_23.jpg
376,5931264.0,ravdess,1e5geore,fft,,normal_intensity,26,0.0006644970901805,0.0005576167305598,1,,,https://github.com/yashdave003/hierarchical-bayesian-model-validation/blob/main/results-audio/case-studies/ravdess/1e5geore/fft/normal_intensity/plots/compare_cdf_pdf_layer_26.jpg
377,4459008.0,ravdess,1e5geore,fft,,normal_intensity,30,0.0021283648808225,0.0006431124832111,1,,,https://github.com/yashdave003/hierarchical-bayesian-model-validation/blob/main/results-audio/case-studies/ravdess/1e5geore/fft/normal_intensity/plots/compare_cdf_pdf_layer_30.jpg
378,1440.0,ravdess,1e5geore,fft,,statement_1,2,0.009993285738677,0.0356711674760886,1,,,https://github.com/yashdave003/hierarchical-bayesian-model-validation/blob/main/results-audio/case-studies/ravdess/1e5geore/fft/statement_1/plots/compare_cdf_pdf_layer_2.jpg
379,4320.0,ravdess,1e5geore,fft,,statement_1,5,0.0133896909879903,0.020623821110128,1,,,https://github.com/yashdave003/hierarchical-bayesian-model-validation/blob/main/results-audio/case-studies/ravdess/1e5geore/fft/statement_1/plots/compare_cdf_pdf_layer_5.jpg
380,12240.0,ravdess,1e5geore,fft,,statement_1,8,0.0107592813233155,0.0122618370593477,1,,,https://github.com/yashdave003/hierarchical-bayesian-model-validation/blob/main/results-audio/case-studies/ravdess/1e5geore/fft/statement_1/plots/compare_cdf_pdf_layer_8.jpg
381,33840.0,ravdess,1e5geore,fft,,statement_1,11,0.0036596003261949,0.007377771632076,1,,,https://github.com/yashdave003/hierarchical-bayesian-model-validation/blob/main/results-audio/case-studies/ravdess/1e5geore/fft/statement_1/plots/compare_cdf_pdf_layer_11.jpg
382,93600.0,ravdess,1e5geore,fft,,statement_1,14,0.0214971024898591,0.0044372995560441,1,,,https://github.com/yashdave003/hierarchical-bayesian-model-validation/blob/main/results-audio/case-studies/ravdess/1e5geore/fft/statement_1/plots/compare_cdf_pdf_layer_14.jpg
383,259920.0,ravdess,1e5geore,fft,,statement_1,17,0.0085167759454707,0.0026632183123324,1,,,https://github.com/yashdave003/hierarchical-bayesian-model-validation/blob/main/results-audio/case-studies/ravdess/1e5geore/fft/statement_1/plots/compare_cdf_pdf_layer_17.jpg
384,721440.0,ravdess,1e5geore,fft,,statement_1,20,0.0017193793805559,0.0015987052472733,1,,,https://github.com/yashdave003/hierarchical-bayesian-model-validation/blob/main/results-audio/case-studies/ravdess/1e5geore/fft/statement_1/plots/compare_cdf_pdf_layer_20.jpg
385,2003760.0,ravdess,1e5geore,fft,,statement_1,23,0.0009180887169125,0.0009593361084363,1,,,https://github.com/yashdave003/hierarchical-bayesian-model-validation/blob/main/results-audio/case-studies/ravdess/1e5geore/fft/statement_1/plots/compare_cdf_pdf_layer_23.jpg
386,5560560.0,ravdess,1e5geore,fft,,statement_1,26,0.0004842396890602,0.0005759031306141,1,,,https://github.com/yashdave003/hierarchical-bayesian-model-validation/blob/main/results-audio/case-studies/ravdess/1e5geore/fft/statement_1/plots/compare_cdf_pdf_layer_26.jpg
387,4180320.0,ravdess,1e5geore,fft,,statement_1,30,0.0020392106844596,0.000664202449716,1,,,https://github.com/yashdave003/hierarchical-bayesian-model-validation/blob/main/results-audio/case-studies/ravdess/1e5geore/fft/statement_1/plots/compare_cdf_pdf_layer_30.jpg
388,1440.0,ravdess,1e5geore,fft,,statement_2,2,0.0100175298121663,0.0356711674760886,1,,,https://github.com/yashdave003/hierarchical-bayesian-model-validation/blob/main/results-audio/case-studies/ravdess/1e5geore/fft/statement_2/plots/compare_cdf_pdf_layer_2.jpg
389,4320.0,ravdess,1e5geore,fft,,statement_2,5,0.0094513898489082,0.020623821110128,1,,,https://github.com/yashdave003/hierarchical-bayesian-model-validation/blob/main/results-audio/case-studies/ravdess/1e5geore/fft/statement_2/plots/compare_cdf_pdf_layer_5.jpg
390,12240.0,ravdess,1e5geore,fft,,statement_2,8,0.0056117383548786,0.0122618370593477,1,,,https://github.com/yashdave003/hierarchical-bayesian-model-validation/blob/main/results-audio/case-studies/ravdess/1e5geore/fft/statement_2/plots/compare_cdf_pdf_layer_8.jpg
391,33840.0,ravdess,1e5geore,fft,,statement_2,11,0.0018708915379878,0.007377771632076,1,,,https://github.com/yashdave003/hierarchical-bayesian-model-validation/blob/main/results-audio/case-studies/ravdess/1e5geore/fft/statement_2/plots/compare_cdf_pdf_layer_11.jpg
392,93600.0,ravdess,1e5geore,fft,,statement_2,14,0.0208916846320053,0.0044372995560441,1,,,https://github.com/yashdave003/hierarchical-bayesian-model-validation/blob/main/results-audio/case-studies/ravdess/1e5geore/fft/statement_2/plots/compare_cdf_pdf_layer_14.jpg
393,259920.0,ravdess,1e5geore,fft,,statement_2,17,0.0090450487431444,0.0026632183123324,1,,,https://github.com/yashdave003/hierarchical-bayesian-model-validation/blob/main/results-audio/case-studies/ravdess/1e5geore/fft/statement_2/plots/compare_cdf_pdf_layer_17.jpg
394,721440.0,ravdess,1e5geore,fft,,statement_2,20,0.0022663263633307,0.0015987052472733,1,,,https://github.com/yashdave003/hierarchical-bayesian-model-validation/blob/main/results-audio/case-studies/ravdess/1e5geore/fft/statement_2/plots/compare_cdf_pdf_layer_20.jpg
395,2003760.0,ravdess,1e5geore,fft,,statement_2,23,0.0010507482095336,0.0009593361084363,1,,,https://github.com/yashdave003/hierarchical-bayesian-model-validation/blob/main/results-audio/case-studies/ravdess/1e5geore/fft/statement_2/plots/compare_cdf_pdf_layer_23.jpg
396,5560560.0,ravdess,1e5geore,fft,,statement_2,26,0.0003869155984533,0.0005759031306141,1,,,https://github.com/yashdave003/hierarchical-bayesian-model-validation/blob/main/results-audio/case-studies/ravdess/1e5geore/fft/statement_2/plots/compare_cdf_pdf_layer_26.jpg
397,4180320.0,ravdess,1e5geore,fft,,statement_2,30,0.0029840890454505,0.000664202449716,1,,,https://github.com/yashdave003/hierarchical-bayesian-model-validation/blob/main/results-audio/case-studies/ravdess/1e5geore/fft/statement_2/plots/compare_cdf_pdf_layer_30.jpg
398,1344.0,ravdess,1e5geore,fft,,strong_intensity,2,0.0100440142178288,0.0369188040002903,1,,,https://github.com/yashdave003/hierarchical-bayesian-model-validation/blob/main/results-audio/case-studies/ravdess/1e5geore/fft/strong_intensity/plots/compare_cdf_pdf_layer_2.jpg
399,4032.0,ravdess,1e5geore,fft,,strong_intensity,5,0.0156518366105292,0.021346250972668,1,,,https://github.com/yashdave003/hierarchical-bayesian-model-validation/blob/main/results-audio/case-studies/ravdess/1e5geore/fft/strong_intensity/plots/compare_cdf_pdf_layer_5.jpg
400,11424.0,ravdess,1e5geore,fft,,strong_intensity,8,0.0128758158282529,0.0126917061008193,1,,,https://github.com/yashdave003/hierarchical-bayesian-model-validation/blob/main/results-audio/case-studies/ravdess/1e5geore/fft/strong_intensity/plots/compare_cdf_pdf_layer_8.jpg
401,31584.0,ravdess,1e5geore,fft,,strong_intensity,11,0.0024363521369084,0.0076365388413218,1,,,https://github.com/yashdave003/hierarchical-bayesian-model-validation/blob/main/results-audio/case-studies/ravdess/1e5geore/fft/strong_intensity/plots/compare_cdf_pdf_layer_11.jpg
402,87360.0,ravdess,1e5geore,fft,,strong_intensity,14,0.0229495481907384,0.0045929764073914,1,,,https://github.com/yashdave003/hierarchical-bayesian-model-validation/blob/main/results-audio/case-studies/ravdess/1e5geore/fft/strong_intensity/plots/compare_cdf_pdf_layer_14.jpg
403,242592.0,ravdess,1e5geore,fft,,strong_intensity,17,0.0128488684076383,0.0027566694904198,1,,,https://github.com/yashdave003/hierarchical-bayesian-model-validation/blob/main/results-audio/case-studies/ravdess/1e5geore/fft/strong_intensity/plots/compare_cdf_pdf_layer_17.jpg
404,673344.0,ravdess,1e5geore,fft,,strong_intensity,20,0.0014715827146818,0.0016548087389045,1,,,https://github.com/yashdave003/hierarchical-bayesian-model-validation/blob/main/results-audio/case-studies/ravdess/1e5geore/fft/strong_intensity/plots/compare_cdf_pdf_layer_20.jpg
405,1870176.0,ravdess,1e5geore,fft,,strong_intensity,23,0.0008972847652801,0.000993004187502,1,,,https://github.com/yashdave003/hierarchical-bayesian-model-validation/blob/main/results-audio/case-studies/ravdess/1e5geore/fft/strong_intensity/plots/compare_cdf_pdf_layer_23.jpg
406,5189856.0,ravdess,1e5geore,fft,,strong_intensity,26,0.0011889236073399,0.0005961152843448,1,,,https://github.com/yashdave003/hierarchical-bayesian-model-validation/blob/main/results-audio/case-studies/ravdess/1e5geore/fft/strong_intensity/plots/compare_cdf_pdf_layer_26.jpg
407,3901632.0,ravdess,1e5geore,fft,,strong_intensity,30,0.0038485589439422,0.0006875134029936,1,,,https://github.com/yashdave003/hierarchical-bayesian-model-validation/blob/main/results-audio/case-studies/ravdess/1e5geore/fft/strong_intensity/plots/compare_cdf_pdf_layer_30.jpg
408,6143445.0,ravdess,1e5geore,stft,,female,2,0.0015252379321561,0.0005479031753213,1,,,https://github.com/yashdave003/hierarchical-bayesian-model-validation/blob/main/results-audio/case-studies/ravdess/1e5geore/stft/female/plots/compare_cdf_pdf_layer_2.jpg
409,7281120.0,ravdess,1e5geore,stft,,female,3,0.0016338304364936,0.0005032832335974,1,,,https://github.com/yashdave003/hierarchical-bayesian-model-validation/blob/main/results-audio/case-studies/ravdess/1e5geore/stft/female/plots/compare_cdf_pdf_layer_3.jpg
410,8873865.0,ravdess,1e5geore,stft,,female,4,0.0025670782041086,0.0004558867913672,1,,,https://github.com/yashdave003/hierarchical-bayesian-model-validation/blob/main/results-audio/case-studies/ravdess/1e5geore/stft/female/plots/compare_cdf_pdf_layer_4.jpg
411,10466610.0,ravdess,1e5geore,stft,,female,5,0.0039602022949812,0.0004197704038829,1,,,https://github.com/yashdave003/hierarchical-bayesian-model-validation/blob/main/results-audio/case-studies/ravdess/1e5geore/stft/female/plots/compare_cdf_pdf_layer_5.jpg
412,12514425.0,ravdess,1e5geore,stft,,female,6,0.0056984926672128,0.0003838935319597,1,,,https://github.com/yashdave003/hierarchical-bayesian-model-validation/blob/main/results-audio/case-studies/ravdess/1e5geore/stft/female/plots/compare_cdf_pdf_layer_6.jpg
413,15017310.0,ravdess,1e5geore,stft,,female,7,0.0052690187820281,0.0003504463049059,1,,,https://github.com/yashdave003/hierarchical-bayesian-model-validation/blob/main/results-audio/case-studies/ravdess/1e5geore/stft/female/plots/compare_cdf_pdf_layer_7.jpg
414,17975265.0,ravdess,1e5geore,stft,,female,8,0.0058409842907082,0.0003203178126554,1,,,https://github.com/yashdave003/hierarchical-bayesian-model-validation/blob/main/results-audio/case-studies/ravdess/1e5geore/stft/female/plots/compare_cdf_pdf_layer_8.jpg
415,28896945.0,ravdess,1e5geore,stft,,female,9,0.0051814663646969,0.0002526361139526,1,,,https://github.com/yashdave003/hierarchical-bayesian-model-validation/blob/main/results-audio/case-studies/ravdess/1e5geore/stft/female/plots/compare_cdf_pdf_layer_9.jpg
416,6072246.0,ravdess,1e5geore,stft,,male,2,0.0016533138453676,0.0005511058233865,1,,,https://github.com/yashdave003/hierarchical-bayesian-model-validation/blob/main/results-audio/case-studies/ravdess/1e5geore/stft/male/plots/compare_cdf_pdf_layer_2.jpg
417,7196736.0,ravdess,1e5geore,stft,,male,3,0.0032442305864335,0.0005062250775079,1,,,https://github.com/yashdave003/hierarchical-bayesian-model-validation/blob/main/results-audio/case-studies/ravdess/1e5geore/stft/male/plots/compare_cdf_pdf_layer_3.jpg
418,8771022.0,ravdess,1e5geore,stft,,male,4,0.0032813437177431,0.0004585516001191,1,,,https://github.com/yashdave003/hierarchical-bayesian-model-validation/blob/main/results-audio/case-studies/ravdess/1e5geore/stft/male/plots/compare_cdf_pdf_layer_4.jpg
419,10345308.0,ravdess,1e5geore,stft,,male,5,0.0025731413021208,0.000422224108494,1,,,https://github.com/yashdave003/hierarchical-bayesian-model-validation/blob/main/results-audio/case-studies/ravdess/1e5geore/stft/male/plots/compare_cdf_pdf_layer_5.jpg
420,12369390.0,ravdess,1e5geore,stft,,male,6,0.0037748504703752,0.0003861375310495,1,,,https://github.com/yashdave003/hierarchical-bayesian-model-validation/blob/main/results-audio/case-studies/ravdess/1e5geore/stft/male/plots/compare_cdf_pdf_layer_6.jpg
421,14843268.0,ravdess,1e5geore,stft,,male,7,0.0037710322057141,0.0003524947988676,1,,,https://github.com/yashdave003/hierarchical-bayesian-model-validation/blob/main/results-audio/case-studies/ravdess/1e5geore/stft/male/plots/compare_cdf_pdf_layer_7.jpg
422,17766942.0,ravdess,1e5geore,stft,,male,8,0.0044836256347264,0.0003221901990788,1,,,https://github.com/yashdave003/hierarchical-bayesian-model-validation/blob/main/results-audio/case-studies/ravdess/1e5geore/stft/male/plots/compare_cdf_pdf_layer_8.jpg
423,28562046.0,ravdess,1e5geore,stft,,male,9,0.0055698564520579,0.0002541128827215,1,,,https://github.com/yashdave003/hierarchical-bayesian-model-validation/blob/main/results-audio/case-studies/ravdess/1e5geore/stft/male/plots/compare_cdf_pdf_layer_9.jpg
424,6119361.0,ravdess,1e5geore,stft,,normal_intensity,2,0.0010941730355381,0.0005489802557202,1,,,https://github.com/yashdave003/hierarchical-bayesian-model-validation/blob/main/results-audio/case-studies/ravdess/1e5geore/stft/normal_intensity/plots/compare_cdf_pdf_layer_2.jpg
425,7252576.0,ravdess,1e5geore,stft,,normal_intensity,3,0.002208972928977,0.0005042726031124,1,,,https://github.com/yashdave003/hierarchical-bayesian-model-validation/blob/main/results-audio/case-studies/ravdess/1e5geore/stft/normal_intensity/plots/compare_cdf_pdf_layer_3.jpg
426,8839077.0,ravdess,1e5geore,stft,,normal_intensity,4,0.0026395785937591,0.0004567829913624,1,,,https://github.com/yashdave003/hierarchical-bayesian-model-validation/blob/main/results-audio/case-studies/ravdess/1e5geore/stft/normal_intensity/plots/compare_cdf_pdf_layer_4.jpg
427,10425578.0,ravdess,1e5geore,stft,,normal_intensity,5,0.0061892929563814,0.0004205956075795,1,,,https://github.com/yashdave003/hierarchical-bayesian-model-validation/blob/main/results-audio/case-studies/ravdess/1e5geore/stft/normal_intensity/plots/compare_cdf_pdf_layer_5.jpg
428,12465365.0,ravdess,1e5geore,stft,,normal_intensity,6,0.007036052745545,0.0003846482097283,1,,,https://github.com/yashdave003/hierarchical-bayesian-model-validation/blob/main/results-audio/case-studies/ravdess/1e5geore/stft/normal_intensity/plots/compare_cdf_pdf_layer_6.jpg
429,14958438.0,ravdess,1e5geore,stft,,normal_intensity,7,0.0071941550642365,0.0003511352324731,1,,,https://github.com/yashdave003/hierarchical-bayesian-model-validation/blob/main/results-audio/case-studies/ravdess/1e5geore/stft/normal_intensity/plots/compare_cdf_pdf_layer_7.jpg
430,17904797.0,ravdess,1e5geore,stft,,normal_intensity,8,0.00837789951337,0.0003209475136133,1,,,https://github.com/yashdave003/hierarchical-bayesian-model-validation/blob/main/results-audio/case-studies/ravdess/1e5geore/stft/normal_intensity/plots/compare_cdf_pdf_layer_8.jpg
431,28783661.0,ravdess,1e5geore,stft,,normal_intensity,9,0.0089587105813307,0.0002531327650043,1,,,https://github.com/yashdave003/hierarchical-bayesian-model-validation/blob/main/results-audio/case-studies/ravdess/1e5geore/stft/normal_intensity/plots/compare_cdf_pdf_layer_9.jpg
432,6140340.0,ravdess,1e5geore,stft,,statement_1,2,0.0010929989029328,0.0005480416806852,1,,,https://github.com/yashdave003/hierarchical-bayesian-model-validation/blob/main/results-audio/case-studies/ravdess/1e5geore/stft/statement_1/plots/compare_cdf_pdf_layer_2.jpg
433,7277440.0,ravdess,1e5geore,stft,,statement_1,3,0.0018937384291434,0.000503410459925,1,,,https://github.com/yashdave003/hierarchical-bayesian-model-validation/blob/main/results-audio/case-studies/ravdess/1e5geore/stft/statement_1/plots/compare_cdf_pdf_layer_3.jpg
434,8869380.0,ravdess,1e5geore,stft,,statement_1,4,0.0042413966571073,0.0004560020367145,1,,,https://github.com/yashdave003/hierarchical-bayesian-model-validation/blob/main/results-audio/case-studies/ravdess/1e5geore/stft/statement_1/plots/compare_cdf_pdf_layer_4.jpg
435,10461320.0,ravdess,1e5geore,stft,,statement_1,5,0.0019321512365927,0.0004198765195787,1,,,https://github.com/yashdave003/hierarchical-bayesian-model-validation/blob/main/results-audio/case-studies/ravdess/1e5geore/stft/statement_1/plots/compare_cdf_pdf_layer_5.jpg
436,12508100.0,ravdess,1e5geore,stft,,statement_1,6,0.0025831067539822,0.0003839905784907,1,,,https://github.com/yashdave003/hierarchical-bayesian-model-validation/blob/main/results-audio/case-studies/ravdess/1e5geore/stft/statement_1/plots/compare_cdf_pdf_layer_6.jpg
437,15009720.0,ravdess,1e5geore,stft,,statement_1,7,0.0025029691627669,0.0003505348963987,1,,,https://github.com/yashdave003/hierarchical-bayesian-model-validation/blob/main/results-audio/case-studies/ravdess/1e5geore/stft/statement_1/plots/compare_cdf_pdf_layer_7.jpg
438,17966180.0,ravdess,1e5geore,stft,,statement_1,8,0.0025310009344872,0.0003203987880007,1,,,https://github.com/yashdave003/hierarchical-bayesian-model-validation/blob/main/results-audio/case-studies/ravdess/1e5geore/stft/statement_1/plots/compare_cdf_pdf_layer_8.jpg
439,28882340.0,ravdess,1e5geore,stft,,statement_1,9,0.0029707901458237,0.0002526999799663,1,,,https://github.com/yashdave003/hierarchical-bayesian-model-validation/blob/main/results-audio/case-studies/ravdess/1e5geore/stft/statement_1/plots/compare_cdf_pdf_layer_9.jpg
440,6075351.0,ravdess,1e5geore,stft,,statement_2,2,0.0017829731579734,0.000550964982387,1,,,https://github.com/yashdave003/hierarchical-bayesian-model-validation/blob/main/results-audio/case-studies/ravdess/1e5geore/stft/statement_2/plots/compare_cdf_pdf_layer_2.jpg
441,7200416.0,ravdess,1e5geore,stft,,statement_2,3,0.0015299220775895,0.0005060957057388,1,,,https://github.com/yashdave003/hierarchical-bayesian-model-validation/blob/main/results-audio/case-studies/ravdess/1e5geore/stft/statement_2/plots/compare_cdf_pdf_layer_3.jpg
442,8775507.0,ravdess,1e5geore,stft,,statement_2,4,0.0026345607296812,0.0004584344113622,1,,,https://github.com/yashdave003/hierarchical-bayesian-model-validation/blob/main/results-audio/case-studies/ravdess/1e5geore/stft/statement_2/plots/compare_cdf_pdf_layer_4.jpg
443,10350598.0,ravdess,1e5geore,stft,,statement_2,5,0.0057537177479212,0.0004221162033401,1,,,https://github.com/yashdave003/hierarchical-bayesian-model-validation/blob/main/results-audio/case-studies/ravdess/1e5geore/stft/statement_2/plots/compare_cdf_pdf_layer_5.jpg
444,12375715.0,ravdess,1e5geore,stft,,statement_2,6,0.007362700533929,0.0003860388479927,1,,,https://github.com/yashdave003/hierarchical-bayesian-model-validation/blob/main/results-audio/case-studies/ravdess/1e5geore/stft/statement_2/plots/compare_cdf_pdf_layer_6.jpg
445,14850858.0,ravdess,1e5geore,stft,,statement_2,7,0.0069867376189902,0.0003524047134257,1,,,https://github.com/yashdave003/hierarchical-bayesian-model-validation/blob/main/results-audio/case-studies/ravdess/1e5geore/stft/statement_2/plots/compare_cdf_pdf_layer_7.jpg
446,17776027.0,ravdess,1e5geore,stft,,statement_2,8,0.0068345967971025,0.0003221078582157,1,,,https://github.com/yashdave003/hierarchical-bayesian-model-validation/blob/main/results-audio/case-studies/ravdess/1e5geore/stft/statement_2/plots/compare_cdf_pdf_layer_8.jpg
447,28576651.0,ravdess,1e5geore,stft,,statement_2,9,0.007438262689755,0.0002540479397068,1,,,https://github.com/yashdave003/hierarchical-bayesian-model-validation/blob/main/results-audio/case-studies/ravdess/1e5geore/stft/statement_2/plots/compare_cdf_pdf_layer_9.jpg
448,6096330.0,ravdess,1e5geore,stft,,strong_intensity,2,0.0018979419037257,0.0005500162082679,1,,,https://github.com/yashdave003/hierarchical-bayesian-model-validation/blob/main/results-audio/case-studies/ravdess/1e5geore/stft/strong_intensity/plots/compare_cdf_pdf_layer_2.jpg
449,7225280.0,ravdess,1e5geore,stft,,strong_intensity,3,0.0016983275061841,0.0005052241939934,1,,,https://github.com/yashdave003/hierarchical-bayesian-model-validation/blob/main/results-audio/case-studies/ravdess/1e5geore/stft/strong_intensity/plots/compare_cdf_pdf_layer_3.jpg
450,8805810.0,ravdess,1e5geore,stft,,strong_intensity,4,0.0023941984323728,0.0004576449703745,1,,,https://github.com/yashdave003/hierarchical-bayesian-model-validation/blob/main/results-audio/case-studies/ravdess/1e5geore/stft/strong_intensity/plots/compare_cdf_pdf_layer_4.jpg
451,10386340.0,ravdess,1e5geore,stft,,strong_intensity,5,0.0030983452362061,0.0004213893012639,1,,,https://github.com/yashdave003/hierarchical-bayesian-model-validation/blob/main/results-audio/case-studies/ravdess/1e5geore/stft/strong_intensity/plots/compare_cdf_pdf_layer_5.jpg
452,12418450.0,ravdess,1e5geore,stft,,strong_intensity,6,0.0042204795062117,0.000385374070493,1,,,https://github.com/yashdave003/hierarchical-bayesian-model-validation/blob/main/results-audio/case-studies/ravdess/1e5geore/stft/strong_intensity/plots/compare_cdf_pdf_layer_6.jpg
453,14902140.0,ravdess,1e5geore,stft,,strong_intensity,7,0.0046456902784492,0.0003517978536837,1,,,https://github.com/yashdave003/hierarchical-bayesian-model-validation/blob/main/results-audio/case-studies/ravdess/1e5geore/stft/strong_intensity/plots/compare_cdf_pdf_layer_7.jpg
454,17837410.0,ravdess,1e5geore,stft,,strong_intensity,8,0.0029407941474731,0.0003215531697595,1,,,https://github.com/yashdave003/hierarchical-bayesian-model-validation/blob/main/results-audio/case-studies/ravdess/1e5geore/stft/strong_intensity/plots/compare_cdf_pdf_layer_8.jpg
455,28675330.0,ravdess,1e5geore,stft,,strong_intensity,9,0.0029595410990359,0.0002536104516987,1,,,https://github.com/yashdave003/hierarchical-bayesian-model-validation/blob/main/results-audio/case-studies/ravdess/1e5geore/stft/strong_intensity/plots/compare_cdf_pdf_layer_9.jpg
456,58064760.0,ravdess,1e5rawcomp,cwt,,female,2,0.0019504343990337,0.0001782247447611,1,,,https://github.com/yashdave003/hierarchical-bayesian-model-validation/blob/main/results-audio/case-studies/ravdess/1e5rawcomp/cwt/female/plots/compare_cdf_pdf_layer_2.jpg
457,58064760.0,ravdess,1e5rawcomp,cwt,,female,5,0.0408827460741003,0.0001782247447611,1,,,https://github.com/yashdave003/hierarchical-bayesian-model-validation/blob/main/results-audio/case-studies/ravdess/1e5rawcomp/cwt/female/plots/compare_cdf_pdf_layer_5.jpg
458,58064760.0,ravdess,1e5rawcomp,cwt,,female,8,0.0231716008449734,0.0001782247447611,1,,,https://github.com/yashdave003/hierarchical-bayesian-model-validation/blob/main/results-audio/case-studies/ravdess/1e5rawcomp/cwt/female/plots/compare_cdf_pdf_layer_8.jpg
459,58064760.0,ravdess,1e5rawcomp,cwt,,female,11,0.0243836014447527,0.0001782247447611,1,,,https://github.com/yashdave003/hierarchical-bayesian-model-validation/blob/main/results-audio/case-studies/ravdess/1e5rawcomp/cwt/female/plots/compare_cdf_pdf_layer_11.jpg
460,58064760.0,ravdess,1e5rawcomp,cwt,,female,14,0.0156590713218349,0.0001782247447611,1,,,https://github.com/yashdave003/hierarchical-bayesian-model-validation/blob/main/results-audio/case-studies/ravdess/1e5rawcomp/cwt/female/plots/compare_cdf_pdf_layer_14.jpg
461,58064760.0,ravdess,1e5rawcomp,cwt,,female,18,0.0142125412041347,0.0001782247447611,1,,,https://github.com/yashdave003/hierarchical-bayesian-model-validation/blob/main/results-audio/case-studies/ravdess/1e5rawcomp/cwt/female/plots/compare_cdf_pdf_layer_18.jpg
462,58064760.0,ravdess,1e5rawcomp,cwt,,female,21,0.0128852800022485,0.0001782247447611,1,,,https://github.com/yashdave003/hierarchical-bayesian-model-validation/blob/main/results-audio/case-studies/ravdess/1e5rawcomp/cwt/female/plots/compare_cdf_pdf_layer_21.jpg
463,58064760.0,ravdess,1e5rawcomp,cwt,,female,24,0.0052146945824087,0.0001782247447611,1,,,https://github.com/yashdave003/hierarchical-bayesian-model-validation/blob/main/results-audio/case-studies/ravdess/1e5rawcomp/cwt/female/plots/compare_cdf_pdf_layer_24.jpg
464,58064760.0,ravdess,1e5rawcomp,cwt,,female,27,0.0083623145415214,0.0001782247447611,1,,,https://github.com/yashdave003/hierarchical-bayesian-model-validation/blob/main/results-audio/case-studies/ravdess/1e5rawcomp/cwt/female/plots/compare_cdf_pdf_layer_27.jpg
465,58064760.0,ravdess,1e5rawcomp,cwt,,female,31,0.0254738395212383,0.0001782247447611,1,,,https://github.com/yashdave003/hierarchical-bayesian-model-validation/blob/main/results-audio/case-studies/ravdess/1e5rawcomp/cwt/female/plots/compare_cdf_pdf_layer_31.jpg
466,57390260.0,ravdess,1e5rawcomp,cwt,,male,2,0.0321587591832485,0.0001792689942398,1,,,https://github.com/yashdave003/hierarchical-bayesian-model-validation/blob/main/results-audio/case-studies/ravdess/1e5rawcomp/cwt/male/plots/compare_cdf_pdf_layer_2.jpg
467,57390260.0,ravdess,1e5rawcomp,cwt,,male,5,0.025724718538833,0.0001792689942398,1,,,https://github.com/yashdave003/hierarchical-bayesian-model-validation/blob/main/results-audio/case-studies/ravdess/1e5rawcomp/cwt/male/plots/compare_cdf_pdf_layer_5.jpg
468,57390260.0,ravdess,1e5rawcomp,cwt,,male,8,0.0230909337028356,0.0001792689942398,1,,,https://github.com/yashdave003/hierarchical-bayesian-model-validation/blob/main/results-audio/case-studies/ravdess/1e5rawcomp/cwt/male/plots/compare_cdf_pdf_layer_8.jpg
469,57390260.0,ravdess,1e5rawcomp,cwt,,male,11,0.0315410610049595,0.0001792689942398,1,,,https://github.com/yashdave003/hierarchical-bayesian-model-validation/blob/main/results-audio/case-studies/ravdess/1e5rawcomp/cwt/male/plots/compare_cdf_pdf_layer_11.jpg
470,57390260.0,ravdess,1e5rawcomp,cwt,,male,14,0.0190999257275327,0.0001792689942398,1,,,https://github.com/yashdave003/hierarchical-bayesian-model-validation/blob/main/results-audio/case-studies/ravdess/1e5rawcomp/cwt/male/plots/compare_cdf_pdf_layer_14.jpg
471,57390260.0,ravdess,1e5rawcomp,cwt,,male,18,0.0158127227058864,0.0001792689942398,1,,,https://github.com/yashdave003/hierarchical-bayesian-model-validation/blob/main/results-audio/case-studies/ravdess/1e5rawcomp/cwt/male/plots/compare_cdf_pdf_layer_18.jpg
472,57390260.0,ravdess,1e5rawcomp,cwt,,male,21,0.012787348148459,0.0001792689942398,1,,,https://github.com/yashdave003/hierarchical-bayesian-model-validation/blob/main/results-audio/case-studies/ravdess/1e5rawcomp/cwt/male/plots/compare_cdf_pdf_layer_21.jpg
473,57390260.0,ravdess,1e5rawcomp,cwt,,male,24,0.0057582620276768,0.0001792689942398,1,,,https://github.com/yashdave003/hierarchical-bayesian-model-validation/blob/main/results-audio/case-studies/ravdess/1e5rawcomp/cwt/male/plots/compare_cdf_pdf_layer_24.jpg
474,57390260.0,ravdess,1e5rawcomp,cwt,,male,27,0.0122578716578425,0.0001792689942398,1,,,https://github.com/yashdave003/hierarchical-bayesian-model-validation/blob/main/results-audio/case-studies/ravdess/1e5rawcomp/cwt/male/plots/compare_cdf_pdf_layer_27.jpg
475,57390260.0,ravdess,1e5rawcomp,cwt,,male,31,0.027325488617871,0.0001792689942398,1,,,https://github.com/yashdave003/hierarchical-bayesian-model-validation/blob/main/results-audio/case-studies/ravdess/1e5rawcomp/cwt/male/plots/compare_cdf_pdf_layer_31.jpg
476,57824238.0,ravdess,1e5rawcomp,cwt,,normal_intensity,2,0.0317040572568733,0.0001785950202555,1,,,https://github.com/yashdave003/hierarchical-bayesian-model-validation/blob/main/results-audio/case-studies/ravdess/1e5rawcomp/cwt/normal_intensity/plots/compare_cdf_pdf_layer_2.jpg
477,57824238.0,ravdess,1e5rawcomp,cwt,,normal_intensity,5,0.026874962593323,0.0001785950202555,1,,,https://github.com/yashdave003/hierarchical-bayesian-model-validation/blob/main/results-audio/case-studies/ravdess/1e5rawcomp/cwt/normal_intensity/plots/compare_cdf_pdf_layer_5.jpg
478,57824238.0,ravdess,1e5rawcomp,cwt,,normal_intensity,8,0.0204333141361552,0.0001785950202555,1,,,https://github.com/yashdave003/hierarchical-bayesian-model-validation/blob/main/results-audio/case-studies/ravdess/1e5rawcomp/cwt/normal_intensity/plots/compare_cdf_pdf_layer_8.jpg
479,57824238.0,ravdess,1e5rawcomp,cwt,,normal_intensity,11,0.0284009093133481,0.0001785950202555,1,,,https://github.com/yashdave003/hierarchical-bayesian-model-validation/blob/main/results-audio/case-studies/ravdess/1e5rawcomp/cwt/normal_intensity/plots/compare_cdf_pdf_layer_11.jpg
480,57824238.0,ravdess,1e5rawcomp,cwt,,normal_intensity,14,0.0170107439143084,0.0001785950202555,1,,,https://github.com/yashdave003/hierarchical-bayesian-model-validation/blob/main/results-audio/case-studies/ravdess/1e5rawcomp/cwt/normal_intensity/plots/compare_cdf_pdf_layer_14.jpg
481,57824238.0,ravdess,1e5rawcomp,cwt,,normal_intensity,18,0.0136721863690415,0.0001785950202555,1,,,https://github.com/yashdave003/hierarchical-bayesian-model-validation/blob/main/results-audio/case-studies/ravdess/1e5rawcomp/cwt/normal_intensity/plots/compare_cdf_pdf_layer_18.jpg
482,57824238.0,ravdess,1e5rawcomp,cwt,,normal_intensity,21,0.0090318458357807,0.0001785950202555,1,,,https://github.com/yashdave003/hierarchical-bayesian-model-validation/blob/main/results-audio/case-studies/ravdess/1e5rawcomp/cwt/normal_intensity/plots/compare_cdf_pdf_layer_21.jpg
483,57824238.0,ravdess,1e5rawcomp,cwt,,normal_intensity,24,0.0081332621233503,0.0001785950202555,1,,,https://github.com/yashdave003/hierarchical-bayesian-model-validation/blob/main/results-audio/case-studies/ravdess/1e5rawcomp/cwt/normal_intensity/plots/compare_cdf_pdf_layer_24.jpg
484,57824238.0,ravdess,1e5rawcomp,cwt,,normal_intensity,27,0.012200208557605,0.0001785950202555,1,,,https://github.com/yashdave003/hierarchical-bayesian-model-validation/blob/main/results-audio/case-studies/ravdess/1e5rawcomp/cwt/normal_intensity/plots/compare_cdf_pdf_layer_27.jpg
485,57824238.0,ravdess,1e5rawcomp,cwt,,normal_intensity,31,0.0318832623969645,0.0001785950202555,1,,,https://github.com/yashdave003/hierarchical-bayesian-model-validation/blob/main/results-audio/case-studies/ravdess/1e5rawcomp/cwt/normal_intensity/plots/compare_cdf_pdf_layer_31.jpg
486,58035773.0,ravdess,1e5rawcomp,cwt,,statement_1,2,0.0199591269662018,0.0001782692472486,1,,,https://github.com/yashdave003/hierarchical-bayesian-model-validation/blob/main/results-audio/case-studies/ravdess/1e5rawcomp/cwt/statement_1/plots/compare_cdf_pdf_layer_2.jpg
487,58035773.0,ravdess,1e5rawcomp,cwt,,statement_1,5,0.0343787593475014,0.0001782692472486,1,,,https://github.com/yashdave003/hierarchical-bayesian-model-validation/blob/main/results-audio/case-studies/ravdess/1e5rawcomp/cwt/statement_1/plots/compare_cdf_pdf_layer_5.jpg
488,58035773.0,ravdess,1e5rawcomp,cwt,,statement_1,8,0.0232251363708244,0.0001782692472486,1,,,https://github.com/yashdave003/hierarchical-bayesian-model-validation/blob/main/results-audio/case-studies/ravdess/1e5rawcomp/cwt/statement_1/plots/compare_cdf_pdf_layer_8.jpg
489,58035773.0,ravdess,1e5rawcomp,cwt,,statement_1,11,0.0263770583836323,0.0001782692472486,1,,,https://github.com/yashdave003/hierarchical-bayesian-model-validation/blob/main/results-audio/case-studies/ravdess/1e5rawcomp/cwt/statement_1/plots/compare_cdf_pdf_layer_11.jpg
490,58035773.0,ravdess,1e5rawcomp,cwt,,statement_1,14,0.0179855942484988,0.0001782692472486,1,,,https://github.com/yashdave003/hierarchical-bayesian-model-validation/blob/main/results-audio/case-studies/ravdess/1e5rawcomp/cwt/statement_1/plots/compare_cdf_pdf_layer_14.jpg
491,58035773.0,ravdess,1e5rawcomp,cwt,,statement_1,18,0.0144324900660443,0.0001782692472486,1,,,https://github.com/yashdave003/hierarchical-bayesian-model-validation/blob/main/results-audio/case-studies/ravdess/1e5rawcomp/cwt/statement_1/plots/compare_cdf_pdf_layer_18.jpg
492,58035773.0,ravdess,1e5rawcomp,cwt,,statement_1,21,0.014220468902927,0.0001782692472486,1,,,https://github.com/yashdave003/hierarchical-bayesian-model-validation/blob/main/results-audio/case-studies/ravdess/1e5rawcomp/cwt/statement_1/plots/compare_cdf_pdf_layer_21.jpg
493,58035773.0,ravdess,1e5rawcomp,cwt,,statement_1,24,0.0049463222828546,0.0001782692472486,1,,,https://github.com/yashdave003/hierarchical-bayesian-model-validation/blob/main/results-audio/case-studies/ravdess/1e5rawcomp/cwt/statement_1/plots/compare_cdf_pdf_layer_24.jpg
494,58035773.0,ravdess,1e5rawcomp,cwt,,statement_1,27,0.0116178557375451,0.0001782692472486,1,,,https://github.com/yashdave003/hierarchical-bayesian-model-validation/blob/main/results-audio/case-studies/ravdess/1e5rawcomp/cwt/statement_1/plots/compare_cdf_pdf_layer_27.jpg
495,58035773.0,ravdess,1e5rawcomp,cwt,,statement_1,31,0.0263348982011233,0.0001782692472486,1,,,https://github.com/yashdave003/hierarchical-bayesian-model-validation/blob/main/results-audio/case-studies/ravdess/1e5rawcomp/cwt/statement_1/plots/compare_cdf_pdf_layer_31.jpg
496,57419247.0,ravdess,1e5rawcomp,cwt,,statement_2,2,0.0216241268483003,0.0001792237390124,1,,,https://github.com/yashdave003/hierarchical-bayesian-model-validation/blob/main/results-audio/case-studies/ravdess/1e5rawcomp/cwt/statement_2/plots/compare_cdf_pdf_layer_2.jpg
497,57419247.0,ravdess,1e5rawcomp,cwt,,statement_2,5,0.031782940655378,0.0001792237390124,1,,,https://github.com/yashdave003/hierarchical-bayesian-model-validation/blob/main/results-audio/case-studies/ravdess/1e5rawcomp/cwt/statement_2/plots/compare_cdf_pdf_layer_5.jpg
498,57419247.0,ravdess,1e5rawcomp,cwt,,statement_2,8,0.0241005317731994,0.0001792237390124,1,,,https://github.com/yashdave003/hierarchical-bayesian-model-validation/blob/main/results-audio/case-studies/ravdess/1e5rawcomp/cwt/statement_2/plots/compare_cdf_pdf_layer_8.jpg
499,57419247.0,ravdess,1e5rawcomp,cwt,,statement_2,11,0.0303743237577707,0.0001792237390124,1,,,https://github.com/yashdave003/hierarchical-bayesian-model-validation/blob/main/results-audio/case-studies/ravdess/1e5rawcomp/cwt/statement_2/plots/compare_cdf_pdf_layer_11.jpg
500,57419247.0,ravdess,1e5rawcomp,cwt,,statement_2,14,0.0172215482395798,0.0001792237390124,1,,,https://github.com/yashdave003/hierarchical-bayesian-model-validation/blob/main/results-audio/case-studies/ravdess/1e5rawcomp/cwt/statement_2/plots/compare_cdf_pdf_layer_14.jpg
501,57419247.0,ravdess,1e5rawcomp,cwt,,statement_2,18,0.0153243455159879,0.0001792237390124,1,,,https://github.com/yashdave003/hierarchical-bayesian-model-validation/blob/main/results-audio/case-studies/ravdess/1e5rawcomp/cwt/statement_2/plots/compare_cdf_pdf_layer_18.jpg
502,57419247.0,ravdess,1e5rawcomp,cwt,,statement_2,21,0.011476162708512,0.0001792237390124,1,,,https://github.com/yashdave003/hierarchical-bayesian-model-validation/blob/main/results-audio/case-studies/ravdess/1e5rawcomp/cwt/statement_2/plots/compare_cdf_pdf_layer_21.jpg
503,57419247.0,ravdess,1e5rawcomp,cwt,,statement_2,24,0.0072569333274342,0.0001792237390124,1,,,https://github.com/yashdave003/hierarchical-bayesian-model-validation/blob/main/results-audio/case-studies/ravdess/1e5rawcomp/cwt/statement_2/plots/compare_cdf_pdf_layer_24.jpg
504,57419247.0,ravdess,1e5rawcomp,cwt,,statement_2,27,0.0096467363914916,0.0001792237390124,1,,,https://github.com/yashdave003/hierarchical-bayesian-model-validation/blob/main/results-audio/case-studies/ravdess/1e5rawcomp/cwt/statement_2/plots/compare_cdf_pdf_layer_27.jpg
505,57419247.0,ravdess,1e5rawcomp,cwt,,statement_2,31,0.0260596822902747,0.0001792237390124,1,,,https://github.com/yashdave003/hierarchical-bayesian-model-validation/blob/main/results-audio/case-studies/ravdess/1e5rawcomp/cwt/statement_2/plots/compare_cdf_pdf_layer_31.jpg
506,57630782.0,ravdess,1e5rawcomp,cwt,,strong_intensity,2,0.0110805767933402,0.0001788945196956,1,,,https://github.com/yashdave003/hierarchical-bayesian-model-validation/blob/main/results-audio/case-studies/ravdess/1e5rawcomp/cwt/strong_intensity/plots/compare_cdf_pdf_layer_2.jpg
507,57630782.0,ravdess,1e5rawcomp,cwt,,strong_intensity,5,0.0337068245221465,0.0001788945196956,1,,,https://github.com/yashdave003/hierarchical-bayesian-model-validation/blob/main/results-audio/case-studies/ravdess/1e5rawcomp/cwt/strong_intensity/plots/compare_cdf_pdf_layer_5.jpg
508,57630782.0,ravdess,1e5rawcomp,cwt,,strong_intensity,8,0.0251195904330425,0.0001788945196956,1,,,https://github.com/yashdave003/hierarchical-bayesian-model-validation/blob/main/results-audio/case-studies/ravdess/1e5rawcomp/cwt/strong_intensity/plots/compare_cdf_pdf_layer_8.jpg
509,57630782.0,ravdess,1e5rawcomp,cwt,,strong_intensity,11,0.0282597110093054,0.0001788945196956,1,,,https://github.com/yashdave003/hierarchical-bayesian-model-validation/blob/main/results-audio/case-studies/ravdess/1e5rawcomp/cwt/strong_intensity/plots/compare_cdf_pdf_layer_11.jpg
510,57630782.0,ravdess,1e5rawcomp,cwt,,strong_intensity,14,0.0190065885585483,0.0001788945196956,1,,,https://github.com/yashdave003/hierarchical-bayesian-model-validation/blob/main/results-audio/case-studies/ravdess/1e5rawcomp/cwt/strong_intensity/plots/compare_cdf_pdf_layer_14.jpg
511,57630782.0,ravdess,1e5rawcomp,cwt,,strong_intensity,18,0.0175524057469128,0.0001788945196956,1,,,https://github.com/yashdave003/hierarchical-bayesian-model-validation/blob/main/results-audio/case-studies/ravdess/1e5rawcomp/cwt/strong_intensity/plots/compare_cdf_pdf_layer_18.jpg
512,57630782.0,ravdess,1e5rawcomp,cwt,,strong_intensity,21,0.0151107034357099,0.0001788945196956,1,,,https://github.com/yashdave003/hierarchical-bayesian-model-validation/blob/main/results-audio/case-studies/ravdess/1e5rawcomp/cwt/strong_intensity/plots/compare_cdf_pdf_layer_21.jpg
513,57630782.0,ravdess,1e5rawcomp,cwt,,strong_intensity,24,0.005345877600055,0.0001788945196956,1,,,https://github.com/yashdave003/hierarchical-bayesian-model-validation/blob/main/results-audio/case-studies/ravdess/1e5rawcomp/cwt/strong_intensity/plots/compare_cdf_pdf_layer_24.jpg
514,57630782.0,ravdess,1e5rawcomp,cwt,,strong_intensity,27,0.0086058149465568,0.0001788945196956,1,,,https://github.com/yashdave003/hierarchical-bayesian-model-validation/blob/main/results-audio/case-studies/ravdess/1e5rawcomp/cwt/strong_intensity/plots/compare_cdf_pdf_layer_27.jpg
515,57630782.0,ravdess,1e5rawcomp,cwt,,strong_intensity,31,0.0219632623969645,0.0001788945196956,1,,,https://github.com/yashdave003/hierarchical-bayesian-model-validation/blob/main/results-audio/case-studies/ravdess/1e5rawcomp/cwt/strong_intensity/plots/compare_cdf_pdf_layer_31.jpg
516,198462.0,ravdess,1e5rawcomp,erb,,female,2,0.0017959919694238,0.0030477040399392,1,,,https://github.com/yashdave003/hierarchical-bayesian-model-validation/blob/main/results-audio/case-studies/ravdess/1e5rawcomp/erb/female/plots/compare_cdf_pdf_layer_2.jpg
517,220998.0,ravdess,1e5rawcomp,erb,,female,3,0.0010287290204483,0.0028881755401409,1,,,https://github.com/yashdave003/hierarchical-bayesian-model-validation/blob/main/results-audio/case-studies/ravdess/1e5rawcomp/erb/female/plots/compare_cdf_pdf_layer_3.jpg
518,2188982.0,ravdess,1e5rawcomp,erb,,female,5,0.0135064078669816,0.0009178552095793,1,,,https://github.com/yashdave003/hierarchical-bayesian-model-validation/blob/main/results-audio/case-studies/ravdess/1e5rawcomp/erb/female/plots/compare_cdf_pdf_layer_5.jpg
519,1105744.0,ravdess,1e5rawcomp,erb,,female,6,0.0101977630678123,0.0012913777432167,1,,,https://github.com/yashdave003/hierarchical-bayesian-model-validation/blob/main/results-audio/case-studies/ravdess/1e5rawcomp/erb/female/plots/compare_cdf_pdf_layer_6.jpg
520,7167056.0,ravdess,1e5rawcomp,erb,,female,8,0.0020083583864713,0.0005072721286948,1,,,https://github.com/yashdave003/hierarchical-bayesian-model-validation/blob/main/results-audio/case-studies/ravdess/1e5rawcomp/erb/female/plots/compare_cdf_pdf_layer_8.jpg
521,10753786.0,ravdess,1e5rawcomp,erb,,female,9,0.0032821810984923,0.0004141277786729,1,,,https://github.com/yashdave003/hierarchical-bayesian-model-validation/blob/main/results-audio/case-studies/ravdess/1e5rawcomp/erb/female/plots/compare_cdf_pdf_layer_9.jpg
522,13627424.0,ravdess,1e5rawcomp,erb,,female,11,0.0055274865414541,0.0003678832285335,1,,,https://github.com/yashdave003/hierarchical-bayesian-model-validation/blob/main/results-audio/case-studies/ravdess/1e5rawcomp/erb/female/plots/compare_cdf_pdf_layer_11.jpg
523,44877886.0,ravdess,1e5rawcomp,erb,,female,12,0.0047476137489537,0.0002027249312669,1,,,https://github.com/yashdave003/hierarchical-bayesian-model-validation/blob/main/results-audio/case-studies/ravdess/1e5rawcomp/erb/female/plots/compare_cdf_pdf_layer_12.jpg
524,25267410.0,ravdess,1e5rawcomp,erb,,female,14,0.0060693394629026,0.0002701720050941,1,,,https://github.com/yashdave003/hierarchical-bayesian-model-validation/blob/main/results-audio/case-studies/ravdess/1e5rawcomp/erb/female/plots/compare_cdf_pdf_layer_14.jpg
525,16522856.0,ravdess,1e5rawcomp,erb,,female,16,0.007216579542818,0.0003340993578944,1,,,https://github.com/yashdave003/hierarchical-bayesian-model-validation/blob/main/results-audio/case-studies/ravdess/1e5rawcomp/erb/female/plots/compare_cdf_pdf_layer_16.jpg
526,196196.0,ravdess,1e5rawcomp,erb,,male,2,0.0027026799060051,0.0030652486290846,1,,,https://github.com/yashdave003/hierarchical-bayesian-model-validation/blob/main/results-audio/case-studies/ravdess/1e5rawcomp/erb/male/plots/compare_cdf_pdf_layer_2.jpg
527,218424.0,ravdess,1e5rawcomp,erb,,male,3,0.0136451052287363,0.0029051389631317,1,,,https://github.com/yashdave003/hierarchical-bayesian-model-validation/blob/main/results-audio/case-studies/ravdess/1e5rawcomp/erb/male/plots/compare_cdf_pdf_layer_3.jpg
528,2163728.0,ravdess,1e5rawcomp,erb,,male,5,0.0045835659642925,0.0009231956086551,1,,,https://github.com/yashdave003/hierarchical-bayesian-model-validation/blob/main/results-audio/case-studies/ravdess/1e5rawcomp/erb/male/plots/compare_cdf_pdf_layer_5.jpg
529,1092936.0,ravdess,1e5rawcomp,erb,,male,6,0.0085266407890562,0.0012989215754905,1,,,https://github.com/yashdave003/hierarchical-bayesian-model-validation/blob/main/results-audio/case-studies/ravdess/1e5rawcomp/erb/male/plots/compare_cdf_pdf_layer_6.jpg
530,7083852.0,ravdess,1e5rawcomp,erb,,male,8,0.0020696205095087,0.0005102423992838,1,,,https://github.com/yashdave003/hierarchical-bayesian-model-validation/blob/main/results-audio/case-studies/ravdess/1e5rawcomp/erb/male/plots/compare_cdf_pdf_layer_8.jpg
531,10628850.0,ravdess,1e5rawcomp,erb,,male,9,0.0018850884256808,0.0004165544932528,1,,,https://github.com/yashdave003/hierarchical-bayesian-model-validation/blob/main/results-audio/case-studies/ravdess/1e5rawcomp/erb/male/plots/compare_cdf_pdf_layer_9.jpg
532,13469170.0,ravdess,1e5rawcomp,erb,,male,11,0.0049155248727299,0.0003700380398187,1,,,https://github.com/yashdave003/hierarchical-bayesian-model-validation/blob/main/results-audio/case-studies/ravdess/1e5rawcomp/erb/male/plots/compare_cdf_pdf_layer_11.jpg
533,44356618.0,ravdess,1e5rawcomp,erb,,male,12,0.0045515608968121,0.0002039126167748,1,,,https://github.com/yashdave003/hierarchical-bayesian-model-validation/blob/main/results-audio/case-studies/ravdess/1e5rawcomp/erb/male/plots/compare_cdf_pdf_layer_12.jpg
534,24973922.0,ravdess,1e5rawcomp,erb,,male,14,0.0063002453137857,0.0002717548302104,1,,,https://github.com/yashdave003/hierarchical-bayesian-model-validation/blob/main/results-audio/case-studies/ravdess/1e5rawcomp/erb/male/plots/compare_cdf_pdf_layer_14.jpg
535,16330930.0,ravdess,1e5rawcomp,erb,,male,16,0.0078515514645611,0.0003360567820507,1,,,https://github.com/yashdave003/hierarchical-bayesian-model-validation/blob/main/results-audio/case-studies/ravdess/1e5rawcomp/erb/male/plots/compare_cdf_pdf_layer_16.jpg
536,197712.0,ravdess,1e5rawcomp,erb,,normal_intensity,2,0.001737868553223,0.0030534775437893,1,,,https://github.com/yashdave003/hierarchical-bayesian-model-validation/blob/main/results-audio/case-studies/ravdess/1e5rawcomp/erb/normal_intensity/plots/compare_cdf_pdf_layer_2.jpg
537,220110.0,ravdess,1e5rawcomp,erb,,normal_intensity,3,0.016890096554144,0.0028939940990286,1,,,https://github.com/yashdave003/hierarchical-bayesian-model-validation/blob/main/results-audio/case-studies/ravdess/1e5rawcomp/erb/normal_intensity/plots/compare_cdf_pdf_layer_3.jpg
538,2180200.0,ravdess,1e5rawcomp,erb,,normal_intensity,5,0.0079335542417973,0.0009197017909999,1,,,https://github.com/yashdave003/hierarchical-bayesian-model-validation/blob/main/results-audio/case-studies/ravdess/1e5rawcomp/erb/normal_intensity/plots/compare_cdf_pdf_layer_5.jpg
539,1101280.0,ravdess,1e5rawcomp,erb,,normal_intensity,6,0.0097574244215493,0.0012939920673944,1,,,https://github.com/yashdave003/hierarchical-bayesian-model-validation/blob/main/results-audio/case-studies/ravdess/1e5rawcomp/erb/normal_intensity/plots/compare_cdf_pdf_layer_6.jpg
540,7137684.0,ravdess,1e5rawcomp,erb,,normal_intensity,8,0.001877889908166,0.0005083147369234,1,,,https://github.com/yashdave003/hierarchical-bayesian-model-validation/blob/main/results-audio/case-studies/ravdess/1e5rawcomp/erb/normal_intensity/plots/compare_cdf_pdf_layer_8.jpg
541,10709440.0,ravdess,1e5rawcomp,erb,,normal_intensity,9,0.004317987162843,0.0004149842777022,1,,,https://github.com/yashdave003/hierarchical-bayesian-model-validation/blob/main/results-audio/case-studies/ravdess/1e5rawcomp/erb/normal_intensity/plots/compare_cdf_pdf_layer_9.jpg
542,13571146.0,ravdess,1e5rawcomp,erb,,normal_intensity,11,0.0066470230388049,0.0003686451989467,1,,,https://github.com/yashdave003/hierarchical-bayesian-model-validation/blob/main/results-audio/case-studies/ravdess/1e5rawcomp/erb/normal_intensity/plots/compare_cdf_pdf_layer_11.jpg
543,44692302.0,ravdess,1e5rawcomp,erb,,normal_intensity,12,0.0080265079105602,0.0002031453933607,1,,,https://github.com/yashdave003/hierarchical-bayesian-model-validation/blob/main/results-audio/case-studies/ravdess/1e5rawcomp/erb/normal_intensity/plots/compare_cdf_pdf_layer_12.jpg
544,25162862.0,ravdess,1e5rawcomp,erb,,normal_intensity,14,0.0098986133914842,0.0002707326721125,1,,,https://github.com/yashdave003/hierarchical-bayesian-model-validation/blob/main/results-audio/case-studies/ravdess/1e5rawcomp/erb/normal_intensity/plots/compare_cdf_pdf_layer_14.jpg
545,16454458.0,ravdess,1e5rawcomp,erb,,normal_intensity,16,0.0127157864336827,0.0003347930099937,1,,,https://github.com/yashdave003/hierarchical-bayesian-model-validation/blob/main/results-audio/case-studies/ravdess/1e5rawcomp/erb/normal_intensity/plots/compare_cdf_pdf_layer_16.jpg
546,198372.0,ravdess,1e5rawcomp,erb,,statement_1,2,0.0022767117283727,0.0030483951315025,1,,,https://github.com/yashdave003/hierarchical-bayesian-model-validation/blob/main/results-audio/case-studies/ravdess/1e5rawcomp/erb/statement_1/plots/compare_cdf_pdf_layer_2.jpg
547,220862.0,ravdess,1e5rawcomp,erb,,statement_1,3,0.0139156408664362,0.0028890643950308,1,,,https://github.com/yashdave003/hierarchical-bayesian-model-validation/blob/main/results-audio/case-studies/ravdess/1e5rawcomp/erb/statement_1/plots/compare_cdf_pdf_layer_3.jpg
548,2187988.0,ravdess,1e5rawcomp,erb,,statement_1,5,0.0084620383820551,0.0009180636587846,1,,,https://github.com/yashdave003/hierarchical-bayesian-model-validation/blob/main/results-audio/case-studies/ravdess/1e5rawcomp/erb/statement_1/plots/compare_cdf_pdf_layer_5.jpg
549,1105198.0,ravdess,1e5rawcomp,erb,,statement_1,6,0.0088306253033913,0.0012916966556503,1,,,https://github.com/yashdave003/hierarchical-bayesian-model-validation/blob/main/results-audio/case-studies/ravdess/1e5rawcomp/erb/statement_1/plots/compare_cdf_pdf_layer_6.jpg
550,7163472.0,ravdess,1e5rawcomp,erb,,statement_1,8,0.0013708446204068,0.0005073990051987,1,,,https://github.com/yashdave003/hierarchical-bayesian-model-validation/blob/main/results-audio/case-studies/ravdess/1e5rawcomp/erb/statement_1/plots/compare_cdf_pdf_layer_8.jpg
551,10748378.0,ravdess,1e5rawcomp,erb,,statement_1,9,0.0030963614393383,0.0004142319449724,1,,,https://github.com/yashdave003/hierarchical-bayesian-model-validation/blob/main/results-audio/case-studies/ravdess/1e5rawcomp/erb/statement_1/plots/compare_cdf_pdf_layer_9.jpg
552,13620622.0,ravdess,1e5rawcomp,erb,,statement_1,11,0.0042092227793398,0.0003679750725827,1,,,https://github.com/yashdave003/hierarchical-bayesian-model-validation/blob/main/results-audio/case-studies/ravdess/1e5rawcomp/erb/statement_1/plots/compare_cdf_pdf_layer_11.jpg
553,44855454.0,ravdess,1e5rawcomp,erb,,statement_1,12,0.0016248649443171,0.0002027756148907,1,,,https://github.com/yashdave003/hierarchical-bayesian-model-validation/blob/main/results-audio/case-studies/ravdess/1e5rawcomp/erb/statement_1/plots/compare_cdf_pdf_layer_12.jpg
554,25254822.0,ravdess,1e5rawcomp,erb,,statement_1,14,0.0034377824095632,0.0002702393272564,1,,,https://github.com/yashdave003/hierarchical-bayesian-model-validation/blob/main/results-audio/case-studies/ravdess/1e5rawcomp/erb/statement_1/plots/compare_cdf_pdf_layer_14.jpg
555,16514624.0,ravdess,1e5rawcomp,erb,,statement_1,16,0.00482807138899,0.0003341826138071,1,,,https://github.com/yashdave003/hierarchical-bayesian-model-validation/blob/main/results-audio/case-studies/ravdess/1e5rawcomp/erb/statement_1/plots/compare_cdf_pdf_layer_16.jpg
556,196286.0,ravdess,1e5rawcomp,erb,,statement_2,2,0.0015753936027622,0.0030645460132105,1,,,https://github.com/yashdave003/hierarchical-bayesian-model-validation/blob/main/results-audio/case-studies/ravdess/1e5rawcomp/erb/statement_2/plots/compare_cdf_pdf_layer_2.jpg
557,218560.0,ravdess,1e5rawcomp,erb,,statement_2,3,0.0141081896151102,0.0029042351922868,1,,,https://github.com/yashdave003/hierarchical-bayesian-model-validation/blob/main/results-audio/case-studies/ravdess/1e5rawcomp/erb/statement_2/plots/compare_cdf_pdf_layer_3.jpg
558,2164722.0,ravdess,1e5rawcomp,erb,,statement_2,5,0.0091294964489794,0.0009229836449083,1,,,https://github.com/yashdave003/hierarchical-bayesian-model-validation/blob/main/results-audio/case-studies/ravdess/1e5rawcomp/erb/statement_2/plots/compare_cdf_pdf_layer_5.jpg
559,1093482.0,ravdess,1e5rawcomp,erb,,statement_2,6,0.0109533135175435,0.0012985972828317,1,,,https://github.com/yashdave003/hierarchical-bayesian-model-validation/blob/main/results-audio/case-studies/ravdess/1e5rawcomp/erb/statement_2/plots/compare_cdf_pdf_layer_6.jpg
560,7087436.0,ravdess,1e5rawcomp,erb,,statement_2,8,0.001943451235379,0.00051011337832,1,,,https://github.com/yashdave003/hierarchical-bayesian-model-validation/blob/main/results-audio/case-studies/ravdess/1e5rawcomp/erb/statement_2/plots/compare_cdf_pdf_layer_8.jpg
561,10634258.0,ravdess,1e5rawcomp,erb,,statement_2,9,0.0025536068407567,0.0004164485653945,1,,,https://github.com/yashdave003/hierarchical-bayesian-model-validation/blob/main/results-audio/case-studies/ravdess/1e5rawcomp/erb/statement_2/plots/compare_cdf_pdf_layer_9.jpg
562,13475972.0,ravdess,1e5rawcomp,erb,,statement_2,11,0.006062995462745,0.0003699446427616,1,,,https://github.com/yashdave003/hierarchical-bayesian-model-validation/blob/main/results-audio/case-studies/ravdess/1e5rawcomp/erb/statement_2/plots/compare_cdf_pdf_layer_11.jpg
563,44379050.0,ravdess,1e5rawcomp,erb,,statement_2,12,0.0076975602810848,0.000203861075995,1,,,https://github.com/yashdave003/hierarchical-bayesian-model-validation/blob/main/results-audio/case-studies/ravdess/1e5rawcomp/erb/statement_2/plots/compare_cdf_pdf_layer_12.jpg
564,24986510.0,ravdess,1e5rawcomp,erb,,statement_2,14,0.008512622782263,0.0002716863693342,1,,,https://github.com/yashdave003/hierarchical-bayesian-model-validation/blob/main/results-audio/case-studies/ravdess/1e5rawcomp/erb/statement_2/plots/compare_cdf_pdf_layer_14.jpg
565,16339162.0,ravdess,1e5rawcomp,erb,,statement_2,16,0.0099370820043139,0.0003359721178577,1,,,https://github.com/yashdave003/hierarchical-bayesian-model-validation/blob/main/results-audio/case-studies/ravdess/1e5rawcomp/erb/statement_2/plots/compare_cdf_pdf_layer_16.jpg
566,196946.0,ravdess,1e5rawcomp,erb,,strong_intensity,2,0.0021040116533587,0.0030594082190333,1,,,https://github.com/yashdave003/hierarchical-bayesian-model-validation/blob/main/results-audio/case-studies/ravdess/1e5rawcomp/erb/strong_intensity/plots/compare_cdf_pdf_layer_2.jpg
567,219312.0,ravdess,1e5rawcomp,erb,,strong_intensity,3,0.0097982114432283,0.0028992530536625,1,,,https://github.com/yashdave003/hierarchical-bayesian-model-validation/blob/main/results-audio/case-studies/ravdess/1e5rawcomp/erb/strong_intensity/plots/compare_cdf_pdf_layer_3.jpg
568,2172510.0,ravdess,1e5rawcomp,erb,,strong_intensity,5,0.0096568322952341,0.0009213279446811,1,,,https://github.com/yashdave003/hierarchical-bayesian-model-validation/blob/main/results-audio/case-studies/ravdess/1e5rawcomp/erb/strong_intensity/plots/compare_cdf_pdf_layer_5.jpg
569,1097400.0,ravdess,1e5rawcomp,erb,,strong_intensity,6,0.0104287671755483,0.0012962773192276,1,,,https://github.com/yashdave003/hierarchical-bayesian-model-validation/blob/main/results-audio/case-studies/ravdess/1e5rawcomp/erb/strong_intensity/plots/compare_cdf_pdf_layer_6.jpg
570,7113224.0,ravdess,1e5rawcomp,erb,,strong_intensity,8,0.0025615975238475,0.0005091879089412,1,,,https://github.com/yashdave003/hierarchical-bayesian-model-validation/blob/main/results-audio/case-studies/ravdess/1e5rawcomp/erb/strong_intensity/plots/compare_cdf_pdf_layer_8.jpg
571,10673196.0,ravdess,1e5rawcomp,erb,,strong_intensity,9,0.0022309348072107,0.0004156882551352,1,,,https://github.com/yashdave003/hierarchical-bayesian-model-validation/blob/main/results-audio/case-studies/ravdess/1e5rawcomp/erb/strong_intensity/plots/compare_cdf_pdf_layer_9.jpg
572,13525448.0,ravdess,1e5rawcomp,erb,,strong_intensity,11,0.0032727892078645,0.0003692674179235,1,,,https://github.com/yashdave003/hierarchical-bayesian-model-validation/blob/main/results-audio/case-studies/ravdess/1e5rawcomp/erb/strong_intensity/plots/compare_cdf_pdf_layer_11.jpg
573,44542202.0,ravdess,1e5rawcomp,erb,,strong_intensity,12,0.0029517528267195,0.0002034873827174,1,,,https://github.com/yashdave003/hierarchical-bayesian-model-validation/blob/main/results-audio/case-studies/ravdess/1e5rawcomp/erb/strong_intensity/plots/compare_cdf_pdf_layer_12.jpg
574,25078470.0,ravdess,1e5rawcomp,erb,,strong_intensity,14,0.003041910834826,0.0002711878020121,1,,,https://github.com/yashdave003/hierarchical-bayesian-model-validation/blob/main/results-audio/case-studies/ravdess/1e5rawcomp/erb/strong_intensity/plots/compare_cdf_pdf_layer_14.jpg
575,16399328.0,ravdess,1e5rawcomp,erb,,strong_intensity,16,0.0061501256819991,0.0003353552614969,1,,,https://github.com/yashdave003/hierarchical-bayesian-model-validation/blob/main/results-audio/case-studies/ravdess/1e5rawcomp/erb/strong_intensity/plots/compare_cdf_pdf_layer_16.jpg
576,198462.0,ravdess,1e5rawcomp,erbmean,,female,2,0.0018429815673766,0.0030477040399392,1,,,https://github.com/yashdave003/hierarchical-bayesian-model-validation/blob/main/results-audio/case-studies/ravdess/1e5rawcomp/erbmean/female/plots/compare_cdf_pdf_layer_2.jpg
577,220998.0,ravdess,1e5rawcomp,erbmean,,female,3,0.0010285918758481,0.0028881755401409,1,,,https://github.com/yashdave003/hierarchical-bayesian-model-validation/blob/main/results-audio/case-studies/ravdess/1e5rawcomp/erbmean/female/plots/compare_cdf_pdf_layer_3.jpg
578,2188982.0,ravdess,1e5rawcomp,erbmean,,female,5,0.0135072885223715,0.0009178552095793,1,,,https://github.com/yashdave003/hierarchical-bayesian-model-validation/blob/main/results-audio/case-studies/ravdess/1e5rawcomp/erbmean/female/plots/compare_cdf_pdf_layer_5.jpg
579,1105744.0,ravdess,1e5rawcomp,erbmean,,female,6,0.0101968018819493,0.0012913777432167,1,,,https://github.com/yashdave003/hierarchical-bayesian-model-validation/blob/main/results-audio/case-studies/ravdess/1e5rawcomp/erbmean/female/plots/compare_cdf_pdf_layer_6.jpg
580,7167056.0,ravdess,1e5rawcomp,erbmean,,female,8,0.0020081226269523,0.0005072721286948,1,,,https://github.com/yashdave003/hierarchical-bayesian-model-validation/blob/main/results-audio/case-studies/ravdess/1e5rawcomp/erbmean/female/plots/compare_cdf_pdf_layer_8.jpg
581,10753786.0,ravdess,1e5rawcomp,erbmean,,female,9,0.0032816338580256,0.0004141277786729,1,,,https://github.com/yashdave003/hierarchical-bayesian-model-validation/blob/main/results-audio/case-studies/ravdess/1e5rawcomp/erbmean/female/plots/compare_cdf_pdf_layer_9.jpg
582,13627424.0,ravdess,1e5rawcomp,erbmean,,female,11,0.0055292470877057,0.0003678832285335,1,,,https://github.com/yashdave003/hierarchical-bayesian-model-validation/blob/main/results-audio/case-studies/ravdess/1e5rawcomp/erbmean/female/plots/compare_cdf_pdf_layer_11.jpg
583,44877886.0,ravdess,1e5rawcomp,erbmean,,female,12,0.0047478229253762,0.0002027249312669,1,,,https://github.com/yashdave003/hierarchical-bayesian-model-validation/blob/main/results-audio/case-studies/ravdess/1e5rawcomp/erbmean/female/plots/compare_cdf_pdf_layer_12.jpg
584,25267410.0,ravdess,1e5rawcomp,erbmean,,female,14,0.0060697985903148,0.0002701720050941,1,,,https://github.com/yashdave003/hierarchical-bayesian-model-validation/blob/main/results-audio/case-studies/ravdess/1e5rawcomp/erbmean/female/plots/compare_cdf_pdf_layer_14.jpg
585,16522856.0,ravdess,1e5rawcomp,erbmean,,female,16,0.0072165672821331,0.0003340993578944,1,,,https://github.com/yashdave003/hierarchical-bayesian-model-validation/blob/main/results-audio/case-studies/ravdess/1e5rawcomp/erbmean/female/plots/compare_cdf_pdf_layer_16.jpg
586,196196.0,ravdess,1e5rawcomp,erbmean,,male,2,0.0025354381726994,0.0030652486290846,1,,,https://github.com/yashdave003/hierarchical-bayesian-model-validation/blob/main/results-audio/case-studies/ravdess/1e5rawcomp/erbmean/male/plots/compare_cdf_pdf_layer_2.jpg
587,218424.0,ravdess,1e5rawcomp,erbmean,,male,3,0.0136818929946465,0.0029051389631317,1,,,https://github.com/yashdave003/hierarchical-bayesian-model-validation/blob/main/results-audio/case-studies/ravdess/1e5rawcomp/erbmean/male/plots/compare_cdf_pdf_layer_3.jpg
588,2163728.0,ravdess,1e5rawcomp,erbmean,,male,5,0.0045815303543293,0.0009231956086551,1,,,https://github.com/yashdave003/hierarchical-bayesian-model-validation/blob/main/results-audio/case-studies/ravdess/1e5rawcomp/erbmean/male/plots/compare_cdf_pdf_layer_5.jpg
589,1092936.0,ravdess,1e5rawcomp,erbmean,,male,6,0.008528783549169,0.0012989215754905,1,,,https://github.com/yashdave003/hierarchical-bayesian-model-validation/blob/main/results-audio/case-studies/ravdess/1e5rawcomp/erbmean/male/plots/compare_cdf_pdf_layer_6.jpg
590,7083852.0,ravdess,1e5rawcomp,erbmean,,male,8,0.0020681014509434,0.0005102423992838,1,,,https://github.com/yashdave003/hierarchical-bayesian-model-validation/blob/main/results-audio/case-studies/ravdess/1e5rawcomp/erbmean/male/plots/compare_cdf_pdf_layer_8.jpg
591,10628850.0,ravdess,1e5rawcomp,erbmean,,male,9,0.0018922318026813,0.0004165544932528,1,,,https://github.com/yashdave003/hierarchical-bayesian-model-validation/blob/main/results-audio/case-studies/ravdess/1e5rawcomp/erbmean/male/plots/compare_cdf_pdf_layer_9.jpg
592,13469170.0,ravdess,1e5rawcomp,erbmean,,male,11,0.004916004469722,0.0003700380398187,1,,,https://github.com/yashdave003/hierarchical-bayesian-model-validation/blob/main/results-audio/case-studies/ravdess/1e5rawcomp/erbmean/male/plots/compare_cdf_pdf_layer_11.jpg
593,44356618.0,ravdess,1e5rawcomp,erbmean,,male,12,0.004551596213301,0.0002039126167748,1,,,https://github.com/yashdave003/hierarchical-bayesian-model-validation/blob/main/results-audio/case-studies/ravdess/1e5rawcomp/erbmean/male/plots/compare_cdf_pdf_layer_12.jpg
594,24973922.0,ravdess,1e5rawcomp,erbmean,,male,14,0.0063003050320314,0.0002717548302104,1,,,https://github.com/yashdave003/hierarchical-bayesian-model-validation/blob/main/results-audio/case-studies/ravdess/1e5rawcomp/erbmean/male/plots/compare_cdf_pdf_layer_14.jpg
595,16330930.0,ravdess,1e5rawcomp,erbmean,,male,16,0.00785165243075,0.0003360567820507,1,,,https://github.com/yashdave003/hierarchical-bayesian-model-validation/blob/main/results-audio/case-studies/ravdess/1e5rawcomp/erbmean/male/plots/compare_cdf_pdf_layer_16.jpg
596,197712.0,ravdess,1e5rawcomp,erbmean,,normal_intensity,2,0.0017353092093039,0.0030534775437893,1,,,https://github.com/yashdave003/hierarchical-bayesian-model-validation/blob/main/results-audio/case-studies/ravdess/1e5rawcomp/erbmean/normal_intensity/plots/compare_cdf_pdf_layer_2.jpg
597,220110.0,ravdess,1e5rawcomp,erbmean,,normal_intensity,3,0.0178213648297946,0.0028939940990286,1,,,https://github.com/yashdave003/hierarchical-bayesian-model-validation/blob/main/results-audio/case-studies/ravdess/1e5rawcomp/erbmean/normal_intensity/plots/compare_cdf_pdf_layer_3.jpg
598,2180200.0,ravdess,1e5rawcomp,erbmean,,normal_intensity,5,0.0080093018440335,0.0009197017909999,1,,,https://github.com/yashdave003/hierarchical-bayesian-model-validation/blob/main/results-audio/case-studies/ravdess/1e5rawcomp/erbmean/normal_intensity/plots/compare_cdf_pdf_layer_5.jpg
599,1101280.0,ravdess,1e5rawcomp,erbmean,,normal_intensity,6,0.0097579223614803,0.0012939920673944,1,,,https://github.com/yashdave003/hierarchical-bayesian-model-validation/blob/main/results-audio/case-studies/ravdess/1e5rawcomp/erbmean/normal_intensity/plots/compare_cdf_pdf_layer_6.jpg
600,7137684.0,ravdess,1e5rawcomp,erbmean,,normal_intensity,8,0.001878747662574,0.0005083147369234,1,,,https://github.com/yashdave003/hierarchical-bayesian-model-validation/blob/main/results-audio/case-studies/ravdess/1e5rawcomp/erbmean/normal_intensity/plots/compare_cdf_pdf_layer_8.jpg
601,10709440.0,ravdess,1e5rawcomp,erbmean,,normal_intensity,9,0.0043188948035505,0.0004149842777022,1,,,https://github.com/yashdave003/hierarchical-bayesian-model-validation/blob/main/results-audio/case-studies/ravdess/1e5rawcomp/erbmean/normal_intensity/plots/compare_cdf_pdf_layer_9.jpg
602,13571146.0,ravdess,1e5rawcomp,erbmean,,normal_intensity,11,0.0066459584675615,0.0003686451989467,1,,,https://github.com/yashdave003/hierarchical-bayesian-model-validation/blob/main/results-audio/case-studies/ravdess/1e5rawcomp/erbmean/normal_intensity/plots/compare_cdf_pdf_layer_11.jpg
603,44692302.0,ravdess,1e5rawcomp,erbmean,,normal_intensity,12,0.0080256657269593,0.0002031453933607,1,,,https://github.com/yashdave003/hierarchical-bayesian-model-validation/blob/main/results-audio/case-studies/ravdess/1e5rawcomp/erbmean/normal_intensity/plots/compare_cdf_pdf_layer_12.jpg
604,25162862.0,ravdess,1e5rawcomp,erbmean,,normal_intensity,14,0.0098986900102368,0.0002707326721125,1,,,https://github.com/yashdave003/hierarchical-bayesian-model-validation/blob/main/results-audio/case-studies/ravdess/1e5rawcomp/erbmean/normal_intensity/plots/compare_cdf_pdf_layer_14.jpg
605,16454458.0,ravdess,1e5rawcomp,erbmean,,normal_intensity,16,0.0127161199125671,0.0003347930099937,1,,,https://github.com/yashdave003/hierarchical-bayesian-model-validation/blob/main/results-audio/case-studies/ravdess/1e5rawcomp/erbmean/normal_intensity/plots/compare_cdf_pdf_layer_16.jpg
606,198372.0,ravdess,1e5rawcomp,erbmean,,statement_1,2,0.0023320121976054,0.0030483951315025,1,,,https://github.com/yashdave003/hierarchical-bayesian-model-validation/blob/main/results-audio/case-studies/ravdess/1e5rawcomp/erbmean/statement_1/plots/compare_cdf_pdf_layer_2.jpg
607,220862.0,ravdess,1e5rawcomp,erbmean,,statement_1,3,0.0139166181187542,0.0028890643950308,1,,,https://github.com/yashdave003/hierarchical-bayesian-model-validation/blob/main/results-audio/case-studies/ravdess/1e5rawcomp/erbmean/statement_1/plots/compare_cdf_pdf_layer_3.jpg
608,2187988.0,ravdess,1e5rawcomp,erbmean,,statement_1,5,0.0084606634225637,0.0009180636587846,1,,,https://github.com/yashdave003/hierarchical-bayesian-model-validation/blob/main/results-audio/case-studies/ravdess/1e5rawcomp/erbmean/statement_1/plots/compare_cdf_pdf_layer_5.jpg
609,1105198.0,ravdess,1e5rawcomp,erbmean,,statement_1,6,0.0088312688469929,0.0012916966556503,1,,,https://github.com/yashdave003/hierarchical-bayesian-model-validation/blob/main/results-audio/case-studies/ravdess/1e5rawcomp/erbmean/statement_1/plots/compare_cdf_pdf_layer_6.jpg
610,7163472.0,ravdess,1e5rawcomp,erbmean,,statement_1,8,0.0013728568636485,0.0005073990051987,1,,,https://github.com/yashdave003/hierarchical-bayesian-model-validation/blob/main/results-audio/case-studies/ravdess/1e5rawcomp/erbmean/statement_1/plots/compare_cdf_pdf_layer_8.jpg
611,10748378.0,ravdess,1e5rawcomp,erbmean,,statement_1,9,0.0030989244559629,0.0004142319449724,1,,,https://github.com/yashdave003/hierarchical-bayesian-model-validation/blob/main/results-audio/case-studies/ravdess/1e5rawcomp/erbmean/statement_1/plots/compare_cdf_pdf_layer_9.jpg
612,13620622.0,ravdess,1e5rawcomp,erbmean,,statement_1,11,0.0042099090356718,0.0003679750725827,1,,,https://github.com/yashdave003/hierarchical-bayesian-model-validation/blob/main/results-audio/case-studies/ravdess/1e5rawcomp/erbmean/statement_1/plots/compare_cdf_pdf_layer_11.jpg
613,44855454.0,ravdess,1e5rawcomp,erbmean,,statement_1,12,0.0016247947065434,0.0002027756148907,1,,,https://github.com/yashdave003/hierarchical-bayesian-model-validation/blob/main/results-audio/case-studies/ravdess/1e5rawcomp/erbmean/statement_1/plots/compare_cdf_pdf_layer_12.jpg
614,25254822.0,ravdess,1e5rawcomp,erbmean,,statement_1,14,0.0034379232450051,0.0002702393272564,1,,,https://github.com/yashdave003/hierarchical-bayesian-model-validation/blob/main/results-audio/case-studies/ravdess/1e5rawcomp/erbmean/statement_1/plots/compare_cdf_pdf_layer_14.jpg
615,16514624.0,ravdess,1e5rawcomp,erbmean,,statement_1,16,0.0048274826942741,0.0003341826138071,1,,,https://github.com/yashdave003/hierarchical-bayesian-model-validation/blob/main/results-audio/case-studies/ravdess/1e5rawcomp/erbmean/statement_1/plots/compare_cdf_pdf_layer_16.jpg
616,196286.0,ravdess,1e5rawcomp,erbmean,,statement_2,2,0.0015751232849885,0.0030645460132105,1,,,https://github.com/yashdave003/hierarchical-bayesian-model-validation/blob/main/results-audio/case-studies/ravdess/1e5rawcomp/erbmean/statement_2/plots/compare_cdf_pdf_layer_2.jpg
617,218560.0,ravdess,1e5rawcomp,erbmean,,statement_2,3,0.0141085530419997,0.0029042351922868,1,,,https://github.com/yashdave003/hierarchical-bayesian-model-validation/blob/main/results-audio/case-studies/ravdess/1e5rawcomp/erbmean/statement_2/plots/compare_cdf_pdf_layer_3.jpg
618,2164722.0,ravdess,1e5rawcomp,erbmean,,statement_2,5,0.0091303247499946,0.0009229836449083,1,,,https://github.com/yashdave003/hierarchical-bayesian-model-validation/blob/main/results-audio/case-studies/ravdess/1e5rawcomp/erbmean/statement_2/plots/compare_cdf_pdf_layer_5.jpg
619,1093482.0,ravdess,1e5rawcomp,erbmean,,statement_2,6,0.010955288484394,0.0012985972828317,1,,,https://github.com/yashdave003/hierarchical-bayesian-model-validation/blob/main/results-audio/case-studies/ravdess/1e5rawcomp/erbmean/statement_2/plots/compare_cdf_pdf_layer_6.jpg
620,7087436.0,ravdess,1e5rawcomp,erbmean,,statement_2,8,0.0019436603976288,0.00051011337832,1,,,https://github.com/yashdave003/hierarchical-bayesian-model-validation/blob/main/results-audio/case-studies/ravdess/1e5rawcomp/erbmean/statement_2/plots/compare_cdf_pdf_layer_8.jpg
621,10634258.0,ravdess,1e5rawcomp,erbmean,,statement_2,9,0.0025536643055976,0.0004164485653945,1,,,https://github.com/yashdave003/hierarchical-bayesian-model-validation/blob/main/results-audio/case-studies/ravdess/1e5rawcomp/erbmean/statement_2/plots/compare_cdf_pdf_layer_9.jpg
622,13475972.0,ravdess,1e5rawcomp,erbmean,,statement_2,11,0.0060628828705541,0.0003699446427616,1,,,https://github.com/yashdave003/hierarchical-bayesian-model-validation/blob/main/results-audio/case-studies/ravdess/1e5rawcomp/erbmean/statement_2/plots/compare_cdf_pdf_layer_11.jpg
623,44379050.0,ravdess,1e5rawcomp,erbmean,,statement_2,12,0.0076975557594114,0.000203861075995,1,,,https://github.com/yashdave003/hierarchical-bayesian-model-validation/blob/main/results-audio/case-studies/ravdess/1e5rawcomp/erbmean/statement_2/plots/compare_cdf_pdf_layer_12.jpg
624,24986510.0,ravdess,1e5rawcomp,erbmean,,statement_2,14,0.0085128487688413,0.0002716863693342,1,,,https://github.com/yashdave003/hierarchical-bayesian-model-validation/blob/main/results-audio/case-studies/ravdess/1e5rawcomp/erbmean/statement_2/plots/compare_cdf_pdf_layer_14.jpg
625,16339162.0,ravdess,1e5rawcomp,erbmean,,statement_2,16,0.0099370185537129,0.0003359721178577,1,,,https://github.com/yashdave003/hierarchical-bayesian-model-validation/blob/main/results-audio/case-studies/ravdess/1e5rawcomp/erbmean/statement_2/plots/compare_cdf_pdf_layer_16.jpg
626,196946.0,ravdess,1e5rawcomp,erbmean,,strong_intensity,2,0.0021034267450957,0.0030594082190333,1,,,https://github.com/yashdave003/hierarchical-bayesian-model-validation/blob/main/results-audio/case-studies/ravdess/1e5rawcomp/erbmean/strong_intensity/plots/compare_cdf_pdf_layer_2.jpg
627,219312.0,ravdess,1e5rawcomp,erbmean,,strong_intensity,3,0.0119035974369628,0.0028992530536625,1,,,https://github.com/yashdave003/hierarchical-bayesian-model-validation/blob/main/results-audio/case-studies/ravdess/1e5rawcomp/erbmean/strong_intensity/plots/compare_cdf_pdf_layer_3.jpg
628,2172510.0,ravdess,1e5rawcomp,erbmean,,strong_intensity,5,0.0097542914116004,0.0009213279446811,1,,,https://github.com/yashdave003/hierarchical-bayesian-model-validation/blob/main/results-audio/case-studies/ravdess/1e5rawcomp/erbmean/strong_intensity/plots/compare_cdf_pdf_layer_5.jpg
629,1097400.0,ravdess,1e5rawcomp,erbmean,,strong_intensity,6,0.0104275216058397,0.0012962773192276,1,,,https://github.com/yashdave003/hierarchical-bayesian-model-validation/blob/main/results-audio/case-studies/ravdess/1e5rawcomp/erbmean/strong_intensity/plots/compare_cdf_pdf_layer_6.jpg
630,7113224.0,ravdess,1e5rawcomp,erbmean,,strong_intensity,8,0.002562529684944,0.0005091879089412,1,,,https://github.com/yashdave003/hierarchical-bayesian-model-validation/blob/main/results-audio/case-studies/ravdess/1e5rawcomp/erbmean/strong_intensity/plots/compare_cdf_pdf_layer_8.jpg
631,10673196.0,ravdess,1e5rawcomp,erbmean,,strong_intensity,9,0.0022322701989679,0.0004156882551352,1,,,https://github.com/yashdave003/hierarchical-bayesian-model-validation/blob/main/results-audio/case-studies/ravdess/1e5rawcomp/erbmean/strong_intensity/plots/compare_cdf_pdf_layer_9.jpg
632,13525448.0,ravdess,1e5rawcomp,erbmean,,strong_intensity,11,0.0032718753885628,0.0003692674179235,1,,,https://github.com/yashdave003/hierarchical-bayesian-model-validation/blob/main/results-audio/case-studies/ravdess/1e5rawcomp/erbmean/strong_intensity/plots/compare_cdf_pdf_layer_11.jpg
633,44542202.0,ravdess,1e5rawcomp,erbmean,,strong_intensity,12,0.00295125938733,0.0002034873827174,1,,,https://github.com/yashdave003/hierarchical-bayesian-model-validation/blob/main/results-audio/case-studies/ravdess/1e5rawcomp/erbmean/strong_intensity/plots/compare_cdf_pdf_layer_12.jpg
634,25078470.0,ravdess,1e5rawcomp,erbmean,,strong_intensity,14,0.003041848343128,0.0002711878020121,1,,,https://github.com/yashdave003/hierarchical-bayesian-model-validation/blob/main/results-audio/case-studies/ravdess/1e5rawcomp/erbmean/strong_intensity/plots/compare_cdf_pdf_layer_14.jpg
635,16399328.0,ravdess,1e5rawcomp,erbmean,,strong_intensity,16,0.0061501424440199,0.0003353552614969,1,,,https://github.com/yashdave003/hierarchical-bayesian-model-validation/blob/main/results-audio/case-studies/ravdess/1e5rawcomp/erbmean/strong_intensity/plots/compare_cdf_pdf_layer_16.jpg
636,1440.0,ravdess,1e5rawcomp,fft,,female,2,0.0063860169356174,0.0356711674760886,1,,,https://github.com/yashdave003/hierarchical-bayesian-model-validation/blob/main/results-audio/case-studies/ravdess/1e5rawcomp/fft/female/plots/compare_cdf_pdf_layer_2.jpg
637,14400.0,ravdess,1e5rawcomp,fft,,female,5,0.0068825002229054,0.0113058468964689,1,,,https://github.com/yashdave003/hierarchical-bayesian-model-validation/blob/main/results-audio/case-studies/ravdess/1e5rawcomp/fft/female/plots/compare_cdf_pdf_layer_5.jpg
638,27360.0,ravdess,1e5rawcomp,fft,,female,8,0.0043199902204871,0.0082044517593134,1,,,https://github.com/yashdave003/hierarchical-bayesian-model-validation/blob/main/results-audio/case-studies/ravdess/1e5rawcomp/fft/female/plots/compare_cdf_pdf_layer_8.jpg
639,56160.0,ravdess,1e5rawcomp,fft,,female,11,0.0014190565937166,0.0057278566449346,1,,,https://github.com/yashdave003/hierarchical-bayesian-model-validation/blob/main/results-audio/case-studies/ravdess/1e5rawcomp/fft/female/plots/compare_cdf_pdf_layer_11.jpg
640,112320.0,ravdess,1e5rawcomp,fft,,female,14,0.0120207757712448,0.004050824017412,1,,,https://github.com/yashdave003/hierarchical-bayesian-model-validation/blob/main/results-audio/case-studies/ravdess/1e5rawcomp/fft/female/plots/compare_cdf_pdf_layer_14.jpg
641,901440.0,ravdess,1e5rawcomp,fft,,female,17,0.0074418160289179,0.0014302327594031,1,,,https://github.com/yashdave003/hierarchical-bayesian-model-validation/blob/main/results-audio/case-studies/ravdess/1e5rawcomp/fft/female/plots/compare_cdf_pdf_layer_17.jpg
642,1802880.0,ravdess,1e5rawcomp,fft,,female,20,0.0008579519273932,0.0010113656230693,1,,,https://github.com/yashdave003/hierarchical-bayesian-model-validation/blob/main/results-audio/case-studies/ravdess/1e5rawcomp/fft/female/plots/compare_cdf_pdf_layer_20.jpg
643,14423040.0,ravdess,1e5rawcomp,fft,,female,23,0.0009243605337434,0.0003575928886806,1,,,https://github.com/yashdave003/hierarchical-bayesian-model-validation/blob/main/results-audio/case-studies/ravdess/1e5rawcomp/fft/female/plots/compare_cdf_pdf_layer_23.jpg
644,7211520.0,ravdess,1e5rawcomp,fft,,female,26,0.0011803036352126,0.000505705940851,1,,,https://github.com/yashdave003/hierarchical-bayesian-model-validation/blob/main/results-audio/case-studies/ravdess/1e5rawcomp/fft/female/plots/compare_cdf_pdf_layer_26.jpg
645,14423040.0,ravdess,1e5rawcomp,fft,,female,30,0.0026214072457511,0.0003575928886806,1,,,https://github.com/yashdave003/hierarchical-bayesian-model-validation/blob/main/results-audio/case-studies/ravdess/1e5rawcomp/fft/female/plots/compare_cdf_pdf_layer_30.jpg
646,1440.0,ravdess,1e5rawcomp,fft,,male,2,0.009150385184545,0.0356711674760886,1,,,https://github.com/yashdave003/hierarchical-bayesian-model-validation/blob/main/results-audio/case-studies/ravdess/1e5rawcomp/fft/male/plots/compare_cdf_pdf_layer_2.jpg
647,14400.0,ravdess,1e5rawcomp,fft,,male,5,0.012962232365384,0.0113058468964689,1,,,https://github.com/yashdave003/hierarchical-bayesian-model-validation/blob/main/results-audio/case-studies/ravdess/1e5rawcomp/fft/male/plots/compare_cdf_pdf_layer_5.jpg
648,27360.0,ravdess,1e5rawcomp,fft,,male,8,0.0101777229531792,0.0082044517593134,1,,,https://github.com/yashdave003/hierarchical-bayesian-model-validation/blob/main/results-audio/case-studies/ravdess/1e5rawcomp/fft/male/plots/compare_cdf_pdf_layer_8.jpg
649,56160.0,ravdess,1e5rawcomp,fft,,male,11,0.0035676248664882,0.0057278566449346,1,,,https://github.com/yashdave003/hierarchical-bayesian-model-validation/blob/main/results-audio/case-studies/ravdess/1e5rawcomp/fft/male/plots/compare_cdf_pdf_layer_11.jpg
650,112320.0,ravdess,1e5rawcomp,fft,,male,14,0.0104589482321249,0.004050824017412,1,,,https://github.com/yashdave003/hierarchical-bayesian-model-validation/blob/main/results-audio/case-studies/ravdess/1e5rawcomp/fft/male/plots/compare_cdf_pdf_layer_14.jpg
651,901440.0,ravdess,1e5rawcomp,fft,,male,17,0.0030141845463069,0.0014302327594031,1,,,https://github.com/yashdave003/hierarchical-bayesian-model-validation/blob/main/results-audio/case-studies/ravdess/1e5rawcomp/fft/male/plots/compare_cdf_pdf_layer_17.jpg
652,1802880.0,ravdess,1e5rawcomp,fft,,male,20,0.0013778534592052,0.0010113656230693,1,,,https://github.com/yashdave003/hierarchical-bayesian-model-validation/blob/main/results-audio/case-studies/ravdess/1e5rawcomp/fft/male/plots/compare_cdf_pdf_layer_20.jpg
653,14423040.0,ravdess,1e5rawcomp,fft,,male,23,0.0011307358238776,0.0003575928886806,1,,,https://github.com/yashdave003/hierarchical-bayesian-model-validation/blob/main/results-audio/case-studies/ravdess/1e5rawcomp/fft/male/plots/compare_cdf_pdf_layer_23.jpg
654,7211520.0,ravdess,1e5rawcomp,fft,,male,26,0.0002321433018328,0.000505705940851,1,,,https://github.com/yashdave003/hierarchical-bayesian-model-validation/blob/main/results-audio/case-studies/ravdess/1e5rawcomp/fft/male/plots/compare_cdf_pdf_layer_26.jpg
655,14423040.0,ravdess,1e5rawcomp,fft,,male,30,0.0022050816913797,0.0003575928886806,1,,,https://github.com/yashdave003/hierarchical-bayesian-model-validation/blob/main/results-audio/case-studies/ravdess/1e5rawcomp/fft/male/plots/compare_cdf_pdf_layer_30.jpg
656,1536.0,ravdess,1e5rawcomp,fft,,normal_intensity,2,0.0093295187955627,0.0345421467338566,1,,,https://github.com/yashdave003/hierarchical-bayesian-model-validation/blob/main/results-audio/case-studies/ravdess/1e5rawcomp/fft/normal_intensity/plots/compare_cdf_pdf_layer_2.jpg
657,15360.0,ravdess,1e5rawcomp,fft,,normal_intensity,5,0.0081882055211625,0.0109471991340796,1,,,https://github.com/yashdave003/hierarchical-bayesian-model-validation/blob/main/results-audio/case-studies/ravdess/1e5rawcomp/fft/normal_intensity/plots/compare_cdf_pdf_layer_5.jpg
658,29184.0,ravdess,1e5rawcomp,fft,,normal_intensity,8,0.0053509751914758,0.0079441151129578,1,,,https://github.com/yashdave003/hierarchical-bayesian-model-validation/blob/main/results-audio/case-studies/ravdess/1e5rawcomp/fft/normal_intensity/plots/compare_cdf_pdf_layer_8.jpg
659,59904.0,ravdess,1e5rawcomp,fft,,normal_intensity,11,0.0028360919985861,0.0055460651256572,1,,,https://github.com/yashdave003/hierarchical-bayesian-model-validation/blob/main/results-audio/case-studies/ravdess/1e5rawcomp/fft/normal_intensity/plots/compare_cdf_pdf_layer_11.jpg
660,119808.0,ravdess,1e5rawcomp,fft,,normal_intensity,14,0.0240226913447552,0.0039222393000244,1,,,https://github.com/yashdave003/hierarchical-bayesian-model-validation/blob/main/results-audio/case-studies/ravdess/1e5rawcomp/fft/normal_intensity/plots/compare_cdf_pdf_layer_14.jpg
661,961536.0,ravdess,1e5rawcomp,fft,,normal_intensity,17,0.0035487186473903,0.0013848226074512,1,,,https://github.com/yashdave003/hierarchical-bayesian-model-validation/blob/main/results-audio/case-studies/ravdess/1e5rawcomp/fft/normal_intensity/plots/compare_cdf_pdf_layer_17.jpg
662,1923072.0,ravdess,1e5rawcomp,fft,,normal_intensity,20,0.0007240373315441,0.0009792533989902,1,,,https://github.com/yashdave003/hierarchical-bayesian-model-validation/blob/main/results-audio/case-studies/ravdess/1e5rawcomp/fft/normal_intensity/plots/compare_cdf_pdf_layer_20.jpg
663,15384576.0,ravdess,1e5rawcomp,fft,,normal_intensity,23,0.0010400587563854,0.0003462381810611,1,,,https://github.com/yashdave003/hierarchical-bayesian-model-validation/blob/main/results-audio/case-studies/ravdess/1e5rawcomp/fft/normal_intensity/plots/compare_cdf_pdf_layer_23.jpg
664,7692288.0,ravdess,1e5rawcomp,fft,,normal_intensity,26,0.0007319136938445,0.0004896483826868,1,,,https://github.com/yashdave003/hierarchical-bayesian-model-validation/blob/main/results-audio/case-studies/ravdess/1e5rawcomp/fft/normal_intensity/plots/compare_cdf_pdf_layer_26.jpg
665,15384576.0,ravdess,1e5rawcomp,fft,,normal_intensity,30,0.0018572436641536,0.0003462381810611,1,,,https://github.com/yashdave003/hierarchical-bayesian-model-validation/blob/main/results-audio/case-studies/ravdess/1e5rawcomp/fft/normal_intensity/plots/compare_cdf_pdf_layer_30.jpg
666,1440.0,ravdess,1e5rawcomp,fft,,statement_1,2,0.0102572620707015,0.0356711674760886,1,,,https://github.com/yashdave003/hierarchical-bayesian-model-validation/blob/main/results-audio/case-studies/ravdess/1e5rawcomp/fft/statement_1/plots/compare_cdf_pdf_layer_2.jpg
667,14400.0,ravdess,1e5rawcomp,fft,,statement_1,5,0.0117161780557609,0.0113058468964689,1,,,https://github.com/yashdave003/hierarchical-bayesian-model-validation/blob/main/results-audio/case-studies/ravdess/1e5rawcomp/fft/statement_1/plots/compare_cdf_pdf_layer_5.jpg
668,27360.0,ravdess,1e5rawcomp,fft,,statement_1,8,0.0101128986888533,0.0082044517593134,1,,,https://github.com/yashdave003/hierarchical-bayesian-model-validation/blob/main/results-audio/case-studies/ravdess/1e5rawcomp/fft/statement_1/plots/compare_cdf_pdf_layer_8.jpg
669,56160.0,ravdess,1e5rawcomp,fft,,statement_1,11,0.0034950344961767,0.0057278566449346,1,,,https://github.com/yashdave003/hierarchical-bayesian-model-validation/blob/main/results-audio/case-studies/ravdess/1e5rawcomp/fft/statement_1/plots/compare_cdf_pdf_layer_11.jpg
670,112320.0,ravdess,1e5rawcomp,fft,,statement_1,14,0.0233630293250375,0.004050824017412,1,,,https://github.com/yashdave003/hierarchical-bayesian-model-validation/blob/main/results-audio/case-studies/ravdess/1e5rawcomp/fft/statement_1/plots/compare_cdf_pdf_layer_14.jpg
671,901440.0,ravdess,1e5rawcomp,fft,,statement_1,17,0.0048452604093311,0.0014302327594031,1,,,https://github.com/yashdave003/hierarchical-bayesian-model-validation/blob/main/results-audio/case-studies/ravdess/1e5rawcomp/fft/statement_1/plots/compare_cdf_pdf_layer_17.jpg
672,1802880.0,ravdess,1e5rawcomp,fft,,statement_1,20,0.0011379683599328,0.0010113656230693,1,,,https://github.com/yashdave003/hierarchical-bayesian-model-validation/blob/main/results-audio/case-studies/ravdess/1e5rawcomp/fft/statement_1/plots/compare_cdf_pdf_layer_20.jpg
673,14423040.0,ravdess,1e5rawcomp,fft,,statement_1,23,0.0010963265368341,0.0003575928886806,1,,,https://github.com/yashdave003/hierarchical-bayesian-model-validation/blob/main/results-audio/case-studies/ravdess/1e5rawcomp/fft/statement_1/plots/compare_cdf_pdf_layer_23.jpg
674,7211520.0,ravdess,1e5rawcomp,fft,,statement_1,26,0.0003723653667564,0.000505705940851,1,,,https://github.com/yashdave003/hierarchical-bayesian-model-validation/blob/main/results-audio/case-studies/ravdess/1e5rawcomp/fft/statement_1/plots/compare_cdf_pdf_layer_26.jpg
675,14423040.0,ravdess,1e5rawcomp,fft,,statement_1,30,0.0017687130261023,0.0003575928886806,1,,,https://github.com/yashdave003/hierarchical-bayesian-model-validation/blob/main/results-audio/case-studies/ravdess/1e5rawcomp/fft/statement_1/plots/compare_cdf_pdf_layer_30.jpg
676,1440.0,ravdess,1e5rawcomp,fft,,statement_2,2,0.012137469180542,0.0356711674760886,1,,,https://github.com/yashdave003/hierarchical-bayesian-model-validation/blob/main/results-audio/case-studies/ravdess/1e5rawcomp/fft/statement_2/plots/compare_cdf_pdf_layer_2.jpg
677,14400.0,ravdess,1e5rawcomp,fft,,statement_2,5,0.0086832183849997,0.0113058468964689,1,,,https://github.com/yashdave003/hierarchical-bayesian-model-validation/blob/main/results-audio/case-studies/ravdess/1e5rawcomp/fft/statement_2/plots/compare_cdf_pdf_layer_5.jpg
678,27360.0,ravdess,1e5rawcomp,fft,,statement_2,8,0.0052556104646427,0.0082044517593134,1,,,https://github.com/yashdave003/hierarchical-bayesian-model-validation/blob/main/results-audio/case-studies/ravdess/1e5rawcomp/fft/statement_2/plots/compare_cdf_pdf_layer_8.jpg
679,56160.0,ravdess,1e5rawcomp,fft,,statement_2,11,0.0017722879573781,0.0057278566449346,1,,,https://github.com/yashdave003/hierarchical-bayesian-model-validation/blob/main/results-audio/case-studies/ravdess/1e5rawcomp/fft/statement_2/plots/compare_cdf_pdf_layer_11.jpg
680,112320.0,ravdess,1e5rawcomp,fft,,statement_2,14,0.0228156102864726,0.004050824017412,1,,,https://github.com/yashdave003/hierarchical-bayesian-model-validation/blob/main/results-audio/case-studies/ravdess/1e5rawcomp/fft/statement_2/plots/compare_cdf_pdf_layer_14.jpg
681,901440.0,ravdess,1e5rawcomp,fft,,statement_2,17,0.0053822921409156,0.0014302327594031,1,,,https://github.com/yashdave003/hierarchical-bayesian-model-validation/blob/main/results-audio/case-studies/ravdess/1e5rawcomp/fft/statement_2/plots/compare_cdf_pdf_layer_17.jpg
682,1802880.0,ravdess,1e5rawcomp,fft,,statement_2,20,0.0014072175612339,0.0010113656230693,1,,,https://github.com/yashdave003/hierarchical-bayesian-model-validation/blob/main/results-audio/case-studies/ravdess/1e5rawcomp/fft/statement_2/plots/compare_cdf_pdf_layer_20.jpg
683,14423040.0,ravdess,1e5rawcomp,fft,,statement_2,23,0.0014875307637538,0.0003575928886806,1,,,https://github.com/yashdave003/hierarchical-bayesian-model-validation/blob/main/results-audio/case-studies/ravdess/1e5rawcomp/fft/statement_2/plots/compare_cdf_pdf_layer_23.jpg
684,7211520.0,ravdess,1e5rawcomp,fft,,statement_2,26,0.0006395588815071,0.000505705940851,1,,,https://github.com/yashdave003/hierarchical-bayesian-model-validation/blob/main/results-audio/case-studies/ravdess/1e5rawcomp/fft/statement_2/plots/compare_cdf_pdf_layer_26.jpg
685,14423040.0,ravdess,1e5rawcomp,fft,,statement_2,30,0.0017344441442148,0.0003575928886806,1,,,https://github.com/yashdave003/hierarchical-bayesian-model-validation/blob/main/results-audio/case-studies/ravdess/1e5rawcomp/fft/statement_2/plots/compare_cdf_pdf_layer_30.jpg
686,1344.0,ravdess,1e5rawcomp,fft,,strong_intensity,2,0.009560088184892,0.0369188040002903,1,,,https://github.com/yashdave003/hierarchical-bayesian-model-validation/blob/main/results-audio/case-studies/ravdess/1e5rawcomp/fft/strong_intensity/plots/compare_cdf_pdf_layer_2.jpg
687,13440.0,ravdess,1e5rawcomp,fft,,strong_intensity,5,0.0132175785741588,0.0117022378542223,1,,,https://github.com/yashdave003/hierarchical-bayesian-model-validation/blob/main/results-audio/case-studies/ravdess/1e5rawcomp/fft/strong_intensity/plots/compare_cdf_pdf_layer_5.jpg
688,25536.0,ravdess,1e5rawcomp,fft,,strong_intensity,8,0.0116162267968369,0.0084921911680473,1,,,https://github.com/yashdave003/hierarchical-bayesian-model-validation/blob/main/results-audio/case-studies/ravdess/1e5rawcomp/fft/strong_intensity/plots/compare_cdf_pdf_layer_8.jpg
689,52416.0,ravdess,1e5rawcomp,fft,,strong_intensity,11,0.0023592612670938,0.0059287864316027,1,,,https://github.com/yashdave003/hierarchical-bayesian-model-validation/blob/main/results-audio/case-studies/ravdess/1e5rawcomp/fft/strong_intensity/plots/compare_cdf_pdf_layer_11.jpg
690,104832.0,ravdess,1e5rawcomp,fft,,strong_intensity,14,0.0184945014101205,0.004192947073336,1,,,https://github.com/yashdave003/hierarchical-bayesian-model-validation/blob/main/results-audio/case-studies/ravdess/1e5rawcomp/fft/strong_intensity/plots/compare_cdf_pdf_layer_14.jpg
691,841344.0,ravdess,1e5rawcomp,fft,,strong_intensity,17,0.0070542077676211,0.0014804248264702,1,,,https://github.com/yashdave003/hierarchical-bayesian-model-validation/blob/main/results-audio/case-studies/ravdess/1e5rawcomp/fft/strong_intensity/plots/compare_cdf_pdf_layer_17.jpg
692,1682688.0,ravdess,1e5rawcomp,fft,,strong_intensity,20,0.001214005395771,0.0010468595144609,1,,,https://github.com/yashdave003/hierarchical-bayesian-model-validation/blob/main/results-audio/case-studies/ravdess/1e5rawcomp/fft/strong_intensity/plots/compare_cdf_pdf_layer_20.jpg
693,13461504.0,ravdess,1e5rawcomp,fft,,strong_intensity,23,0.0013041835471868,0.0003701433851412,1,,,https://github.com/yashdave003/hierarchical-bayesian-model-validation/blob/main/results-audio/case-studies/ravdess/1e5rawcomp/fft/strong_intensity/plots/compare_cdf_pdf_layer_23.jpg
694,6730752.0,ravdess,1e5rawcomp,fft,,strong_intensity,26,0.0009852256353832,0.0005234545393228,1,,,https://github.com/yashdave003/hierarchical-bayesian-model-validation/blob/main/results-audio/case-studies/ravdess/1e5rawcomp/fft/strong_intensity/plots/compare_cdf_pdf_layer_26.jpg
695,13461504.0,ravdess,1e5rawcomp,fft,,strong_intensity,30,0.0027635457303363,0.0003701433851412,1,,,https://github.com/yashdave003/hierarchical-bayesian-model-validation/blob/main/results-audio/case-studies/ravdess/1e5rawcomp/fft/strong_intensity/plots/compare_cdf_pdf_layer_30.jpg
696,226080.0,ravdess,1e5rawcomp,fft1216,,female,12,0.0006798055934503,0.0028555381762752,1,,,https://github.com/yashdave003/hierarchical-bayesian-model-validation/blob/main/results-audio/case-studies/ravdess/1e5rawcomp/fft1216/female/plots/compare_cdf_pdf_layer_12.jpg
697,224640.0,ravdess,1e5rawcomp,fft1216,,female,13,0.0033229087382685,0.0028646735481884,1,,,https://github.com/yashdave003/hierarchical-bayesian-model-validation/blob/main/results-audio/case-studies/ravdess/1e5rawcomp/fft1216/female/plots/compare_cdf_pdf_layer_13.jpg
698,113760.0,ravdess,1e5rawcomp,fft1216,,female,15,0.0107720843683856,0.0040251136404998,1,,,https://github.com/yashdave003/hierarchical-bayesian-model-validation/blob/main/results-audio/case-studies/ravdess/1e5rawcomp/fft1216/female/plots/compare_cdf_pdf_layer_15.jpg
699,901440.0,ravdess,1e5rawcomp,fft1216,,female,16,0.002252537638723,0.0014302327594031,1,,,https://github.com/yashdave003/hierarchical-bayesian-model-validation/blob/main/results-audio/case-studies/ravdess/1e5rawcomp/fft1216/female/plots/compare_cdf_pdf_layer_16.jpg
700,226080.0,ravdess,1e5rawcomp,fft1216,,male,12,0.0263167262482464,0.0028555381762752,1,,,https://github.com/yashdave003/hierarchical-bayesian-model-validation/blob/main/results-audio/case-studies/ravdess/1e5rawcomp/fft1216/male/plots/compare_cdf_pdf_layer_12.jpg
701,224640.0,ravdess,1e5rawcomp,fft1216,,male,13,0.0081657273847589,0.0028646735481884,1,,,https://github.com/yashdave003/hierarchical-bayesian-model-validation/blob/main/results-audio/case-studies/ravdess/1e5rawcomp/fft1216/male/plots/compare_cdf_pdf_layer_13.jpg
702,113760.0,ravdess,1e5rawcomp,fft1216,,male,15,0.001077253448294,0.0040251136404998,1,,,https://github.com/yashdave003/hierarchical-bayesian-model-validation/blob/main/results-audio/case-studies/ravdess/1e5rawcomp/fft1216/male/plots/compare_cdf_pdf_layer_15.jpg
703,901440.0,ravdess,1e5rawcomp,fft1216,,male,16,0.000660410850894,0.0014302327594031,1,,,https://github.com/yashdave003/hierarchical-bayesian-model-validation/blob/main/results-audio/case-studies/ravdess/1e5rawcomp/fft1216/male/plots/compare_cdf_pdf_layer_16.jpg
704,241152.0,ravdess,1e5rawcomp,fft1216,,normal_intensity,12,0.0265529119190534,0.0027648856821028,1,,,https://github.com/yashdave003/hierarchical-bayesian-model-validation/blob/main/results-audio/case-studies/ravdess/1e5rawcomp/fft1216/normal_intensity/plots/compare_cdf_pdf_layer_12.jpg
705,239616.0,ravdess,1e5rawcomp,fft1216,,normal_intensity,13,0.0213855084877992,0.0027737311138521,1,,,https://github.com/yashdave003/hierarchical-bayesian-model-validation/blob/main/results-audio/case-studies/ravdess/1e5rawcomp/fft1216/normal_intensity/plots/compare_cdf_pdf_layer_13.jpg
706,121344.0,ravdess,1e5rawcomp,fft1216,,normal_intensity,15,0.0015259419457565,0.0038973447535638,1,,,https://github.com/yashdave003/hierarchical-bayesian-model-validation/blob/main/results-audio/case-studies/ravdess/1e5rawcomp/fft1216/normal_intensity/plots/compare_cdf_pdf_layer_15.jpg
707,961536.0,ravdess,1e5rawcomp,fft1216,,normal_intensity,16,0.000694944413763,0.0013848226074512,1,,,https://github.com/yashdave003/hierarchical-bayesian-model-validation/blob/main/results-audio/case-studies/ravdess/1e5rawcomp/fft1216/normal_intensity/plots/compare_cdf_pdf_layer_16.jpg
708,226080.0,ravdess,1e5rawcomp,fft1216,,statement_1,12,0.0211282697388285,0.0028555381762752,1,,,https://github.com/yashdave003/hierarchical-bayesian-model-validation/blob/main/results-audio/case-studies/ravdess/1e5rawcomp/fft1216/statement_1/plots/compare_cdf_pdf_layer_12.jpg
709,224640.0,ravdess,1e5rawcomp,fft1216,,statement_1,13,0.0206735117149488,0.0028646735481884,1,,,https://github.com/yashdave003/hierarchical-bayesian-model-validation/blob/main/results-audio/case-studies/ravdess/1e5rawcomp/fft1216/statement_1/plots/compare_cdf_pdf_layer_13.jpg
710,113760.0,ravdess,1e5rawcomp,fft1216,,statement_1,15,0.0065789934597209,0.0040251136404998,1,,,https://github.com/yashdave003/hierarchical-bayesian-model-validation/blob/main/results-audio/case-studies/ravdess/1e5rawcomp/fft1216/statement_1/plots/compare_cdf_pdf_layer_15.jpg
711,901440.0,ravdess,1e5rawcomp,fft1216,,statement_1,16,0.0020915600661416,0.0014302327594031,1,,,https://github.com/yashdave003/hierarchical-bayesian-model-validation/blob/main/results-audio/case-studies/ravdess/1e5rawcomp/fft1216/statement_1/plots/compare_cdf_pdf_layer_16.jpg
712,226080.0,ravdess,1e5rawcomp,fft1216,,statement_2,12,0.0209183283416407,0.0028555381762752,1,,,https://github.com/yashdave003/hierarchical-bayesian-model-validation/blob/main/results-audio/case-studies/ravdess/1e5rawcomp/fft1216/statement_2/plots/compare_cdf_pdf_layer_12.jpg
713,224640.0,ravdess,1e5rawcomp,fft1216,,statement_2,13,0.0198760307346692,0.0028646735481884,1,,,https://github.com/yashdave003/hierarchical-bayesian-model-validation/blob/main/results-audio/case-studies/ravdess/1e5rawcomp/fft1216/statement_2/plots/compare_cdf_pdf_layer_13.jpg
714,113760.0,ravdess,1e5rawcomp,fft1216,,statement_2,15,0.0053361241833561,0.0040251136404998,1,,,https://github.com/yashdave003/hierarchical-bayesian-model-validation/blob/main/results-audio/case-studies/ravdess/1e5rawcomp/fft1216/statement_2/plots/compare_cdf_pdf_layer_15.jpg
715,901440.0,ravdess,1e5rawcomp,fft1216,,statement_2,16,0.0014614158773162,0.0014302327594031,1,,,https://github.com/yashdave003/hierarchical-bayesian-model-validation/blob/main/results-audio/case-studies/ravdess/1e5rawcomp/fft1216/statement_2/plots/compare_cdf_pdf_layer_16.jpg
716,211008.0,ravdess,1e5rawcomp,fft1216,,strong_intensity,12,0.0080333739688142,0.0029557359599985,1,,,https://github.com/yashdave003/hierarchical-bayesian-model-validation/blob/main/results-audio/case-studies/ravdess/1e5rawcomp/fft1216/strong_intensity/plots/compare_cdf_pdf_layer_12.jpg
717,209664.0,ravdess,1e5rawcomp,fft1216,,strong_intensity,13,0.0212295499596221,0.0029651917958326,1,,,https://github.com/yashdave003/hierarchical-bayesian-model-validation/blob/main/results-audio/case-studies/ravdess/1e5rawcomp/fft1216/strong_intensity/plots/compare_cdf_pdf_layer_13.jpg
718,106176.0,ravdess,1e5rawcomp,fft1216,,strong_intensity,15,0.0114302718594103,0.0041663349916391,1,,,https://github.com/yashdave003/hierarchical-bayesian-model-validation/blob/main/results-audio/case-studies/ravdess/1e5rawcomp/fft1216/strong_intensity/plots/compare_cdf_pdf_layer_15.jpg
719,841344.0,ravdess,1e5rawcomp,fft1216,,strong_intensity,16,0.0022420090770285,0.0014804248264702,1,,,https://github.com/yashdave003/hierarchical-bayesian-model-validation/blob/main/results-audio/case-studies/ravdess/1e5rawcomp/fft1216/strong_intensity/plots/compare_cdf_pdf_layer_16.jpg
720,1440.0,ravdess,1e5rawcomp,fftmean,,female,2,0.0081793851492925,0.0356711674760886,1,,,https://github.com/yashdave003/hierarchical-bayesian-model-validation/blob/main/results-audio/case-studies/ravdess/1e5rawcomp/fftmean/female/plots/compare_cdf_pdf_layer_2.jpg
721,14400.0,ravdess,1e5rawcomp,fftmean,,female,5,0.0067908619680266,0.0113058468964689,1,,,https://github.com/yashdave003/hierarchical-bayesian-model-validation/blob/main/results-audio/case-studies/ravdess/1e5rawcomp/fftmean/female/plots/compare_cdf_pdf_layer_5.jpg
722,27360.0,ravdess,1e5rawcomp,fftmean,,female,8,0.0043179357736275,0.0082044517593134,1,,,https://github.com/yashdave003/hierarchical-bayesian-model-validation/blob/main/results-audio/case-studies/ravdess/1e5rawcomp/fftmean/female/plots/compare_cdf_pdf_layer_8.jpg
723,56160.0,ravdess,1e5rawcomp,fftmean,,female,11,0.0014182913777001,0.0057278566449346,1,,,https://github.com/yashdave003/hierarchical-bayesian-model-validation/blob/main/results-audio/case-studies/ravdess/1e5rawcomp/fftmean/female/plots/compare_cdf_pdf_layer_11.jpg
724,112320.0,ravdess,1e5rawcomp,fftmean,,female,14,0.0119780370697686,0.004050824017412,1,,,https://github.com/yashdave003/hierarchical-bayesian-model-validation/blob/main/results-audio/case-studies/ravdess/1e5rawcomp/fftmean/female/plots/compare_cdf_pdf_layer_14.jpg
725,901440.0,ravdess,1e5rawcomp,fftmean,,female,17,0.0074422075427893,0.0014302327594031,1,,,https://github.com/yashdave003/hierarchical-bayesian-model-validation/blob/main/results-audio/case-studies/ravdess/1e5rawcomp/fftmean/female/plots/compare_cdf_pdf_layer_17.jpg
726,1802880.0,ravdess,1e5rawcomp,fftmean,,female,20,0.0008532473199824,0.0010113656230693,1,,,https://github.com/yashdave003/hierarchical-bayesian-model-validation/blob/main/results-audio/case-studies/ravdess/1e5rawcomp/fftmean/female/plots/compare_cdf_pdf_layer_20.jpg
727,14423040.0,ravdess,1e5rawcomp,fftmean,,female,23,0.0009241202008515,0.0003575928886806,1,,,https://github.com/yashdave003/hierarchical-bayesian-model-validation/blob/main/results-audio/case-studies/ravdess/1e5rawcomp/fftmean/female/plots/compare_cdf_pdf_layer_23.jpg
728,7211520.0,ravdess,1e5rawcomp,fftmean,,female,26,0.0011792137235289,0.000505705940851,1,,,https://github.com/yashdave003/hierarchical-bayesian-model-validation/blob/main/results-audio/case-studies/ravdess/1e5rawcomp/fftmean/female/plots/compare_cdf_pdf_layer_26.jpg
729,14423040.0,ravdess,1e5rawcomp,fftmean,,female,30,0.0026209410447654,0.0003575928886806,1,,,https://github.com/yashdave003/hierarchical-bayesian-model-validation/blob/main/results-audio/case-studies/ravdess/1e5rawcomp/fftmean/female/plots/compare_cdf_pdf_layer_30.jpg
730,1440.0,ravdess,1e5rawcomp,fftmean,,male,2,0.0106266589787932,0.0356711674760886,1,,,https://github.com/yashdave003/hierarchical-bayesian-model-validation/blob/main/results-audio/case-studies/ravdess/1e5rawcomp/fftmean/male/plots/compare_cdf_pdf_layer_2.jpg
731,14400.0,ravdess,1e5rawcomp,fftmean,,male,5,0.0127932243365435,0.0113058468964689,1,,,https://github.com/yashdave003/hierarchical-bayesian-model-validation/blob/main/results-audio/case-studies/ravdess/1e5rawcomp/fftmean/male/plots/compare_cdf_pdf_layer_5.jpg
732,27360.0,ravdess,1e5rawcomp,fftmean,,male,8,0.0102363304704929,0.0082044517593134,1,,,https://github.com/yashdave003/hierarchical-bayesian-model-validation/blob/main/results-audio/case-studies/ravdess/1e5rawcomp/fftmean/male/plots/compare_cdf_pdf_layer_8.jpg
733,56160.0,ravdess,1e5rawcomp,fftmean,,male,11,0.0034742652294614,0.0057278566449346,1,,,https://github.com/yashdave003/hierarchical-bayesian-model-validation/blob/main/results-audio/case-studies/ravdess/1e5rawcomp/fftmean/male/plots/compare_cdf_pdf_layer_11.jpg
734,112320.0,ravdess,1e5rawcomp,fftmean,,male,14,0.0104068274738113,0.004050824017412,1,,,https://github.com/yashdave003/hierarchical-bayesian-model-validation/blob/main/results-audio/case-studies/ravdess/1e5rawcomp/fftmean/male/plots/compare_cdf_pdf_layer_14.jpg
735,901440.0,ravdess,1e5rawcomp,fftmean,,male,17,0.0030133813946717,0.0014302327594031,1,,,https://github.com/yashdave003/hierarchical-bayesian-model-validation/blob/main/results-audio/case-studies/ravdess/1e5rawcomp/fftmean/male/plots/compare_cdf_pdf_layer_17.jpg
736,1802880.0,ravdess,1e5rawcomp,fftmean,,male,20,0.0013784296956784,0.0010113656230693,1,,,https://github.com/yashdave003/hierarchical-bayesian-model-validation/blob/main/results-audio/case-studies/ravdess/1e5rawcomp/fftmean/male/plots/compare_cdf_pdf_layer_20.jpg
737,14423040.0,ravdess,1e5rawcomp,fftmean,,male,23,0.0011305535393471,0.0003575928886806,1,,,https://github.com/yashdave003/hierarchical-bayesian-model-validation/blob/main/results-audio/case-studies/ravdess/1e5rawcomp/fftmean/male/plots/compare_cdf_pdf_layer_23.jpg
738,7211520.0,ravdess,1e5rawcomp,fftmean,,male,26,0.0002330960783141,0.000505705940851,1,,,https://github.com/yashdave003/hierarchical-bayesian-model-validation/blob/main/results-audio/case-studies/ravdess/1e5rawcomp/fftmean/male/plots/compare_cdf_pdf_layer_26.jpg
739,14423040.0,ravdess,1e5rawcomp,fftmean,,male,30,0.0022044691022536,0.0003575928886806,1,,,https://github.com/yashdave003/hierarchical-bayesian-model-validation/blob/main/results-audio/case-studies/ravdess/1e5rawcomp/fftmean/male/plots/compare_cdf_pdf_layer_30.jpg
740,1536.0,ravdess,1e5rawcomp,fftmean,,normal_intensity,2,0.0083922875830537,0.0345421467338566,1,,,https://github.com/yashdave003/hierarchical-bayesian-model-validation/blob/main/results-audio/case-studies/ravdess/1e5rawcomp/fftmean/normal_intensity/plots/compare_cdf_pdf_layer_2.jpg
741,15360.0,ravdess,1e5rawcomp,fftmean,,normal_intensity,5,0.0082377165352474,0.0109471991340796,1,,,https://github.com/yashdave003/hierarchical-bayesian-model-validation/blob/main/results-audio/case-studies/ravdess/1e5rawcomp/fftmean/normal_intensity/plots/compare_cdf_pdf_layer_5.jpg
742,29184.0,ravdess,1e5rawcomp,fftmean,,normal_intensity,8,0.0053340131373377,0.0079441151129578,1,,,https://github.com/yashdave003/hierarchical-bayesian-model-validation/blob/main/results-audio/case-studies/ravdess/1e5rawcomp/fftmean/normal_intensity/plots/compare_cdf_pdf_layer_8.jpg
743,59904.0,ravdess,1e5rawcomp,fftmean,,normal_intensity,11,0.0029041339966773,0.0055460651256572,1,,,https://github.com/yashdave003/hierarchical-bayesian-model-validation/blob/main/results-audio/case-studies/ravdess/1e5rawcomp/fftmean/normal_intensity/plots/compare_cdf_pdf_layer_11.jpg
744,119808.0,ravdess,1e5rawcomp,fftmean,,normal_intensity,14,0.0239763872471437,0.0039222393000244,1,,,https://github.com/yashdave003/hierarchical-bayesian-model-validation/blob/main/results-audio/case-studies/ravdess/1e5rawcomp/fftmean/normal_intensity/plots/compare_cdf_pdf_layer_14.jpg
745,961536.0,ravdess,1e5rawcomp,fftmean,,normal_intensity,17,0.0035486561140799,0.0013848226074512,1,,,https://github.com/yashdave003/hierarchical-bayesian-model-validation/blob/main/results-audio/case-studies/ravdess/1e5rawcomp/fftmean/normal_intensity/plots/compare_cdf_pdf_layer_17.jpg
746,1923072.0,ravdess,1e5rawcomp,fftmean,,normal_intensity,20,0.0007251308689568,0.0009792533989902,1,,,https://github.com/yashdave003/hierarchical-bayesian-model-validation/blob/main/results-audio/case-studies/ravdess/1e5rawcomp/fftmean/normal_intensity/plots/compare_cdf_pdf_layer_20.jpg
747,15384576.0,ravdess,1e5rawcomp,fftmean,,normal_intensity,23,0.0010402441295477,0.0003462381810611,1,,,https://github.com/yashdave003/hierarchical-bayesian-model-validation/blob/main/results-audio/case-studies/ravdess/1e5rawcomp/fftmean/normal_intensity/plots/compare_cdf_pdf_layer_23.jpg
748,7692288.0,ravdess,1e5rawcomp,fftmean,,normal_intensity,26,0.0007314393920244,0.0004896483826868,1,,,https://github.com/yashdave003/hierarchical-bayesian-model-validation/blob/main/results-audio/case-studies/ravdess/1e5rawcomp/fftmean/normal_intensity/plots/compare_cdf_pdf_layer_26.jpg
749,15384576.0,ravdess,1e5rawcomp,fftmean,,normal_intensity,30,0.0018570724823045,0.0003462381810611,1,,,https://github.com/yashdave003/hierarchical-bayesian-model-validation/blob/main/results-audio/case-studies/ravdess/1e5rawcomp/fftmean/normal_intensity/plots/compare_cdf_pdf_layer_30.jpg
750,1440.0,ravdess,1e5rawcomp,fftmean,,statement_1,2,0.0097218162328515,0.0356711674760886,1,,,https://github.com/yashdave003/hierarchical-bayesian-model-validation/blob/main/results-audio/case-studies/ravdess/1e5rawcomp/fftmean/statement_1/plots/compare_cdf_pdf_layer_2.jpg
751,14400.0,ravdess,1e5rawcomp,fftmean,,statement_1,5,0.0111520010162738,0.0113058468964689,1,,,https://github.com/yashdave003/hierarchical-bayesian-model-validation/blob/main/results-audio/case-studies/ravdess/1e5rawcomp/fftmean/statement_1/plots/compare_cdf_pdf_layer_5.jpg
752,27360.0,ravdess,1e5rawcomp,fftmean,,statement_1,8,0.0101429396645099,0.0082044517593134,1,,,https://github.com/yashdave003/hierarchical-bayesian-model-validation/blob/main/results-audio/case-studies/ravdess/1e5rawcomp/fftmean/statement_1/plots/compare_cdf_pdf_layer_8.jpg
753,56160.0,ravdess,1e5rawcomp,fftmean,,statement_1,11,0.0034795341067116,0.0057278566449346,1,,,https://github.com/yashdave003/hierarchical-bayesian-model-validation/blob/main/results-audio/case-studies/ravdess/1e5rawcomp/fftmean/statement_1/plots/compare_cdf_pdf_layer_11.jpg
754,112320.0,ravdess,1e5rawcomp,fftmean,,statement_1,14,0.0233717258199996,0.004050824017412,1,,,https://github.com/yashdave003/hierarchical-bayesian-model-validation/blob/main/results-audio/case-studies/ravdess/1e5rawcomp/fftmean/statement_1/plots/compare_cdf_pdf_layer_14.jpg
755,901440.0,ravdess,1e5rawcomp,fftmean,,statement_1,17,0.0048435671547759,0.0014302327594031,1,,,https://github.com/yashdave003/hierarchical-bayesian-model-validation/blob/main/results-audio/case-studies/ravdess/1e5rawcomp/fftmean/statement_1/plots/compare_cdf_pdf_layer_17.jpg
756,1802880.0,ravdess,1e5rawcomp,fftmean,,statement_1,20,0.0011389193122008,0.0010113656230693,1,,,https://github.com/yashdave003/hierarchical-bayesian-model-validation/blob/main/results-audio/case-studies/ravdess/1e5rawcomp/fftmean/statement_1/plots/compare_cdf_pdf_layer_20.jpg
757,14423040.0,ravdess,1e5rawcomp,fftmean,,statement_1,23,0.0010965261764022,0.0003575928886806,1,,,https://github.com/yashdave003/hierarchical-bayesian-model-validation/blob/main/results-audio/case-studies/ravdess/1e5rawcomp/fftmean/statement_1/plots/compare_cdf_pdf_layer_23.jpg
758,7211520.0,ravdess,1e5rawcomp,fftmean,,statement_1,26,0.0003738825404024,0.000505705940851,1,,,https://github.com/yashdave003/hierarchical-bayesian-model-validation/blob/main/results-audio/case-studies/ravdess/1e5rawcomp/fftmean/statement_1/plots/compare_cdf_pdf_layer_26.jpg
759,14423040.0,ravdess,1e5rawcomp,fftmean,,statement_1,30,0.001767643292972,0.0003575928886806,1,,,https://github.com/yashdave003/hierarchical-bayesian-model-validation/blob/main/results-audio/case-studies/ravdess/1e5rawcomp/fftmean/statement_1/plots/compare_cdf_pdf_layer_30.jpg
760,1440.0,ravdess,1e5rawcomp,fftmean,,statement_2,2,0.0060963336447462,0.0356711674760886,1,,,https://github.com/yashdave003/hierarchical-bayesian-model-validation/blob/main/results-audio/case-studies/ravdess/1e5rawcomp/fftmean/statement_2/plots/compare_cdf_pdf_layer_2.jpg
761,14400.0,ravdess,1e5rawcomp,fftmean,,statement_2,5,0.0085798553625132,0.0113058468964689,1,,,https://github.com/yashdave003/hierarchical-bayesian-model-validation/blob/main/results-audio/case-studies/ravdess/1e5rawcomp/fftmean/statement_2/plots/compare_cdf_pdf_layer_5.jpg
762,27360.0,ravdess,1e5rawcomp,fftmean,,statement_2,8,0.0052584281094773,0.0082044517593134,1,,,https://github.com/yashdave003/hierarchical-bayesian-model-validation/blob/main/results-audio/case-studies/ravdess/1e5rawcomp/fftmean/statement_2/plots/compare_cdf_pdf_layer_8.jpg
763,56160.0,ravdess,1e5rawcomp,fftmean,,statement_2,11,0.0017568515744019,0.0057278566449346,1,,,https://github.com/yashdave003/hierarchical-bayesian-model-validation/blob/main/results-audio/case-studies/ravdess/1e5rawcomp/fftmean/statement_2/plots/compare_cdf_pdf_layer_11.jpg
764,112320.0,ravdess,1e5rawcomp,fftmean,,statement_2,14,0.022839856973087,0.004050824017412,1,,,https://github.com/yashdave003/hierarchical-bayesian-model-validation/blob/main/results-audio/case-studies/ravdess/1e5rawcomp/fftmean/statement_2/plots/compare_cdf_pdf_layer_14.jpg
765,901440.0,ravdess,1e5rawcomp,fftmean,,statement_2,17,0.0053789825336743,0.0014302327594031,1,,,https://github.com/yashdave003/hierarchical-bayesian-model-validation/blob/main/results-audio/case-studies/ravdess/1e5rawcomp/fftmean/statement_2/plots/compare_cdf_pdf_layer_17.jpg
766,1802880.0,ravdess,1e5rawcomp,fftmean,,statement_2,20,0.0014016315670255,0.0010113656230693,1,,,https://github.com/yashdave003/hierarchical-bayesian-model-validation/blob/main/results-audio/case-studies/ravdess/1e5rawcomp/fftmean/statement_2/plots/compare_cdf_pdf_layer_20.jpg
767,14423040.0,ravdess,1e5rawcomp,fftmean,,statement_2,23,0.0014876849999245,0.0003575928886806,1,,,https://github.com/yashdave003/hierarchical-bayesian-model-validation/blob/main/results-audio/case-studies/ravdess/1e5rawcomp/fftmean/statement_2/plots/compare_cdf_pdf_layer_23.jpg
768,7211520.0,ravdess,1e5rawcomp,fftmean,,statement_2,26,0.0006393874661146,0.000505705940851,1,,,https://github.com/yashdave003/hierarchical-bayesian-model-validation/blob/main/results-audio/case-studies/ravdess/1e5rawcomp/fftmean/statement_2/plots/compare_cdf_pdf_layer_26.jpg
769,14423040.0,ravdess,1e5rawcomp,fftmean,,statement_2,30,0.0017334971829948,0.0003575928886806,1,,,https://github.com/yashdave003/hierarchical-bayesian-model-validation/blob/main/results-audio/case-studies/ravdess/1e5rawcomp/fftmean/statement_2/plots/compare_cdf_pdf_layer_30.jpg
770,1344.0,ravdess,1e5rawcomp,fftmean,,strong_intensity,2,0.0093488738981471,0.0369188040002903,1,,,https://github.com/yashdave003/hierarchical-bayesian-model-validation/blob/main/results-audio/case-studies/ravdess/1e5rawcomp/fftmean/strong_intensity/plots/compare_cdf_pdf_layer_2.jpg
771,13440.0,ravdess,1e5rawcomp,fftmean,,strong_intensity,5,0.0130221279669116,0.0117022378542223,1,,,https://github.com/yashdave003/hierarchical-bayesian-model-validation/blob/main/results-audio/case-studies/ravdess/1e5rawcomp/fftmean/strong_intensity/plots/compare_cdf_pdf_layer_5.jpg
772,25536.0,ravdess,1e5rawcomp,fftmean,,strong_intensity,8,0.0115874341067959,0.0084921911680473,1,,,https://github.com/yashdave003/hierarchical-bayesian-model-validation/blob/main/results-audio/case-studies/ravdess/1e5rawcomp/fftmean/strong_intensity/plots/compare_cdf_pdf_layer_8.jpg
773,52416.0,ravdess,1e5rawcomp,fftmean,,strong_intensity,11,0.0023564018153983,0.0059287864316027,1,,,https://github.com/yashdave003/hierarchical-bayesian-model-validation/blob/main/results-audio/case-studies/ravdess/1e5rawcomp/fftmean/strong_intensity/plots/compare_cdf_pdf_layer_11.jpg
774,104832.0,ravdess,1e5rawcomp,fftmean,,strong_intensity,14,0.0185074320236048,0.004192947073336,1,,,https://github.com/yashdave003/hierarchical-bayesian-model-validation/blob/main/results-audio/case-studies/ravdess/1e5rawcomp/fftmean/strong_intensity/plots/compare_cdf_pdf_layer_14.jpg
775,841344.0,ravdess,1e5rawcomp,fftmean,,strong_intensity,17,0.0070521571592352,0.0014804248264702,1,,,https://github.com/yashdave003/hierarchical-bayesian-model-validation/blob/main/results-audio/case-studies/ravdess/1e5rawcomp/fftmean/strong_intensity/plots/compare_cdf_pdf_layer_17.jpg
776,1682688.0,ravdess,1e5rawcomp,fftmean,,strong_intensity,20,0.001214595596613,0.0010468595144609,1,,,https://github.com/yashdave003/hierarchical-bayesian-model-validation/blob/main/results-audio/case-studies/ravdess/1e5rawcomp/fftmean/strong_intensity/plots/compare_cdf_pdf_layer_20.jpg
777,13461504.0,ravdess,1e5rawcomp,fftmean,,strong_intensity,23,0.001303552284513,0.0003701433851412,1,,,https://github.com/yashdave003/hierarchical-bayesian-model-validation/blob/main/results-audio/case-studies/ravdess/1e5rawcomp/fftmean/strong_intensity/plots/compare_cdf_pdf_layer_23.jpg
778,6730752.0,ravdess,1e5rawcomp,fftmean,,strong_intensity,26,0.0009856476959591,0.0005234545393228,1,,,https://github.com/yashdave003/hierarchical-bayesian-model-validation/blob/main/results-audio/case-studies/ravdess/1e5rawcomp/fftmean/strong_intensity/plots/compare_cdf_pdf_layer_26.jpg
779,13461504.0,ravdess,1e5rawcomp,fftmean,,strong_intensity,30,0.002763176561126,0.0003701433851412,1,,,https://github.com/yashdave003/hierarchical-bayesian-model-validation/blob/main/results-audio/case-studies/ravdess/1e5rawcomp/fftmean/strong_intensity/plots/compare_cdf_pdf_layer_30.jpg
780,14562240.0,ravdess,1e5rawcomp,stft,,female,2,0.0017239696110111,0.0003558797301684,1,,,https://github.com/yashdave003/hierarchical-bayesian-model-validation/blob/main/results-audio/case-studies/ravdess/1e5rawcomp/stft/female/plots/compare_cdf_pdf_layer_2.jpg
781,14562240.0,ravdess,1e5rawcomp,stft,,female,3,0.0017711291473636,0.0003558797301684,1,,,https://github.com/yashdave003/hierarchical-bayesian-model-validation/blob/main/results-audio/case-studies/ravdess/1e5rawcomp/stft/female/plots/compare_cdf_pdf_layer_3.jpg
782,14562240.0,ravdess,1e5rawcomp,stft,,female,4,0.0016120180193234,0.0003558797301684,1,,,https://github.com/yashdave003/hierarchical-bayesian-model-validation/blob/main/results-audio/case-studies/ravdess/1e5rawcomp/stft/female/plots/compare_cdf_pdf_layer_4.jpg
783,58248960.0,ravdess,1e5rawcomp,stft,,female,5,0.0044405362554323,0.0001779427271561,1,,,https://github.com/yashdave003/hierarchical-bayesian-model-validation/blob/main/results-audio/case-studies/ravdess/1e5rawcomp/stft/female/plots/compare_cdf_pdf_layer_5.jpg
784,29124480.0,ravdess,1e5rawcomp,stft,,female,6,0.0053779087936731,0.0002516473415973,1,,,https://github.com/yashdave003/hierarchical-bayesian-model-validation/blob/main/results-audio/case-studies/ravdess/1e5rawcomp/stft/female/plots/compare_cdf_pdf_layer_6.jpg
785,29124480.0,ravdess,1e5rawcomp,stft,,female,7,0.0054664942779066,0.0002516473415973,1,,,https://github.com/yashdave003/hierarchical-bayesian-model-validation/blob/main/results-audio/case-studies/ravdess/1e5rawcomp/stft/female/plots/compare_cdf_pdf_layer_7.jpg
786,29124480.0,ravdess,1e5rawcomp,stft,,female,8,0.0056758808669107,0.0002516473415973,1,,,https://github.com/yashdave003/hierarchical-bayesian-model-validation/blob/main/results-audio/case-studies/ravdess/1e5rawcomp/stft/female/plots/compare_cdf_pdf_layer_8.jpg
787,29579550.0,ravdess,1e5rawcomp,stft,,female,9,0.0047784157386975,0.0002497041336613,1,,,https://github.com/yashdave003/hierarchical-bayesian-model-validation/blob/main/results-audio/case-studies/ravdess/1e5rawcomp/stft/female/plots/compare_cdf_pdf_layer_9.jpg
788,14393472.0,ravdess,1e5rawcomp,stft,,male,2,0.0018725699059265,0.0003579599835704,1,,,https://github.com/yashdave003/hierarchical-bayesian-model-validation/blob/main/results-audio/case-studies/ravdess/1e5rawcomp/stft/male/plots/compare_cdf_pdf_layer_2.jpg
789,14393472.0,ravdess,1e5rawcomp,stft,,male,3,0.0027620827583617,0.0003579599835704,1,,,https://github.com/yashdave003/hierarchical-bayesian-model-validation/blob/main/results-audio/case-studies/ravdess/1e5rawcomp/stft/male/plots/compare_cdf_pdf_layer_3.jpg
790,14393472.0,ravdess,1e5rawcomp,stft,,male,4,0.0026454384210055,0.0003579599835704,1,,,https://github.com/yashdave003/hierarchical-bayesian-model-validation/blob/main/results-audio/case-studies/ravdess/1e5rawcomp/stft/male/plots/compare_cdf_pdf_layer_4.jpg
791,57573888.0,ravdess,1e5rawcomp,stft,,male,5,0.0032644619448052,0.0001789828874204,1,,,https://github.com/yashdave003/hierarchical-bayesian-model-validation/blob/main/results-audio/case-studies/ravdess/1e5rawcomp/stft/male/plots/compare_cdf_pdf_layer_5.jpg
792,28786944.0,ravdess,1e5rawcomp,stft,,male,6,0.0038577612379231,0.0002531183306908,1,,,https://github.com/yashdave003/hierarchical-bayesian-model-validation/blob/main/results-audio/case-studies/ravdess/1e5rawcomp/stft/male/plots/compare_cdf_pdf_layer_6.jpg
793,28786944.0,ravdess,1e5rawcomp,stft,,male,7,0.0047490430578868,0.0002531183306908,1,,,https://github.com/yashdave003/hierarchical-bayesian-model-validation/blob/main/results-audio/case-studies/ravdess/1e5rawcomp/stft/male/plots/compare_cdf_pdf_layer_7.jpg
794,28786944.0,ravdess,1e5rawcomp,stft,,male,8,0.0055817598229044,0.0002531183306908,1,,,https://github.com/yashdave003/hierarchical-bayesian-model-validation/blob/main/results-audio/case-studies/ravdess/1e5rawcomp/stft/male/plots/compare_cdf_pdf_layer_8.jpg
795,29236740.0,ravdess,1e5rawcomp,stft,,male,9,0.005426004265584,0.00025116376411,1,,,https://github.com/yashdave003/hierarchical-bayesian-model-validation/blob/main/results-audio/case-studies/ravdess/1e5rawcomp/stft/male/plots/compare_cdf_pdf_layer_9.jpg
796,14505152.0,ravdess,1e5rawcomp,stft,,normal_intensity,2,0.0016347587545548,0.0003565793387321,1,,,https://github.com/yashdave003/hierarchical-bayesian-model-validation/blob/main/results-audio/case-studies/ravdess/1e5rawcomp/stft/normal_intensity/plots/compare_cdf_pdf_layer_2.jpg
797,14505152.0,ravdess,1e5rawcomp,stft,,normal_intensity,3,0.0030089551210953,0.0003565793387321,1,,,https://github.com/yashdave003/hierarchical-bayesian-model-validation/blob/main/results-audio/case-studies/ravdess/1e5rawcomp/stft/normal_intensity/plots/compare_cdf_pdf_layer_3.jpg
798,14505152.0,ravdess,1e5rawcomp,stft,,normal_intensity,4,0.0039794921023008,0.0003565793387321,1,,,https://github.com/yashdave003/hierarchical-bayesian-model-validation/blob/main/results-audio/case-studies/ravdess/1e5rawcomp/stft/normal_intensity/plots/compare_cdf_pdf_layer_4.jpg
799,58020608.0,ravdess,1e5rawcomp,stft,,normal_intensity,5,0.0065275876382241,0.0001782925427037,1,,,https://github.com/yashdave003/hierarchical-bayesian-model-validation/blob/main/results-audio/case-studies/ravdess/1e5rawcomp/stft/normal_intensity/plots/compare_cdf_pdf_layer_5.jpg
800,29010304.0,ravdess,1e5rawcomp,stft,,normal_intensity,6,0.0074954074123178,0.0002521420488903,1,,,https://github.com/yashdave003/hierarchical-bayesian-model-validation/blob/main/results-audio/case-studies/ravdess/1e5rawcomp/stft/normal_intensity/plots/compare_cdf_pdf_layer_6.jpg
801,29010304.0,ravdess,1e5rawcomp,stft,,normal_intensity,7,0.0088947264787503,0.0002521420488903,1,,,https://github.com/yashdave003/hierarchical-bayesian-model-validation/blob/main/results-audio/case-studies/ravdess/1e5rawcomp/stft/normal_intensity/plots/compare_cdf_pdf_layer_7.jpg
802,29010304.0,ravdess,1e5rawcomp,stft,,normal_intensity,8,0.0094824677012186,0.0002521420488903,1,,,https://github.com/yashdave003/hierarchical-bayesian-model-validation/blob/main/results-audio/case-studies/ravdess/1e5rawcomp/stft/normal_intensity/plots/compare_cdf_pdf_layer_8.jpg
803,29463590.0,ravdess,1e5rawcomp,stft,,normal_intensity,9,0.0087362346813461,0.0002501950209362,1,,,https://github.com/yashdave003/hierarchical-bayesian-model-validation/blob/main/results-audio/case-studies/ravdess/1e5rawcomp/stft/normal_intensity/plots/compare_cdf_pdf_layer_9.jpg
804,14554880.0,ravdess,1e5rawcomp,stft,,statement_1,2,0.0019149713034513,0.0003559696951662,1,,,https://github.com/yashdave003/hierarchical-bayesian-model-validation/blob/main/results-audio/case-studies/ravdess/1e5rawcomp/stft/statement_1/plots/compare_cdf_pdf_layer_2.jpg
805,14554880.0,ravdess,1e5rawcomp,stft,,statement_1,3,0.0015802709788019,0.0003559696951662,1,,,https://github.com/yashdave003/hierarchical-bayesian-model-validation/blob/main/results-audio/case-studies/ravdess/1e5rawcomp/stft/statement_1/plots/compare_cdf_pdf_layer_3.jpg
806,14554880.0,ravdess,1e5rawcomp,stft,,statement_1,4,0.003662290481499,0.0003559696951662,1,,,https://github.com/yashdave003/hierarchical-bayesian-model-validation/blob/main/results-audio/case-studies/ravdess/1e5rawcomp/stft/statement_1/plots/compare_cdf_pdf_layer_4.jpg
807,58219520.0,ravdess,1e5rawcomp,stft,,statement_1,5,0.002165951947139,0.0001779877111025,1,,,https://github.com/yashdave003/hierarchical-bayesian-model-validation/blob/main/results-audio/case-studies/ravdess/1e5rawcomp/stft/statement_1/plots/compare_cdf_pdf_layer_5.jpg
808,29109760.0,ravdess,1e5rawcomp,stft,,statement_1,6,0.0027497318752276,0.0002517109576565,1,,,https://github.com/yashdave003/hierarchical-bayesian-model-validation/blob/main/results-audio/case-studies/ravdess/1e5rawcomp/stft/statement_1/plots/compare_cdf_pdf_layer_6.jpg
809,29109760.0,ravdess,1e5rawcomp,stft,,statement_1,7,0.0026356169026899,0.0002517109576565,1,,,https://github.com/yashdave003/hierarchical-bayesian-model-validation/blob/main/results-audio/case-studies/ravdess/1e5rawcomp/stft/statement_1/plots/compare_cdf_pdf_layer_7.jpg
810,29109760.0,ravdess,1e5rawcomp,stft,,statement_1,8,0.0035368266571487,0.0002517109576565,1,,,https://github.com/yashdave003/hierarchical-bayesian-model-validation/blob/main/results-audio/case-studies/ravdess/1e5rawcomp/stft/statement_1/plots/compare_cdf_pdf_layer_8.jpg
811,29564600.0,ravdess,1e5rawcomp,stft,,statement_1,9,0.0040796038010801,0.0002497672584916,1,,,https://github.com/yashdave003/hierarchical-bayesian-model-validation/blob/main/results-audio/case-studies/ravdess/1e5rawcomp/stft/statement_1/plots/compare_cdf_pdf_layer_9.jpg
812,14400832.0,ravdess,1e5rawcomp,stft,,statement_2,2,0.0019060769980325,0.0003578685014621,1,,,https://github.com/yashdave003/hierarchical-bayesian-model-validation/blob/main/results-audio/case-studies/ravdess/1e5rawcomp/stft/statement_2/plots/compare_cdf_pdf_layer_2.jpg
813,14400832.0,ravdess,1e5rawcomp,stft,,statement_2,3,0.001524713903318,0.0003578685014621,1,,,https://github.com/yashdave003/hierarchical-bayesian-model-validation/blob/main/results-audio/case-studies/ravdess/1e5rawcomp/stft/statement_2/plots/compare_cdf_pdf_layer_3.jpg
814,14400832.0,ravdess,1e5rawcomp,stft,,statement_2,4,0.0026137043133285,0.0003578685014621,1,,,https://github.com/yashdave003/hierarchical-bayesian-model-validation/blob/main/results-audio/case-studies/ravdess/1e5rawcomp/stft/statement_2/plots/compare_cdf_pdf_layer_4.jpg
815,57603328.0,ravdess,1e5rawcomp,stft,,statement_2,5,0.0067613278150805,0.0001789371448862,1,,,https://github.com/yashdave003/hierarchical-bayesian-model-validation/blob/main/results-audio/case-studies/ravdess/1e5rawcomp/stft/statement_2/plots/compare_cdf_pdf_layer_5.jpg
816,28801664.0,ravdess,1e5rawcomp,stft,,statement_2,6,0.0069548585770985,0.0002530536418455,1,,,https://github.com/yashdave003/hierarchical-bayesian-model-validation/blob/main/results-audio/case-studies/ravdess/1e5rawcomp/stft/statement_2/plots/compare_cdf_pdf_layer_6.jpg
817,28801664.0,ravdess,1e5rawcomp,stft,,statement_2,7,0.0071606120474892,0.0002530536418455,1,,,https://github.com/yashdave003/hierarchical-bayesian-model-validation/blob/main/results-audio/case-studies/ravdess/1e5rawcomp/stft/statement_2/plots/compare_cdf_pdf_layer_7.jpg
818,28801664.0,ravdess,1e5rawcomp,stft,,statement_2,8,0.0081945330782349,0.0002530536418455,1,,,https://github.com/yashdave003/hierarchical-bayesian-model-validation/blob/main/results-audio/case-studies/ravdess/1e5rawcomp/stft/statement_2/plots/compare_cdf_pdf_layer_8.jpg
819,29251690.0,ravdess,1e5rawcomp,stft,,statement_2,9,0.0070109257853916,0.0002510995747773,1,,,https://github.com/yashdave003/hierarchical-bayesian-model-validation/blob/main/results-audio/case-studies/ravdess/1e5rawcomp/stft/statement_2/plots/compare_cdf_pdf_layer_9.jpg
820,14450560.0,ravdess,1e5rawcomp,stft,,strong_intensity,2,0.0022280954878112,0.0003572522330892,1,,,https://github.com/yashdave003/hierarchical-bayesian-model-validation/blob/main/results-audio/case-studies/ravdess/1e5rawcomp/stft/strong_intensity/plots/compare_cdf_pdf_layer_2.jpg
821,14450560.0,ravdess,1e5rawcomp,stft,,strong_intensity,3,0.0016313454650413,0.0003572522330892,1,,,https://github.com/yashdave003/hierarchical-bayesian-model-validation/blob/main/results-audio/case-studies/ravdess/1e5rawcomp/stft/strong_intensity/plots/compare_cdf_pdf_layer_3.jpg
822,14450560.0,ravdess,1e5rawcomp,stft,,strong_intensity,4,0.0043041397268652,0.0003572522330892,1,,,https://github.com/yashdave003/hierarchical-bayesian-model-validation/blob/main/results-audio/case-studies/ravdess/1e5rawcomp/stft/strong_intensity/plots/compare_cdf_pdf_layer_4.jpg
823,57802240.0,ravdess,1e5rawcomp,stft,,strong_intensity,5,0.0032870650941835,0.0001786290007388,1,,,https://github.com/yashdave003/hierarchical-bayesian-model-validation/blob/main/results-audio/case-studies/ravdess/1e5rawcomp/stft/strong_intensity/plots/compare_cdf_pdf_layer_5.jpg
824,28901120.0,ravdess,1e5rawcomp,stft,,strong_intensity,6,0.0043720325819684,0.0002526178660476,1,,,https://github.com/yashdave003/hierarchical-bayesian-model-validation/blob/main/results-audio/case-studies/ravdess/1e5rawcomp/stft/strong_intensity/plots/compare_cdf_pdf_layer_6.jpg
825,28901120.0,ravdess,1e5rawcomp,stft,,strong_intensity,7,0.0028454203283722,0.0002526178660476,1,,,https://github.com/yashdave003/hierarchical-bayesian-model-validation/blob/main/results-audio/case-studies/ravdess/1e5rawcomp/stft/strong_intensity/plots/compare_cdf_pdf_layer_7.jpg
826,28901120.0,ravdess,1e5rawcomp,stft,,strong_intensity,8,0.0030279617949881,0.0002526178660476,1,,,https://github.com/yashdave003/hierarchical-bayesian-model-validation/blob/main/results-audio/case-studies/ravdess/1e5rawcomp/stft/strong_intensity/plots/compare_cdf_pdf_layer_8.jpg
827,29352700.0,ravdess,1e5rawcomp,stft,,strong_intensity,9,0.0045013373195315,0.0002506671639412,1,,,https://github.com/yashdave003/hierarchical-bayesian-model-validation/blob/main/results-audio/case-studies/ravdess/1e5rawcomp/stft/strong_intensity/plots/compare_cdf_pdf_layer_9.jpg
828,14562240.0,ravdess,1e5rawcomp,stftmean,,female,2,0.0017246061007667,0.0003558797301684,1,,,https://github.com/yashdave003/hierarchical-bayesian-model-validation/blob/main/results-audio/case-studies/ravdess/1e5rawcomp/stftmean/female/plots/compare_cdf_pdf_layer_2.jpg
829,14562240.0,ravdess,1e5rawcomp,stftmean,,female,3,0.0017710721889122,0.0003558797301684,1,,,https://github.com/yashdave003/hierarchical-bayesian-model-validation/blob/main/results-audio/case-studies/ravdess/1e5rawcomp/stftmean/female/plots/compare_cdf_pdf_layer_3.jpg
830,14562240.0,ravdess,1e5rawcomp,stftmean,,female,4,0.0016113207594687,0.0003558797301684,1,,,https://github.com/yashdave003/hierarchical-bayesian-model-validation/blob/main/results-audio/case-studies/ravdess/1e5rawcomp/stftmean/female/plots/compare_cdf_pdf_layer_4.jpg
831,58248960.0,ravdess,1e5rawcomp,stftmean,,female,5,0.0044405452842679,0.0001779427271561,1,,,https://github.com/yashdave003/hierarchical-bayesian-model-validation/blob/main/results-audio/case-studies/ravdess/1e5rawcomp/stftmean/female/plots/compare_cdf_pdf_layer_5.jpg
832,29124480.0,ravdess,1e5rawcomp,stftmean,,female,6,0.0053779541552922,0.0002516473415973,1,,,https://github.com/yashdave003/hierarchical-bayesian-model-validation/blob/main/results-audio/case-studies/ravdess/1e5rawcomp/stftmean/female/plots/compare_cdf_pdf_layer_6.jpg
833,29124480.0,ravdess,1e5rawcomp,stftmean,,female,7,0.0054675523761412,0.0002516473415973,1,,,https://github.com/yashdave003/hierarchical-bayesian-model-validation/blob/main/results-audio/case-studies/ravdess/1e5rawcomp/stftmean/female/plots/compare_cdf_pdf_layer_7.jpg
834,29124480.0,ravdess,1e5rawcomp,stftmean,,female,8,0.0056758578573365,0.0002516473415973,1,,,https://github.com/yashdave003/hierarchical-bayesian-model-validation/blob/main/results-audio/case-studies/ravdess/1e5rawcomp/stftmean/female/plots/compare_cdf_pdf_layer_8.jpg
835,29579550.0,ravdess,1e5rawcomp,stftmean,,female,9,0.0047783706452697,0.0002497041336613,1,,,https://github.com/yashdave003/hierarchical-bayesian-model-validation/blob/main/results-audio/case-studies/ravdess/1e5rawcomp/stftmean/female/plots/compare_cdf_pdf_layer_9.jpg
836,14393472.0,ravdess,1e5rawcomp,stftmean,,male,2,0.0018736187026832,0.0003579599835704,1,,,https://github.com/yashdave003/hierarchical-bayesian-model-validation/blob/main/results-audio/case-studies/ravdess/1e5rawcomp/stftmean/male/plots/compare_cdf_pdf_layer_2.jpg
837,14393472.0,ravdess,1e5rawcomp,stftmean,,male,3,0.0027628384506184,0.0003579599835704,1,,,https://github.com/yashdave003/hierarchical-bayesian-model-validation/blob/main/results-audio/case-studies/ravdess/1e5rawcomp/stftmean/male/plots/compare_cdf_pdf_layer_3.jpg
838,14393472.0,ravdess,1e5rawcomp,stftmean,,male,4,0.0026484652792366,0.0003579599835704,1,,,https://github.com/yashdave003/hierarchical-bayesian-model-validation/blob/main/results-audio/case-studies/ravdess/1e5rawcomp/stftmean/male/plots/compare_cdf_pdf_layer_4.jpg
839,57573888.0,ravdess,1e5rawcomp,stftmean,,male,5,0.0032644777399073,0.0001789828874204,1,,,https://github.com/yashdave003/hierarchical-bayesian-model-validation/blob/main/results-audio/case-studies/ravdess/1e5rawcomp/stftmean/male/plots/compare_cdf_pdf_layer_5.jpg
840,28786944.0,ravdess,1e5rawcomp,stftmean,,male,6,0.0038576877550429,0.0002531183306908,1,,,https://github.com/yashdave003/hierarchical-bayesian-model-validation/blob/main/results-audio/case-studies/ravdess/1e5rawcomp/stftmean/male/plots/compare_cdf_pdf_layer_6.jpg
841,28786944.0,ravdess,1e5rawcomp,stftmean,,male,7,0.0047490530139648,0.0002531183306908,1,,,https://github.com/yashdave003/hierarchical-bayesian-model-validation/blob/main/results-audio/case-studies/ravdess/1e5rawcomp/stftmean/male/plots/compare_cdf_pdf_layer_7.jpg
842,28786944.0,ravdess,1e5rawcomp,stftmean,,male,8,0.0055818272842717,0.0002531183306908,1,,,https://github.com/yashdave003/hierarchical-bayesian-model-validation/blob/main/results-audio/case-studies/ravdess/1e5rawcomp/stftmean/male/plots/compare_cdf_pdf_layer_8.jpg
843,29236740.0,ravdess,1e5rawcomp,stftmean,,male,9,0.0054254498097338,0.00025116376411,1,,,https://github.com/yashdave003/hierarchical-bayesian-model-validation/blob/main/results-audio/case-studies/ravdess/1e5rawcomp/stftmean/male/plots/compare_cdf_pdf_layer_9.jpg
844,14505152.0,ravdess,1e5rawcomp,stftmean,,normal_intensity,2,0.0016349463635568,0.0003565793387321,1,,,https://github.com/yashdave003/hierarchical-bayesian-model-validation/blob/main/results-audio/case-studies/ravdess/1e5rawcomp/stftmean/normal_intensity/plots/compare_cdf_pdf_layer_2.jpg
845,14505152.0,ravdess,1e5rawcomp,stftmean,,normal_intensity,3,0.0030082276742524,0.0003565793387321,1,,,https://github.com/yashdave003/hierarchical-bayesian-model-validation/blob/main/results-audio/case-studies/ravdess/1e5rawcomp/stftmean/normal_intensity/plots/compare_cdf_pdf_layer_3.jpg
846,14505152.0,ravdess,1e5rawcomp,stftmean,,normal_intensity,4,0.0039792310625559,0.0003565793387321,1,,,https://github.com/yashdave003/hierarchical-bayesian-model-validation/blob/main/results-audio/case-studies/ravdess/1e5rawcomp/stftmean/normal_intensity/plots/compare_cdf_pdf_layer_4.jpg
847,58020608.0,ravdess,1e5rawcomp,stftmean,,normal_intensity,5,0.0065275932512663,0.0001782925427037,1,,,https://github.com/yashdave003/hierarchical-bayesian-model-validation/blob/main/results-audio/case-studies/ravdess/1e5rawcomp/stftmean/normal_intensity/plots/compare_cdf_pdf_layer_5.jpg
848,29010304.0,ravdess,1e5rawcomp,stftmean,,normal_intensity,6,0.0074953079007951,0.0002521420488903,1,,,https://github.com/yashdave003/hierarchical-bayesian-model-validation/blob/main/results-audio/case-studies/ravdess/1e5rawcomp/stftmean/normal_intensity/plots/compare_cdf_pdf_layer_6.jpg
849,29010304.0,ravdess,1e5rawcomp,stftmean,,normal_intensity,7,0.0088947408959099,0.0002521420488903,1,,,https://github.com/yashdave003/hierarchical-bayesian-model-validation/blob/main/results-audio/case-studies/ravdess/1e5rawcomp/stftmean/normal_intensity/plots/compare_cdf_pdf_layer_7.jpg
850,29010304.0,ravdess,1e5rawcomp,stftmean,,normal_intensity,8,0.0094825346180296,0.0002521420488903,1,,,https://github.com/yashdave003/hierarchical-bayesian-model-validation/blob/main/results-audio/case-studies/ravdess/1e5rawcomp/stftmean/normal_intensity/plots/compare_cdf_pdf_layer_8.jpg
851,29463590.0,ravdess,1e5rawcomp,stftmean,,normal_intensity,9,0.0087363666252193,0.0002501950209362,1,,,https://github.com/yashdave003/hierarchical-bayesian-model-validation/blob/main/results-audio/case-studies/ravdess/1e5rawcomp/stftmean/normal_intensity/plots/compare_cdf_pdf_layer_9.jpg
852,14554880.0,ravdess,1e5rawcomp,stftmean,,statement_1,2,0.0019145001548926,0.0003559696951662,1,,,https://github.com/yashdave003/hierarchical-bayesian-model-validation/blob/main/results-audio/case-studies/ravdess/1e5rawcomp/stftmean/statement_1/plots/compare_cdf_pdf_layer_2.jpg
853,14554880.0,ravdess,1e5rawcomp,stftmean,,statement_1,3,0.0015817369061301,0.0003559696951662,1,,,https://github.com/yashdave003/hierarchical-bayesian-model-validation/blob/main/results-audio/case-studies/ravdess/1e5rawcomp/stftmean/statement_1/plots/compare_cdf_pdf_layer_3.jpg
854,14554880.0,ravdess,1e5rawcomp,stftmean,,statement_1,4,0.0036628238205778,0.0003559696951662,1,,,https://github.com/yashdave003/hierarchical-bayesian-model-validation/blob/main/results-audio/case-studies/ravdess/1e5rawcomp/stftmean/statement_1/plots/compare_cdf_pdf_layer_4.jpg
855,58219520.0,ravdess,1e5rawcomp,stftmean,,statement_1,5,0.002166043674489,0.0001779877111025,1,,,https://github.com/yashdave003/hierarchical-bayesian-model-validation/blob/main/results-audio/case-studies/ravdess/1e5rawcomp/stftmean/statement_1/plots/compare_cdf_pdf_layer_5.jpg
856,29109760.0,ravdess,1e5rawcomp,stftmean,,statement_1,6,0.0027495990565664,0.0002517109576565,1,,,https://github.com/yashdave003/hierarchical-bayesian-model-validation/blob/main/results-audio/case-studies/ravdess/1e5rawcomp/stftmean/statement_1/plots/compare_cdf_pdf_layer_6.jpg
857,29109760.0,ravdess,1e5rawcomp,stftmean,,statement_1,7,0.0026355689854961,0.0002517109576565,1,,,https://github.com/yashdave003/hierarchical-bayesian-model-validation/blob/main/results-audio/case-studies/ravdess/1e5rawcomp/stftmean/statement_1/plots/compare_cdf_pdf_layer_7.jpg
858,29109760.0,ravdess,1e5rawcomp,stftmean,,statement_1,8,0.003536758659383,0.0002517109576565,1,,,https://github.com/yashdave003/hierarchical-bayesian-model-validation/blob/main/results-audio/case-studies/ravdess/1e5rawcomp/stftmean/statement_1/plots/compare_cdf_pdf_layer_8.jpg
859,29564600.0,ravdess,1e5rawcomp,stftmean,,statement_1,9,0.0040754054989017,0.0002497672584916,1,,,https://github.com/yashdave003/hierarchical-bayesian-model-validation/blob/main/results-audio/case-studies/ravdess/1e5rawcomp/stftmean/statement_1/plots/compare_cdf_pdf_layer_9.jpg
860,14400832.0,ravdess,1e5rawcomp,stftmean,,statement_2,2,0.0019056674338618,0.0003578685014621,1,,,https://github.com/yashdave003/hierarchical-bayesian-model-validation/blob/main/results-audio/case-studies/ravdess/1e5rawcomp/stftmean/statement_2/plots/compare_cdf_pdf_layer_2.jpg
861,14400832.0,ravdess,1e5rawcomp,stftmean,,statement_2,3,0.0015247492916015,0.0003578685014621,1,,,https://github.com/yashdave003/hierarchical-bayesian-model-validation/blob/main/results-audio/case-studies/ravdess/1e5rawcomp/stftmean/statement_2/plots/compare_cdf_pdf_layer_3.jpg
862,14400832.0,ravdess,1e5rawcomp,stftmean,,statement_2,4,0.0026138089546282,0.0003578685014621,1,,,https://github.com/yashdave003/hierarchical-bayesian-model-validation/blob/main/results-audio/case-studies/ravdess/1e5rawcomp/stftmean/statement_2/plots/compare_cdf_pdf_layer_4.jpg
863,57603328.0,ravdess,1e5rawcomp,stftmean,,statement_2,5,0.006760823485331,0.0001789371448862,1,,,https://github.com/yashdave003/hierarchical-bayesian-model-validation/blob/main/results-audio/case-studies/ravdess/1e5rawcomp/stftmean/statement_2/plots/compare_cdf_pdf_layer_5.jpg
864,28801664.0,ravdess,1e5rawcomp,stftmean,,statement_2,6,0.0069548440821175,0.0002530536418455,1,,,https://github.com/yashdave003/hierarchical-bayesian-model-validation/blob/main/results-audio/case-studies/ravdess/1e5rawcomp/stftmean/statement_2/plots/compare_cdf_pdf_layer_6.jpg
865,28801664.0,ravdess,1e5rawcomp,stftmean,,statement_2,7,0.0071612828804768,0.0002530536418455,1,,,https://github.com/yashdave003/hierarchical-bayesian-model-validation/blob/main/results-audio/case-studies/ravdess/1e5rawcomp/stftmean/statement_2/plots/compare_cdf_pdf_layer_7.jpg
866,28801664.0,ravdess,1e5rawcomp,stftmean,,statement_2,8,0.0081945036635126,0.0002530536418455,1,,,https://github.com/yashdave003/hierarchical-bayesian-model-validation/blob/main/results-audio/case-studies/ravdess/1e5rawcomp/stftmean/statement_2/plots/compare_cdf_pdf_layer_8.jpg
867,29251690.0,ravdess,1e5rawcomp,stftmean,,statement_2,9,0.0070109038831379,0.0002510995747773,1,,,https://github.com/yashdave003/hierarchical-bayesian-model-validation/blob/main/results-audio/case-studies/ravdess/1e5rawcomp/stftmean/statement_2/plots/compare_cdf_pdf_layer_9.jpg
868,14450560.0,ravdess,1e5rawcomp,stftmean,,strong_intensity,2,0.0022277302088815,0.0003572522330892,1,,,https://github.com/yashdave003/hierarchical-bayesian-model-validation/blob/main/results-audio/case-studies/ravdess/1e5rawcomp/stftmean/strong_intensity/plots/compare_cdf_pdf_layer_2.jpg
869,14450560.0,ravdess,1e5rawcomp,stftmean,,strong_intensity,3,0.0016311509829618,0.0003572522330892,1,,,https://github.com/yashdave003/hierarchical-bayesian-model-validation/blob/main/results-audio/case-studies/ravdess/1e5rawcomp/stftmean/strong_intensity/plots/compare_cdf_pdf_layer_3.jpg
870,14450560.0,ravdess,1e5rawcomp,stftmean,,strong_intensity,4,0.004305004120309,0.0003572522330892,1,,,https://github.com/yashdave003/hierarchical-bayesian-model-validation/blob/main/results-audio/case-studies/ravdess/1e5rawcomp/stftmean/strong_intensity/plots/compare_cdf_pdf_layer_4.jpg
871,57802240.0,ravdess,1e5rawcomp,stftmean,,strong_intensity,5,0.0032869977692004,0.0001786290007388,1,,,https://github.com/yashdave003/hierarchical-bayesian-model-validation/blob/main/results-audio/case-studies/ravdess/1e5rawcomp/stftmean/strong_intensity/plots/compare_cdf_pdf_layer_5.jpg
872,28901120.0,ravdess,1e5rawcomp,stftmean,,strong_intensity,6,0.0043719315196741,0.0002526178660476,1,,,https://github.com/yashdave003/hierarchical-bayesian-model-validation/blob/main/results-audio/case-studies/ravdess/1e5rawcomp/stftmean/strong_intensity/plots/compare_cdf_pdf_layer_6.jpg
873,28901120.0,ravdess,1e5rawcomp,stftmean,,strong_intensity,7,0.0028454155426832,0.0002526178660476,1,,,https://github.com/yashdave003/hierarchical-bayesian-model-validation/blob/main/results-audio/case-studies/ravdess/1e5rawcomp/stftmean/strong_intensity/plots/compare_cdf_pdf_layer_7.jpg
874,28901120.0,ravdess,1e5rawcomp,stftmean,,strong_intensity,8,0.0030280288965905,0.0002526178660476,1,,,https://github.com/yashdave003/hierarchical-bayesian-model-validation/blob/main/results-audio/case-studies/ravdess/1e5rawcomp/stftmean/strong_intensity/plots/compare_cdf_pdf_layer_8.jpg
875,29352700.0,ravdess,1e5rawcomp,stftmean,,strong_intensity,9,0.0045000212584859,0.0002506671639412,1,,,https://github.com/yashdave003/hierarchical-bayesian-model-validation/blob/main/results-audio/case-studies/ravdess/1e5rawcomp/stftmean/strong_intensity/plots/compare_cdf_pdf_layer_9.jpg
876,58064760.0,ravdess,1e5rawim,cwt,,female,2,0.0019279530187036,0.0001782247447611,1,,,https://github.com/yashdave003/hierarchical-bayesian-model-validation/blob/main/results-audio/case-studies/ravdess/1e5rawim/cwt/female/plots/compare_cdf_pdf_layer_2.jpg
877,58064760.0,ravdess,1e5rawim,cwt,,female,5,0.0408770264044827,0.0001782247447611,1,,,https://github.com/yashdave003/hierarchical-bayesian-model-validation/blob/main/results-audio/case-studies/ravdess/1e5rawim/cwt/female/plots/compare_cdf_pdf_layer_5.jpg
878,58064760.0,ravdess,1e5rawim,cwt,,female,8,0.0223774123325906,0.0001782247447611,1,,,https://github.com/yashdave003/hierarchical-bayesian-model-validation/blob/main/results-audio/case-studies/ravdess/1e5rawim/cwt/female/plots/compare_cdf_pdf_layer_8.jpg
879,58064760.0,ravdess,1e5rawim,cwt,,female,11,0.0240916480234841,0.0001782247447611,1,,,https://github.com/yashdave003/hierarchical-bayesian-model-validation/blob/main/results-audio/case-studies/ravdess/1e5rawim/cwt/female/plots/compare_cdf_pdf_layer_11.jpg
880,58064760.0,ravdess,1e5rawim,cwt,,female,14,0.0156415004284912,0.0001782247447611,1,,,https://github.com/yashdave003/hierarchical-bayesian-model-validation/blob/main/results-audio/case-studies/ravdess/1e5rawim/cwt/female/plots/compare_cdf_pdf_layer_14.jpg
881,58064760.0,ravdess,1e5rawim,cwt,,female,18,0.0141015030356547,0.0001782247447611,1,,,https://github.com/yashdave003/hierarchical-bayesian-model-validation/blob/main/results-audio/case-studies/ravdess/1e5rawim/cwt/female/plots/compare_cdf_pdf_layer_18.jpg
882,58064760.0,ravdess,1e5rawim,cwt,,female,21,0.0129244289429381,0.0001782247447611,1,,,https://github.com/yashdave003/hierarchical-bayesian-model-validation/blob/main/results-audio/case-studies/ravdess/1e5rawim/cwt/female/plots/compare_cdf_pdf_layer_21.jpg
883,58064760.0,ravdess,1e5rawim,cwt,,female,24,0.0050445515685963,0.0001782247447611,1,,,https://github.com/yashdave003/hierarchical-bayesian-model-validation/blob/main/results-audio/case-studies/ravdess/1e5rawim/cwt/female/plots/compare_cdf_pdf_layer_24.jpg
884,58064760.0,ravdess,1e5rawim,cwt,,female,27,0.0082298892762849,0.0001782247447611,1,,,https://github.com/yashdave003/hierarchical-bayesian-model-validation/blob/main/results-audio/case-studies/ravdess/1e5rawim/cwt/female/plots/compare_cdf_pdf_layer_27.jpg
885,58064760.0,ravdess,1e5rawim,cwt,,female,31,0.0269721613481117,0.0001782247447611,1,,,https://github.com/yashdave003/hierarchical-bayesian-model-validation/blob/main/results-audio/case-studies/ravdess/1e5rawim/cwt/female/plots/compare_cdf_pdf_layer_31.jpg
886,57390260.0,ravdess,1e5rawim,cwt,,male,2,0.0320638790457294,0.0001792689942398,1,,,https://github.com/yashdave003/hierarchical-bayesian-model-validation/blob/main/results-audio/case-studies/ravdess/1e5rawim/cwt/male/plots/compare_cdf_pdf_layer_2.jpg
887,57390260.0,ravdess,1e5rawim,cwt,,male,5,0.0253009878154999,0.0001792689942398,1,,,https://github.com/yashdave003/hierarchical-bayesian-model-validation/blob/main/results-audio/case-studies/ravdess/1e5rawim/cwt/male/plots/compare_cdf_pdf_layer_5.jpg
888,57390260.0,ravdess,1e5rawim,cwt,,male,8,0.0227967160490185,0.0001792689942398,1,,,https://github.com/yashdave003/hierarchical-bayesian-model-validation/blob/main/results-audio/case-studies/ravdess/1e5rawim/cwt/male/plots/compare_cdf_pdf_layer_8.jpg
889,57390260.0,ravdess,1e5rawim,cwt,,male,11,0.0314700273467257,0.0001792689942398,1,,,https://github.com/yashdave003/hierarchical-bayesian-model-validation/blob/main/results-audio/case-studies/ravdess/1e5rawim/cwt/male/plots/compare_cdf_pdf_layer_11.jpg
890,57390260.0,ravdess,1e5rawim,cwt,,male,14,0.0189788202469731,0.0001792689942398,1,,,https://github.com/yashdave003/hierarchical-bayesian-model-validation/blob/main/results-audio/case-studies/ravdess/1e5rawim/cwt/male/plots/compare_cdf_pdf_layer_14.jpg
891,57390260.0,ravdess,1e5rawim,cwt,,male,18,0.015559949888821,0.0001792689942398,1,,,https://github.com/yashdave003/hierarchical-bayesian-model-validation/blob/main/results-audio/case-studies/ravdess/1e5rawim/cwt/male/plots/compare_cdf_pdf_layer_18.jpg
892,57390260.0,ravdess,1e5rawim,cwt,,male,21,0.0125656792306727,0.0001792689942398,1,,,https://github.com/yashdave003/hierarchical-bayesian-model-validation/blob/main/results-audio/case-studies/ravdess/1e5rawim/cwt/male/plots/compare_cdf_pdf_layer_21.jpg
893,57390260.0,ravdess,1e5rawim,cwt,,male,24,0.0056658114805505,0.0001792689942398,1,,,https://github.com/yashdave003/hierarchical-bayesian-model-validation/blob/main/results-audio/case-studies/ravdess/1e5rawim/cwt/male/plots/compare_cdf_pdf_layer_24.jpg
894,57390260.0,ravdess,1e5rawim,cwt,,male,27,0.0122726951687714,0.0001792689942398,1,,,https://github.com/yashdave003/hierarchical-bayesian-model-validation/blob/main/results-audio/case-studies/ravdess/1e5rawim/cwt/male/plots/compare_cdf_pdf_layer_27.jpg
895,57390260.0,ravdess,1e5rawim,cwt,,male,31,0.0316550193456666,0.0001792689942398,1,,,https://github.com/yashdave003/hierarchical-bayesian-model-validation/blob/main/results-audio/case-studies/ravdess/1e5rawim/cwt/male/plots/compare_cdf_pdf_layer_31.jpg
896,57824238.0,ravdess,1e5rawim,cwt,,normal_intensity,2,0.0315796708283622,0.0001785950202555,1,,,https://github.com/yashdave003/hierarchical-bayesian-model-validation/blob/main/results-audio/case-studies/ravdess/1e5rawim/cwt/normal_intensity/plots/compare_cdf_pdf_layer_2.jpg
897,57824238.0,ravdess,1e5rawim,cwt,,normal_intensity,5,0.0266803618675762,0.0001785950202555,1,,,https://github.com/yashdave003/hierarchical-bayesian-model-validation/blob/main/results-audio/case-studies/ravdess/1e5rawim/cwt/normal_intensity/plots/compare_cdf_pdf_layer_5.jpg
898,57824238.0,ravdess,1e5rawim,cwt,,normal_intensity,8,0.019446611523617,0.0001785950202555,1,,,https://github.com/yashdave003/hierarchical-bayesian-model-validation/blob/main/results-audio/case-studies/ravdess/1e5rawim/cwt/normal_intensity/plots/compare_cdf_pdf_layer_8.jpg
899,57824238.0,ravdess,1e5rawim,cwt,,normal_intensity,11,0.0282833610033779,0.0001785950202555,1,,,https://github.com/yashdave003/hierarchical-bayesian-model-validation/blob/main/results-audio/case-studies/ravdess/1e5rawim/cwt/normal_intensity/plots/compare_cdf_pdf_layer_11.jpg
900,57824238.0,ravdess,1e5rawim,cwt,,normal_intensity,14,0.0166719728602927,0.0001785950202555,1,,,https://github.com/yashdave003/hierarchical-bayesian-model-validation/blob/main/results-audio/case-studies/ravdess/1e5rawim/cwt/normal_intensity/plots/compare_cdf_pdf_layer_14.jpg
901,57824238.0,ravdess,1e5rawim,cwt,,normal_intensity,18,0.0133628010925092,0.0001785950202555,1,,,https://github.com/yashdave003/hierarchical-bayesian-model-validation/blob/main/results-audio/case-studies/ravdess/1e5rawim/cwt/normal_intensity/plots/compare_cdf_pdf_layer_18.jpg
902,57824238.0,ravdess,1e5rawim,cwt,,normal_intensity,21,0.0088946046549464,0.0001785950202555,1,,,https://github.com/yashdave003/hierarchical-bayesian-model-validation/blob/main/results-audio/case-studies/ravdess/1e5rawim/cwt/normal_intensity/plots/compare_cdf_pdf_layer_21.jpg
903,57824238.0,ravdess,1e5rawim,cwt,,normal_intensity,24,0.0077661693556248,0.0001785950202555,1,,,https://github.com/yashdave003/hierarchical-bayesian-model-validation/blob/main/results-audio/case-studies/ravdess/1e5rawim/cwt/normal_intensity/plots/compare_cdf_pdf_layer_24.jpg
904,57824238.0,ravdess,1e5rawim,cwt,,normal_intensity,27,0.0121869086468133,0.0001785950202555,1,,,https://github.com/yashdave003/hierarchical-bayesian-model-validation/blob/main/results-audio/case-studies/ravdess/1e5rawim/cwt/normal_intensity/plots/compare_cdf_pdf_layer_27.jpg
905,57824238.0,ravdess,1e5rawim,cwt,,normal_intensity,31,0.0338691827385503,0.0001785950202555,1,,,https://github.com/yashdave003/hierarchical-bayesian-model-validation/blob/main/results-audio/case-studies/ravdess/1e5rawim/cwt/normal_intensity/plots/compare_cdf_pdf_layer_31.jpg
906,58035773.0,ravdess,1e5rawim,cwt,,statement_1,2,0.0198654252918558,0.0001782692472486,1,,,https://github.com/yashdave003/hierarchical-bayesian-model-validation/blob/main/results-audio/case-studies/ravdess/1e5rawim/cwt/statement_1/plots/compare_cdf_pdf_layer_2.jpg
907,58035773.0,ravdess,1e5rawim,cwt,,statement_1,5,0.0340900899753255,0.0001782692472486,1,,,https://github.com/yashdave003/hierarchical-bayesian-model-validation/blob/main/results-audio/case-studies/ravdess/1e5rawim/cwt/statement_1/plots/compare_cdf_pdf_layer_5.jpg
908,58035773.0,ravdess,1e5rawim,cwt,,statement_1,8,0.0223909421111109,0.0001782692472486,1,,,https://github.com/yashdave003/hierarchical-bayesian-model-validation/blob/main/results-audio/case-studies/ravdess/1e5rawim/cwt/statement_1/plots/compare_cdf_pdf_layer_8.jpg
909,58035773.0,ravdess,1e5rawim,cwt,,statement_1,11,0.0262157097305197,0.0001782692472486,1,,,https://github.com/yashdave003/hierarchical-bayesian-model-validation/blob/main/results-audio/case-studies/ravdess/1e5rawim/cwt/statement_1/plots/compare_cdf_pdf_layer_11.jpg
910,58035773.0,ravdess,1e5rawim,cwt,,statement_1,14,0.0179099360476137,0.0001782692472486,1,,,https://github.com/yashdave003/hierarchical-bayesian-model-validation/blob/main/results-audio/case-studies/ravdess/1e5rawim/cwt/statement_1/plots/compare_cdf_pdf_layer_14.jpg
911,58035773.0,ravdess,1e5rawim,cwt,,statement_1,18,0.0141582278068139,0.0001782692472486,1,,,https://github.com/yashdave003/hierarchical-bayesian-model-validation/blob/main/results-audio/case-studies/ravdess/1e5rawim/cwt/statement_1/plots/compare_cdf_pdf_layer_18.jpg
912,58035773.0,ravdess,1e5rawim,cwt,,statement_1,21,0.0141510452519285,0.0001782692472486,1,,,https://github.com/yashdave003/hierarchical-bayesian-model-validation/blob/main/results-audio/case-studies/ravdess/1e5rawim/cwt/statement_1/plots/compare_cdf_pdf_layer_21.jpg
913,58035773.0,ravdess,1e5rawim,cwt,,statement_1,24,0.0048958743685804,0.0001782692472486,1,,,https://github.com/yashdave003/hierarchical-bayesian-model-validation/blob/main/results-audio/case-studies/ravdess/1e5rawim/cwt/statement_1/plots/compare_cdf_pdf_layer_24.jpg
914,58035773.0,ravdess,1e5rawim,cwt,,statement_1,27,0.0115842337761115,0.0001782692472486,1,,,https://github.com/yashdave003/hierarchical-bayesian-model-validation/blob/main/results-audio/case-studies/ravdess/1e5rawim/cwt/statement_1/plots/compare_cdf_pdf_layer_27.jpg
915,58035773.0,ravdess,1e5rawim,cwt,,statement_1,31,0.0302643374366795,0.0001782692472486,1,,,https://github.com/yashdave003/hierarchical-bayesian-model-validation/blob/main/results-audio/case-studies/ravdess/1e5rawim/cwt/statement_1/plots/compare_cdf_pdf_layer_31.jpg
916,57419247.0,ravdess,1e5rawim,cwt,,statement_2,2,0.0216209914320421,0.0001792237390124,1,,,https://github.com/yashdave003/hierarchical-bayesian-model-validation/blob/main/results-audio/case-studies/ravdess/1e5rawim/cwt/statement_2/plots/compare_cdf_pdf_layer_2.jpg
917,57419247.0,ravdess,1e5rawim,cwt,,statement_2,5,0.0316933809337053,0.0001792237390124,1,,,https://github.com/yashdave003/hierarchical-bayesian-model-validation/blob/main/results-audio/case-studies/ravdess/1e5rawim/cwt/statement_2/plots/compare_cdf_pdf_layer_5.jpg
918,57419247.0,ravdess,1e5rawim,cwt,,statement_2,8,0.0232138075099712,0.0001792237390124,1,,,https://github.com/yashdave003/hierarchical-bayesian-model-validation/blob/main/results-audio/case-studies/ravdess/1e5rawim/cwt/statement_2/plots/compare_cdf_pdf_layer_8.jpg
919,57419247.0,ravdess,1e5rawim,cwt,,statement_2,11,0.0302273385134897,0.0001792237390124,1,,,https://github.com/yashdave003/hierarchical-bayesian-model-validation/blob/main/results-audio/case-studies/ravdess/1e5rawim/cwt/statement_2/plots/compare_cdf_pdf_layer_11.jpg
920,57419247.0,ravdess,1e5rawim,cwt,,statement_2,14,0.0170620570219978,0.0001792237390124,1,,,https://github.com/yashdave003/hierarchical-bayesian-model-validation/blob/main/results-audio/case-studies/ravdess/1e5rawim/cwt/statement_2/plots/compare_cdf_pdf_layer_14.jpg
921,57419247.0,ravdess,1e5rawim,cwt,,statement_2,18,0.0150564030379441,0.0001792237390124,1,,,https://github.com/yashdave003/hierarchical-bayesian-model-validation/blob/main/results-audio/case-studies/ravdess/1e5rawim/cwt/statement_2/plots/compare_cdf_pdf_layer_18.jpg
922,57419247.0,ravdess,1e5rawim,cwt,,statement_2,21,0.0113273059663167,0.0001792237390124,1,,,https://github.com/yashdave003/hierarchical-bayesian-model-validation/blob/main/results-audio/case-studies/ravdess/1e5rawim/cwt/statement_2/plots/compare_cdf_pdf_layer_21.jpg
923,57419247.0,ravdess,1e5rawim,cwt,,statement_2,24,0.0071430760844601,0.0001792237390124,1,,,https://github.com/yashdave003/hierarchical-bayesian-model-validation/blob/main/results-audio/case-studies/ravdess/1e5rawim/cwt/statement_2/plots/compare_cdf_pdf_layer_24.jpg
924,57419247.0,ravdess,1e5rawim,cwt,,statement_2,27,0.009622714842566,0.0001792237390124,1,,,https://github.com/yashdave003/hierarchical-bayesian-model-validation/blob/main/results-audio/case-studies/ravdess/1e5rawim/cwt/statement_2/plots/compare_cdf_pdf_layer_27.jpg
925,57419247.0,ravdess,1e5rawim,cwt,,statement_2,31,0.028314606869104,0.0001792237390124,1,,,https://github.com/yashdave003/hierarchical-bayesian-model-validation/blob/main/results-audio/case-studies/ravdess/1e5rawim/cwt/statement_2/plots/compare_cdf_pdf_layer_31.jpg
926,57630782.0,ravdess,1e5rawim,cwt,,strong_intensity,2,0.0110796330316342,0.0001788945196956,1,,,https://github.com/yashdave003/hierarchical-bayesian-model-validation/blob/main/results-audio/case-studies/ravdess/1e5rawim/cwt/strong_intensity/plots/compare_cdf_pdf_layer_2.jpg
927,57630782.0,ravdess,1e5rawim,cwt,,strong_intensity,5,0.0335953124361765,0.0001788945196956,1,,,https://github.com/yashdave003/hierarchical-bayesian-model-validation/blob/main/results-audio/case-studies/ravdess/1e5rawim/cwt/strong_intensity/plots/compare_cdf_pdf_layer_5.jpg
928,57630782.0,ravdess,1e5rawim,cwt,,strong_intensity,8,0.0246628725512017,0.0001788945196956,1,,,https://github.com/yashdave003/hierarchical-bayesian-model-validation/blob/main/results-audio/case-studies/ravdess/1e5rawim/cwt/strong_intensity/plots/compare_cdf_pdf_layer_8.jpg
929,57630782.0,ravdess,1e5rawim,cwt,,strong_intensity,11,0.0279199909991532,0.0001788945196956,1,,,https://github.com/yashdave003/hierarchical-bayesian-model-validation/blob/main/results-audio/case-studies/ravdess/1e5rawim/cwt/strong_intensity/plots/compare_cdf_pdf_layer_11.jpg
930,57630782.0,ravdess,1e5rawim,cwt,,strong_intensity,14,0.0190214610276589,0.0001788945196956,1,,,https://github.com/yashdave003/hierarchical-bayesian-model-validation/blob/main/results-audio/case-studies/ravdess/1e5rawim/cwt/strong_intensity/plots/compare_cdf_pdf_layer_14.jpg
931,57630782.0,ravdess,1e5rawim,cwt,,strong_intensity,18,0.0173167241406558,0.0001788945196956,1,,,https://github.com/yashdave003/hierarchical-bayesian-model-validation/blob/main/results-audio/case-studies/ravdess/1e5rawim/cwt/strong_intensity/plots/compare_cdf_pdf_layer_18.jpg
932,57630782.0,ravdess,1e5rawim,cwt,,strong_intensity,21,0.0150626585560315,0.0001788945196956,1,,,https://github.com/yashdave003/hierarchical-bayesian-model-validation/blob/main/results-audio/case-studies/ravdess/1e5rawim/cwt/strong_intensity/plots/compare_cdf_pdf_layer_21.jpg
933,57630782.0,ravdess,1e5rawim,cwt,,strong_intensity,24,0.0053798079171029,0.0001788945196956,1,,,https://github.com/yashdave003/hierarchical-bayesian-model-validation/blob/main/results-audio/case-studies/ravdess/1e5rawim/cwt/strong_intensity/plots/compare_cdf_pdf_layer_24.jpg
934,57630782.0,ravdess,1e5rawim,cwt,,strong_intensity,27,0.008459774054821,0.0001788945196956,1,,,https://github.com/yashdave003/hierarchical-bayesian-model-validation/blob/main/results-audio/case-studies/ravdess/1e5rawim/cwt/strong_intensity/plots/compare_cdf_pdf_layer_27.jpg
935,57630782.0,ravdess,1e5rawim,cwt,,strong_intensity,31,0.0249920055021189,0.0001788945196956,1,,,https://github.com/yashdave003/hierarchical-bayesian-model-validation/blob/main/results-audio/case-studies/ravdess/1e5rawim/cwt/strong_intensity/plots/compare_cdf_pdf_layer_31.jpg
936,99231.0,ravdess,1e5rawim,erb,,female,2,0.0018972299274759,0.0043096105765566,1,,,https://github.com/yashdave003/hierarchical-bayesian-model-validation/blob/main/results-audio/case-studies/ravdess/1e5rawim/erb/female/plots/compare_cdf_pdf_layer_2.jpg
937,110499.0,ravdess,1e5rawim,erb,,female,3,0.0013646207030104,0.0040840536522866,1,,,https://github.com/yashdave003/hierarchical-bayesian-model-validation/blob/main/results-audio/case-studies/ravdess/1e5rawim/erb/female/plots/compare_cdf_pdf_layer_3.jpg
938,1094491.0,ravdess,1e5rawim,erb,,female,5,0.0135382756030442,0.0012979986334043,1,,,https://github.com/yashdave003/hierarchical-bayesian-model-validation/blob/main/results-audio/case-studies/ravdess/1e5rawim/erb/female/plots/compare_cdf_pdf_layer_5.jpg
939,552872.0,ravdess,1e5rawim,erb,,female,6,0.0105305860518723,0.0018261954816995,1,,,https://github.com/yashdave003/hierarchical-bayesian-model-validation/blob/main/results-audio/case-studies/ravdess/1e5rawim/erb/female/plots/compare_cdf_pdf_layer_6.jpg
940,3583528.0,ravdess,1e5rawim,erb,,female,8,0.001911838895405,0.0007173774933806,1,,,https://github.com/yashdave003/hierarchical-bayesian-model-validation/blob/main/results-audio/case-studies/ravdess/1e5rawim/erb/female/plots/compare_cdf_pdf_layer_8.jpg
941,5376893.0,ravdess,1e5rawim,erb,,female,9,0.0033629569747927,0.0005856560376944,1,,,https://github.com/yashdave003/hierarchical-bayesian-model-validation/blob/main/results-audio/case-studies/ravdess/1e5rawim/erb/female/plots/compare_cdf_pdf_layer_9.jpg
942,6813712.0,ravdess,1e5rawim,erb,,female,11,0.0055891350661729,0.00052025828356,1,,,https://github.com/yashdave003/hierarchical-bayesian-model-validation/blob/main/results-audio/case-studies/ravdess/1e5rawim/erb/female/plots/compare_cdf_pdf_layer_11.jpg
943,22438943.0,ravdess,1e5rawim,erb,,female,12,0.0047691921712197,0.0002866941711949,1,,,https://github.com/yashdave003/hierarchical-bayesian-model-validation/blob/main/results-audio/case-studies/ravdess/1e5rawim/erb/female/plots/compare_cdf_pdf_layer_12.jpg
944,12633705.0,ravdess,1e5rawim,erb,,female,14,0.0060954503904573,0.0003820770485604,1,,,https://github.com/yashdave003/hierarchical-bayesian-model-validation/blob/main/results-audio/case-studies/ravdess/1e5rawim/erb/female/plots/compare_cdf_pdf_layer_14.jpg
945,8261428.0,ravdess,1e5rawim,erb,,female,16,0.0072149867633144,0.0004724819317982,1,,,https://github.com/yashdave003/hierarchical-bayesian-model-validation/blob/main/results-audio/case-studies/ravdess/1e5rawim/erb/female/plots/compare_cdf_pdf_layer_16.jpg
946,98098.0,ravdess,1e5rawim,erb,,male,2,0.0027528518617094,0.0043344166582195,1,,,https://github.com/yashdave003/hierarchical-bayesian-model-validation/blob/main/results-audio/case-studies/ravdess/1e5rawim/erb/male/plots/compare_cdf_pdf_layer_2.jpg
947,109212.0,ravdess,1e5rawim,erb,,male,3,0.0137173487275789,0.0041080383208552,1,,,https://github.com/yashdave003/hierarchical-bayesian-model-validation/blob/main/results-audio/case-studies/ravdess/1e5rawim/erb/male/plots/compare_cdf_pdf_layer_3.jpg
948,1081864.0,ravdess,1e5rawim,erb,,male,5,0.0044129004029853,0.0013055505767447,1,,,https://github.com/yashdave003/hierarchical-bayesian-model-validation/blob/main/results-audio/case-studies/ravdess/1e5rawim/erb/male/plots/compare_cdf_pdf_layer_5.jpg
949,546468.0,ravdess,1e5rawim,erb,,male,6,0.0085633722178907,0.001836863034389,1,,,https://github.com/yashdave003/hierarchical-bayesian-model-validation/blob/main/results-audio/case-studies/ravdess/1e5rawim/erb/male/plots/compare_cdf_pdf_layer_6.jpg
950,3541926.0,ravdess,1e5rawim,erb,,male,8,0.0019703464086557,0.0007215779301782,1,,,https://github.com/yashdave003/hierarchical-bayesian-model-validation/blob/main/results-audio/case-studies/ravdess/1e5rawim/erb/male/plots/compare_cdf_pdf_layer_8.jpg
951,5314425.0,ravdess,1e5rawim,erb,,male,9,0.001896165898893,0.0005890878235667,1,,,https://github.com/yashdave003/hierarchical-bayesian-model-validation/blob/main/results-audio/case-studies/ravdess/1e5rawim/erb/male/plots/compare_cdf_pdf_layer_9.jpg
952,6734585.0,ravdess,1e5rawim,erb,,male,11,0.0049271902760332,0.0005233055626697,1,,,https://github.com/yashdave003/hierarchical-bayesian-model-validation/blob/main/results-audio/case-studies/ravdess/1e5rawim/erb/male/plots/compare_cdf_pdf_layer_11.jpg
953,22178309.0,ravdess,1e5rawim,erb,,male,12,0.0045595092434138,0.0002883737865725,1,,,https://github.com/yashdave003/hierarchical-bayesian-model-validation/blob/main/results-audio/case-studies/ravdess/1e5rawim/erb/male/plots/compare_cdf_pdf_layer_12.jpg
954,12486961.0,ravdess,1e5rawim,erb,,male,14,0.0062849085093379,0.0003843154558759,1,,,https://github.com/yashdave003/hierarchical-bayesian-model-validation/blob/main/results-audio/case-studies/ravdess/1e5rawim/erb/male/plots/compare_cdf_pdf_layer_14.jpg
955,8165465.0,ravdess,1e5rawim,erb,,male,16,0.0078225782523437,0.0004752500781012,1,,,https://github.com/yashdave003/hierarchical-bayesian-model-validation/blob/main/results-audio/case-studies/ravdess/1e5rawim/erb/male/plots/compare_cdf_pdf_layer_16.jpg
956,98856.0,ravdess,1e5rawim,erb,,normal_intensity,2,0.0018882326616495,0.0043177736672247,1,,,https://github.com/yashdave003/hierarchical-bayesian-model-validation/blob/main/results-audio/case-studies/ravdess/1e5rawim/erb/normal_intensity/plots/compare_cdf_pdf_layer_2.jpg
957,110055.0,ravdess,1e5rawim,erb,,normal_intensity,3,0.017166896347193,0.0040922805452607,1,,,https://github.com/yashdave003/hierarchical-bayesian-model-validation/blob/main/results-audio/case-studies/ravdess/1e5rawim/erb/normal_intensity/plots/compare_cdf_pdf_layer_3.jpg
958,1090100.0,ravdess,1e5rawim,erb,,normal_intensity,5,0.0079016386102007,0.0013006099139274,1,,,https://github.com/yashdave003/hierarchical-bayesian-model-validation/blob/main/results-audio/case-studies/ravdess/1e5rawim/erb/normal_intensity/plots/compare_cdf_pdf_layer_5.jpg
959,550640.0,ravdess,1e5rawim,erb,,normal_intensity,6,0.0098457215547547,0.0018298923356427,1,,,https://github.com/yashdave003/hierarchical-bayesian-model-validation/blob/main/results-audio/case-studies/ravdess/1e5rawim/erb/normal_intensity/plots/compare_cdf_pdf_layer_6.jpg
960,3568842.0,ravdess,1e5rawim,erb,,normal_intensity,8,0.0018979919750028,0.0007188519079682,1,,,https://github.com/yashdave003/hierarchical-bayesian-model-validation/blob/main/results-audio/case-studies/ravdess/1e5rawim/erb/normal_intensity/plots/compare_cdf_pdf_layer_8.jpg
961,5354720.0,ravdess,1e5rawim,erb,,normal_intensity,9,0.0043208655523171,0.000586867272615,1,,,https://github.com/yashdave003/hierarchical-bayesian-model-validation/blob/main/results-audio/case-studies/ravdess/1e5rawim/erb/normal_intensity/plots/compare_cdf_pdf_layer_9.jpg
962,6785573.0,ravdess,1e5rawim,erb,,normal_intensity,11,0.006657632447766,0.0005213358427224,1,,,https://github.com/yashdave003/hierarchical-bayesian-model-validation/blob/main/results-audio/case-studies/ravdess/1e5rawim/erb/normal_intensity/plots/compare_cdf_pdf_layer_11.jpg
963,22346151.0,ravdess,1e5rawim,erb,,normal_intensity,12,0.0084582986866715,0.0002872887853533,1,,,https://github.com/yashdave003/hierarchical-bayesian-model-validation/blob/main/results-audio/case-studies/ravdess/1e5rawim/erb/normal_intensity/plots/compare_cdf_pdf_layer_12.jpg
964,12581431.0,ravdess,1e5rawim,erb,,normal_intensity,14,0.009876488326734,0.0003828699353997,1,,,https://github.com/yashdave003/hierarchical-bayesian-model-validation/blob/main/results-audio/case-studies/ravdess/1e5rawim/erb/normal_intensity/plots/compare_cdf_pdf_layer_14.jpg
965,8227229.0,ravdess,1e5rawim,erb,,normal_intensity,16,0.0127748131403536,0.0004734628794272,1,,,https://github.com/yashdave003/hierarchical-bayesian-model-validation/blob/main/results-audio/case-studies/ravdess/1e5rawim/erb/normal_intensity/plots/compare_cdf_pdf_layer_16.jpg
966,99186.0,ravdess,1e5rawim,erb,,statement_1,2,0.0022136669648303,0.0043105877031551,1,,,https://github.com/yashdave003/hierarchical-bayesian-model-validation/blob/main/results-audio/case-studies/ravdess/1e5rawim/erb/statement_1/plots/compare_cdf_pdf_layer_2.jpg
967,110431.0,ravdess,1e5rawim,erb,,statement_1,3,0.0139309180300545,0.0040853104094245,1,,,https://github.com/yashdave003/hierarchical-bayesian-model-validation/blob/main/results-audio/case-studies/ravdess/1e5rawim/erb/statement_1/plots/compare_cdf_pdf_layer_3.jpg
968,1093994.0,ravdess,1e5rawim,erb,,statement_1,5,0.0084858078629411,0.0012982934048004,1,,,https://github.com/yashdave003/hierarchical-bayesian-model-validation/blob/main/results-audio/case-studies/ravdess/1e5rawim/erb/statement_1/plots/compare_cdf_pdf_layer_5.jpg
969,552599.0,ravdess,1e5rawim,erb,,statement_1,6,0.0087767600819151,0.0018266464482627,1,,,https://github.com/yashdave003/hierarchical-bayesian-model-validation/blob/main/results-audio/case-studies/ravdess/1e5rawim/erb/statement_1/plots/compare_cdf_pdf_layer_6.jpg
970,3581736.0,ravdess,1e5rawim,erb,,statement_1,8,0.0014212554561375,0.0007175569170312,1,,,https://github.com/yashdave003/hierarchical-bayesian-model-validation/blob/main/results-audio/case-studies/ravdess/1e5rawim/erb/statement_1/plots/compare_cdf_pdf_layer_8.jpg
971,5374189.0,ravdess,1e5rawim,erb,,statement_1,9,0.0031187063112321,0.0005858033465165,1,,,https://github.com/yashdave003/hierarchical-bayesian-model-validation/blob/main/results-audio/case-studies/ravdess/1e5rawim/erb/statement_1/plots/compare_cdf_pdf_layer_9.jpg
972,6810311.0,ravdess,1e5rawim,erb,,statement_1,11,0.0041722607944865,0.0005203881670798,1,,,https://github.com/yashdave003/hierarchical-bayesian-model-validation/blob/main/results-audio/case-studies/ravdess/1e5rawim/erb/statement_1/plots/compare_cdf_pdf_layer_11.jpg
973,22427727.0,ravdess,1e5rawim,erb,,statement_1,12,0.0016241416406296,0.0002867658475748,1,,,https://github.com/yashdave003/hierarchical-bayesian-model-validation/blob/main/results-audio/case-studies/ravdess/1e5rawim/erb/statement_1/plots/compare_cdf_pdf_layer_12.jpg
974,12627411.0,ravdess,1e5rawim,erb,,statement_1,14,0.0034395477926794,0.0003821722545485,1,,,https://github.com/yashdave003/hierarchical-bayesian-model-validation/blob/main/results-audio/case-studies/ravdess/1e5rawim/erb/statement_1/plots/compare_cdf_pdf_layer_14.jpg
975,8257312.0,ravdess,1e5rawim,erb,,statement_1,16,0.0048166165152911,0.0004725996704919,1,,,https://github.com/yashdave003/hierarchical-bayesian-model-validation/blob/main/results-audio/case-studies/ravdess/1e5rawim/erb/statement_1/plots/compare_cdf_pdf_layer_16.jpg
976,98143.0,ravdess,1e5rawim,erb,,statement_2,2,0.0016153989074745,0.0043334232387971,1,,,https://github.com/yashdave003/hierarchical-bayesian-model-validation/blob/main/results-audio/case-studies/ravdess/1e5rawim/erb/statement_2/plots/compare_cdf_pdf_layer_2.jpg
977,109280.0,ravdess,1e5rawim,erb,,statement_2,3,0.0140594155724808,0.0041067604755173,1,,,https://github.com/yashdave003/hierarchical-bayesian-model-validation/blob/main/results-audio/case-studies/ravdess/1e5rawim/erb/statement_2/plots/compare_cdf_pdf_layer_3.jpg
978,1082361.0,ravdess,1e5rawim,erb,,statement_2,5,0.0092402129580265,0.0013052508354941,1,,,https://github.com/yashdave003/hierarchical-bayesian-model-validation/blob/main/results-audio/case-studies/ravdess/1e5rawim/erb/statement_2/plots/compare_cdf_pdf_layer_5.jpg
979,546741.0,ravdess,1e5rawim,erb,,statement_2,6,0.0109070140171055,0.0018364044600255,1,,,https://github.com/yashdave003/hierarchical-bayesian-model-validation/blob/main/results-audio/case-studies/ravdess/1e5rawim/erb/statement_2/plots/compare_cdf_pdf_layer_6.jpg
980,3543718.0,ravdess,1e5rawim,erb,,statement_2,8,0.001681581422958,0.0007213954739575,1,,,https://github.com/yashdave003/hierarchical-bayesian-model-validation/blob/main/results-audio/case-studies/ravdess/1e5rawim/erb/statement_2/plots/compare_cdf_pdf_layer_8.jpg
981,5317129.0,ravdess,1e5rawim,erb,,statement_2,9,0.0025899300380937,0.0005889380236277,1,,,https://github.com/yashdave003/hierarchical-bayesian-model-validation/blob/main/results-audio/case-studies/ravdess/1e5rawim/erb/statement_2/plots/compare_cdf_pdf_layer_9.jpg
982,6737986.0,ravdess,1e5rawim,erb,,statement_2,11,0.0060351018723494,0.0005231734829461,1,,,https://github.com/yashdave003/hierarchical-bayesian-model-validation/blob/main/results-audio/case-studies/ravdess/1e5rawim/erb/statement_2/plots/compare_cdf_pdf_layer_11.jpg
983,22189525.0,ravdess,1e5rawim,erb,,statement_2,12,0.0077075792414848,0.0002883008980157,1,,,https://github.com/yashdave003/hierarchical-bayesian-model-validation/blob/main/results-audio/case-studies/ravdess/1e5rawim/erb/statement_2/plots/compare_cdf_pdf_layer_12.jpg
984,12493255.0,ravdess,1e5rawim,erb,,statement_2,14,0.0085448859671565,0.0003842186395466,1,,,https://github.com/yashdave003/hierarchical-bayesian-model-validation/blob/main/results-audio/case-studies/ravdess/1e5rawim/erb/statement_2/plots/compare_cdf_pdf_layer_14.jpg
985,8169581.0,ravdess,1e5rawim,erb,,statement_2,16,0.0099049325786887,0.0004751303478651,1,,,https://github.com/yashdave003/hierarchical-bayesian-model-validation/blob/main/results-audio/case-studies/ravdess/1e5rawim/erb/statement_2/plots/compare_cdf_pdf_layer_16.jpg
986,98473.0,ravdess,1e5rawim,erb,,strong_intensity,2,0.0029237915946348,0.0043261589769959,1,,,https://github.com/yashdave003/hierarchical-bayesian-model-validation/blob/main/results-audio/case-studies/ravdess/1e5rawim/erb/strong_intensity/plots/compare_cdf_pdf_layer_2.jpg
987,109656.0,ravdess,1e5rawim,erb,,strong_intensity,3,0.0100756745093358,0.0040997162075266,1,,,https://github.com/yashdave003/hierarchical-bayesian-model-validation/blob/main/results-audio/case-studies/ravdess/1e5rawim/erb/strong_intensity/plots/compare_cdf_pdf_layer_3.jpg
988,1086255.0,ravdess,1e5rawim,erb,,strong_intensity,5,0.0098102836331044,0.0013029094837346,1,,,https://github.com/yashdave003/hierarchical-bayesian-model-validation/blob/main/results-audio/case-studies/ravdess/1e5rawim/erb/strong_intensity/plots/compare_cdf_pdf_layer_5.jpg
989,548700.0,ravdess,1e5rawim,erb,,strong_intensity,6,0.0102535795239904,0.0018331238555762,1,,,https://github.com/yashdave003/hierarchical-bayesian-model-validation/blob/main/results-audio/case-studies/ravdess/1e5rawim/erb/strong_intensity/plots/compare_cdf_pdf_layer_6.jpg
990,3556612.0,ravdess,1e5rawim,erb,,strong_intensity,8,0.0024909692755151,0.0007200867125983,1,,,https://github.com/yashdave003/hierarchical-bayesian-model-validation/blob/main/results-audio/case-studies/ravdess/1e5rawim/erb/strong_intensity/plots/compare_cdf_pdf_layer_8.jpg
991,5336598.0,ravdess,1e5rawim,erb,,strong_intensity,9,0.0022186121681883,0.000587862816067,1,,,https://github.com/yashdave003/hierarchical-bayesian-model-validation/blob/main/results-audio/case-studies/ravdess/1e5rawim/erb/strong_intensity/plots/compare_cdf_pdf_layer_9.jpg
992,6762724.0,ravdess,1e5rawim,erb,,strong_intensity,11,0.0032194044061896,0.0005222157689152,1,,,https://github.com/yashdave003/hierarchical-bayesian-model-validation/blob/main/results-audio/case-studies/ravdess/1e5rawim/erb/strong_intensity/plots/compare_cdf_pdf_layer_11.jpg
993,22271101.0,ravdess,1e5rawim,erb,,strong_intensity,12,0.0028880312029982,0.0002877724239755,1,,,https://github.com/yashdave003/hierarchical-bayesian-model-validation/blob/main/results-audio/case-studies/ravdess/1e5rawim/erb/strong_intensity/plots/compare_cdf_pdf_layer_12.jpg
994,12539235.0,ravdess,1e5rawim,erb,,strong_intensity,14,0.0030441801682846,0.0003835135732131,1,,,https://github.com/yashdave003/hierarchical-bayesian-model-validation/blob/main/results-audio/case-studies/ravdess/1e5rawim/erb/strong_intensity/plots/compare_cdf_pdf_layer_14.jpg
995,8199664.0,ravdess,1e5rawim,erb,,strong_intensity,16,0.0061121474910589,0.0004742580031696,1,,,https://github.com/yashdave003/hierarchical-bayesian-model-validation/blob/main/results-audio/case-studies/ravdess/1e5rawim/erb/strong_intensity/plots/compare_cdf_pdf_layer_16.jpg
996,720.0,ravdess,1e5rawim,fft,,female,2,0.0099860442728768,0.0503758449430035,1,,,https://github.com/yashdave003/hierarchical-bayesian-model-validation/blob/main/results-audio/case-studies/ravdess/1e5rawim/fft/female/plots/compare_cdf_pdf_layer_2.jpg
997,7200.0,ravdess,1e5rawim,fft,,female,5,0.007941785226269,0.0159820064737149,1,,,https://github.com/yashdave003/hierarchical-bayesian-model-validation/blob/main/results-audio/case-studies/ravdess/1e5rawim/fft/female/plots/compare_cdf_pdf_layer_5.jpg
998,13680.0,ravdess,1e5rawim,fft,,female,8,0.0045708234466777,0.0115992420290783,1,,,https://github.com/yashdave003/hierarchical-bayesian-model-validation/blob/main/results-audio/case-studies/ravdess/1e5rawim/fft/female/plots/compare_cdf_pdf_layer_8.jpg
999,28080.0,ravdess,1e5rawim,fft,,female,11,0.0014633160787582,0.0080986616748604,1,,,https://github.com/yashdave003/hierarchical-bayesian-model-validation/blob/main/results-audio/case-studies/ravdess/1e5rawim/fft/female/plots/compare_cdf_pdf_layer_11.jpg
1000,56160.0,ravdess,1e5rawim,fft,,female,14,0.0123944002581682,0.0057278566449346,1,,,https://github.com/yashdave003/hierarchical-bayesian-model-validation/blob/main/results-audio/case-studies/ravdess/1e5rawim/fft/female/plots/compare_cdf_pdf_layer_14.jpg
1001,450720.0,ravdess,1e5rawim,fft,,female,17,0.0075441566220219,0.0020225460665103,1,,,https://github.com/yashdave003/hierarchical-bayesian-model-validation/blob/main/results-audio/case-studies/ravdess/1e5rawim/fft/female/plots/compare_cdf_pdf_layer_17.jpg
1002,901440.0,ravdess,1e5rawim,fft,,female,20,0.0007356684471658,0.0014302327594031,1,,,https://github.com/yashdave003/hierarchical-bayesian-model-validation/blob/main/results-audio/case-studies/ravdess/1e5rawim/fft/female/plots/compare_cdf_pdf_layer_20.jpg
1003,7211520.0,ravdess,1e5rawim,fft,,female,23,0.0009388921416284,0.000505705940851,1,,,https://github.com/yashdave003/hierarchical-bayesian-model-validation/blob/main/results-audio/case-studies/ravdess/1e5rawim/fft/female/plots/compare_cdf_pdf_layer_23.jpg
1004,3605760.0,ravdess,1e5rawim,fft,,female,26,0.001184386680023,0.0007151626533607,1,,,https://github.com/yashdave003/hierarchical-bayesian-model-validation/blob/main/results-audio/case-studies/ravdess/1e5rawim/fft/female/plots/compare_cdf_pdf_layer_26.jpg
1005,7211520.0,ravdess,1e5rawim,fft,,female,30,0.00268851860683,0.000505705940851,1,,,https://github.com/yashdave003/hierarchical-bayesian-model-validation/blob/main/results-audio/case-studies/ravdess/1e5rawim/fft/female/plots/compare_cdf_pdf_layer_30.jpg
1006,720.0,ravdess,1e5rawim,fft,,male,2,0.0115713480099501,0.0503758449430035,1,,,https://github.com/yashdave003/hierarchical-bayesian-model-validation/blob/main/results-audio/case-studies/ravdess/1e5rawim/fft/male/plots/compare_cdf_pdf_layer_2.jpg
1007,7200.0,ravdess,1e5rawim,fft,,male,5,0.013700050664631,0.0159820064737149,1,,,https://github.com/yashdave003/hierarchical-bayesian-model-validation/blob/main/results-audio/case-studies/ravdess/1e5rawim/fft/male/plots/compare_cdf_pdf_layer_5.jpg
1008,13680.0,ravdess,1e5rawim,fft,,male,8,0.0098270526630366,0.0115992420290783,1,,,https://github.com/yashdave003/hierarchical-bayesian-model-validation/blob/main/results-audio/case-studies/ravdess/1e5rawim/fft/male/plots/compare_cdf_pdf_layer_8.jpg
1009,28080.0,ravdess,1e5rawim,fft,,male,11,0.003752022824868,0.0080986616748604,1,,,https://github.com/yashdave003/hierarchical-bayesian-model-validation/blob/main/results-audio/case-studies/ravdess/1e5rawim/fft/male/plots/compare_cdf_pdf_layer_11.jpg
1010,56160.0,ravdess,1e5rawim,fft,,male,14,0.0102139338612228,0.0057278566449346,1,,,https://github.com/yashdave003/hierarchical-bayesian-model-validation/blob/main/results-audio/case-studies/ravdess/1e5rawim/fft/male/plots/compare_cdf_pdf_layer_14.jpg
1011,450720.0,ravdess,1e5rawim,fft,,male,17,0.0029256292652405,0.0020225460665103,1,,,https://github.com/yashdave003/hierarchical-bayesian-model-validation/blob/main/results-audio/case-studies/ravdess/1e5rawim/fft/male/plots/compare_cdf_pdf_layer_17.jpg
1012,901440.0,ravdess,1e5rawim,fft,,male,20,0.0011279741136765,0.0014302327594031,1,,,https://github.com/yashdave003/hierarchical-bayesian-model-validation/blob/main/results-audio/case-studies/ravdess/1e5rawim/fft/male/plots/compare_cdf_pdf_layer_20.jpg
1013,7211520.0,ravdess,1e5rawim,fft,,male,23,0.0011285945965147,0.000505705940851,1,,,https://github.com/yashdave003/hierarchical-bayesian-model-validation/blob/main/results-audio/case-studies/ravdess/1e5rawim/fft/male/plots/compare_cdf_pdf_layer_23.jpg
1014,3605760.0,ravdess,1e5rawim,fft,,male,26,0.0001971663668371,0.0007151626533607,1,,,https://github.com/yashdave003/hierarchical-bayesian-model-validation/blob/main/results-audio/case-studies/ravdess/1e5rawim/fft/male/plots/compare_cdf_pdf_layer_26.jpg
1015,7211520.0,ravdess,1e5rawim,fft,,male,30,0.0021996028192214,0.000505705940851,1,,,https://github.com/yashdave003/hierarchical-bayesian-model-validation/blob/main/results-audio/case-studies/ravdess/1e5rawim/fft/male/plots/compare_cdf_pdf_layer_30.jpg
1016,768.0,ravdess,1e5rawim,fft,,normal_intensity,2,0.0104409084247016,0.0487836823851768,1,,,https://github.com/yashdave003/hierarchical-bayesian-model-validation/blob/main/results-audio/case-studies/ravdess/1e5rawim/fft/normal_intensity/plots/compare_cdf_pdf_layer_2.jpg
1017,7680.0,ravdess,1e5rawim,fft,,normal_intensity,5,0.0091758543598279,0.0154752345036585,1,,,https://github.com/yashdave003/hierarchical-bayesian-model-validation/blob/main/results-audio/case-studies/ravdess/1e5rawim/fft/normal_intensity/plots/compare_cdf_pdf_layer_5.jpg
1018,14592.0,ravdess,1e5rawim,fft,,normal_intensity,8,0.0056262434734093,0.0112312968059888,1,,,https://github.com/yashdave003/hierarchical-bayesian-model-validation/blob/main/results-audio/case-studies/ravdess/1e5rawim/fft/normal_intensity/plots/compare_cdf_pdf_layer_8.jpg
1019,29952.0,ravdess,1e5rawim,fft,,normal_intensity,11,0.0028094574994746,0.0078416794420502,1,,,https://github.com/yashdave003/hierarchical-bayesian-model-validation/blob/main/results-audio/case-studies/ravdess/1e5rawim/fft/normal_intensity/plots/compare_cdf_pdf_layer_11.jpg
1020,59904.0,ravdess,1e5rawim,fft,,normal_intensity,14,0.0237935932394148,0.0055460651256572,1,,,https://github.com/yashdave003/hierarchical-bayesian-model-validation/blob/main/results-audio/case-studies/ravdess/1e5rawim/fft/normal_intensity/plots/compare_cdf_pdf_layer_14.jpg
1021,480768.0,ravdess,1e5rawim,fft,,normal_intensity,17,0.0035396857766689,0.0019583332007082,1,,,https://github.com/yashdave003/hierarchical-bayesian-model-validation/blob/main/results-audio/case-studies/ravdess/1e5rawim/fft/normal_intensity/plots/compare_cdf_pdf_layer_17.jpg
1022,961536.0,ravdess,1e5rawim,fft,,normal_intensity,20,0.0007425337631496,0.0013848226074512,1,,,https://github.com/yashdave003/hierarchical-bayesian-model-validation/blob/main/results-audio/case-studies/ravdess/1e5rawim/fft/normal_intensity/plots/compare_cdf_pdf_layer_20.jpg
1023,7692288.0,ravdess,1e5rawim,fft,,normal_intensity,23,0.0010169710940482,0.0004896483826868,1,,,https://github.com/yashdave003/hierarchical-bayesian-model-validation/blob/main/results-audio/case-studies/ravdess/1e5rawim/fft/normal_intensity/plots/compare_cdf_pdf_layer_23.jpg
1024,3846144.0,ravdess,1e5rawim,fft,,normal_intensity,26,0.0007934728906467,0.0006924546837536,1,,,https://github.com/yashdave003/hierarchical-bayesian-model-validation/blob/main/results-audio/case-studies/ravdess/1e5rawim/fft/normal_intensity/plots/compare_cdf_pdf_layer_26.jpg
1025,7692288.0,ravdess,1e5rawim,fft,,normal_intensity,30,0.0018253950293313,0.0004896483826868,1,,,https://github.com/yashdave003/hierarchical-bayesian-model-validation/blob/main/results-audio/case-studies/ravdess/1e5rawim/fft/normal_intensity/plots/compare_cdf_pdf_layer_30.jpg
1026,720.0,ravdess,1e5rawim,fft,,statement_1,2,0.0127232106427101,0.0503758449430035,1,,,https://github.com/yashdave003/hierarchical-bayesian-model-validation/blob/main/results-audio/case-studies/ravdess/1e5rawim/fft/statement_1/plots/compare_cdf_pdf_layer_2.jpg
1027,7200.0,ravdess,1e5rawim,fft,,statement_1,5,0.0124506734100827,0.0159820064737149,1,,,https://github.com/yashdave003/hierarchical-bayesian-model-validation/blob/main/results-audio/case-studies/ravdess/1e5rawim/fft/statement_1/plots/compare_cdf_pdf_layer_5.jpg
1028,13680.0,ravdess,1e5rawim,fft,,statement_1,8,0.0096427813067412,0.0115992420290783,1,,,https://github.com/yashdave003/hierarchical-bayesian-model-validation/blob/main/results-audio/case-studies/ravdess/1e5rawim/fft/statement_1/plots/compare_cdf_pdf_layer_8.jpg
1029,28080.0,ravdess,1e5rawim,fft,,statement_1,11,0.0036224395660896,0.0080986616748604,1,,,https://github.com/yashdave003/hierarchical-bayesian-model-validation/blob/main/results-audio/case-studies/ravdess/1e5rawim/fft/statement_1/plots/compare_cdf_pdf_layer_11.jpg
1030,56160.0,ravdess,1e5rawim,fft,,statement_1,14,0.0231759386735679,0.0057278566449346,1,,,https://github.com/yashdave003/hierarchical-bayesian-model-validation/blob/main/results-audio/case-studies/ravdess/1e5rawim/fft/statement_1/plots/compare_cdf_pdf_layer_14.jpg
1031,450720.0,ravdess,1e5rawim,fft,,statement_1,17,0.0049778336629274,0.0020225460665103,1,,,https://github.com/yashdave003/hierarchical-bayesian-model-validation/blob/main/results-audio/case-studies/ravdess/1e5rawim/fft/statement_1/plots/compare_cdf_pdf_layer_17.jpg
1032,901440.0,ravdess,1e5rawim,fft,,statement_1,20,0.0010473444892167,0.0014302327594031,1,,,https://github.com/yashdave003/hierarchical-bayesian-model-validation/blob/main/results-audio/case-studies/ravdess/1e5rawim/fft/statement_1/plots/compare_cdf_pdf_layer_20.jpg
1033,7211520.0,ravdess,1e5rawim,fft,,statement_1,23,0.0011086881233597,0.000505705940851,1,,,https://github.com/yashdave003/hierarchical-bayesian-model-validation/blob/main/results-audio/case-studies/ravdess/1e5rawim/fft/statement_1/plots/compare_cdf_pdf_layer_23.jpg
1034,3605760.0,ravdess,1e5rawim,fft,,statement_1,26,0.0003907879101555,0.0007151626533607,1,,,https://github.com/yashdave003/hierarchical-bayesian-model-validation/blob/main/results-audio/case-studies/ravdess/1e5rawim/fft/statement_1/plots/compare_cdf_pdf_layer_26.jpg
1035,7211520.0,ravdess,1e5rawim,fft,,statement_1,30,0.0017224698746161,0.000505705940851,1,,,https://github.com/yashdave003/hierarchical-bayesian-model-validation/blob/main/results-audio/case-studies/ravdess/1e5rawim/fft/statement_1/plots/compare_cdf_pdf_layer_30.jpg
1036,720.0,ravdess,1e5rawim,fft,,statement_2,2,0.0125455896426593,0.0503758449430035,1,,,https://github.com/yashdave003/hierarchical-bayesian-model-validation/blob/main/results-audio/case-studies/ravdess/1e5rawim/fft/statement_2/plots/compare_cdf_pdf_layer_2.jpg
1037,7200.0,ravdess,1e5rawim,fft,,statement_2,5,0.0096210190864674,0.0159820064737149,1,,,https://github.com/yashdave003/hierarchical-bayesian-model-validation/blob/main/results-audio/case-studies/ravdess/1e5rawim/fft/statement_2/plots/compare_cdf_pdf_layer_5.jpg
1038,13680.0,ravdess,1e5rawim,fft,,statement_2,8,0.0053138581110668,0.0115992420290783,1,,,https://github.com/yashdave003/hierarchical-bayesian-model-validation/blob/main/results-audio/case-studies/ravdess/1e5rawim/fft/statement_2/plots/compare_cdf_pdf_layer_8.jpg
1039,28080.0,ravdess,1e5rawim,fft,,statement_2,11,0.0021349131693075,0.0080986616748604,1,,,https://github.com/yashdave003/hierarchical-bayesian-model-validation/blob/main/results-audio/case-studies/ravdess/1e5rawim/fft/statement_2/plots/compare_cdf_pdf_layer_11.jpg
1040,56160.0,ravdess,1e5rawim,fft,,statement_2,14,0.0226331413659253,0.0057278566449346,1,,,https://github.com/yashdave003/hierarchical-bayesian-model-validation/blob/main/results-audio/case-studies/ravdess/1e5rawim/fft/statement_2/plots/compare_cdf_pdf_layer_14.jpg
1041,450720.0,ravdess,1e5rawim,fft,,statement_2,17,0.0055052865891894,0.0020225460665103,1,,,https://github.com/yashdave003/hierarchical-bayesian-model-validation/blob/main/results-audio/case-studies/ravdess/1e5rawim/fft/statement_2/plots/compare_cdf_pdf_layer_17.jpg
1042,901440.0,ravdess,1e5rawim,fft,,statement_2,20,0.0014048368737921,0.0014302327594031,1,,,https://github.com/yashdave003/hierarchical-bayesian-model-validation/blob/main/results-audio/case-studies/ravdess/1e5rawim/fft/statement_2/plots/compare_cdf_pdf_layer_20.jpg
1043,7211520.0,ravdess,1e5rawim,fft,,statement_2,23,0.0014782448502607,0.000505705940851,1,,,https://github.com/yashdave003/hierarchical-bayesian-model-validation/blob/main/results-audio/case-studies/ravdess/1e5rawim/fft/statement_2/plots/compare_cdf_pdf_layer_23.jpg
1044,3605760.0,ravdess,1e5rawim,fft,,statement_2,26,0.0009138057340582,0.0007151626533607,1,,,https://github.com/yashdave003/hierarchical-bayesian-model-validation/blob/main/results-audio/case-studies/ravdess/1e5rawim/fft/statement_2/plots/compare_cdf_pdf_layer_26.jpg
1045,7211520.0,ravdess,1e5rawim,fft,,statement_2,30,0.0017875374148652,0.000505705940851,1,,,https://github.com/yashdave003/hierarchical-bayesian-model-validation/blob/main/results-audio/case-studies/ravdess/1e5rawim/fft/statement_2/plots/compare_cdf_pdf_layer_30.jpg
1046,672.0,ravdess,1e5rawim,fft,,strong_intensity,2,0.0139578786349076,0.0521351001083971,1,,,https://github.com/yashdave003/hierarchical-bayesian-model-validation/blob/main/results-audio/case-studies/ravdess/1e5rawim/fft/strong_intensity/plots/compare_cdf_pdf_layer_2.jpg
1047,6720.0,ravdess,1e5rawim,fft,,strong_intensity,5,0.0149231897599908,0.0165420932473769,1,,,https://github.com/yashdave003/hierarchical-bayesian-model-validation/blob/main/results-audio/case-studies/ravdess/1e5rawim/fft/strong_intensity/plots/compare_cdf_pdf_layer_5.jpg
1048,12768.0,ravdess,1e5rawim,fft,,strong_intensity,8,0.0114711458819707,0.0120059081380659,1,,,https://github.com/yashdave003/hierarchical-bayesian-model-validation/blob/main/results-audio/case-studies/ravdess/1e5rawim/fft/strong_intensity/plots/compare_cdf_pdf_layer_8.jpg
1049,26208.0,ravdess,1e5rawim,fft,,strong_intensity,11,0.0029653858293344,0.0083826937749309,1,,,https://github.com/yashdave003/hierarchical-bayesian-model-validation/blob/main/results-audio/case-studies/ravdess/1e5rawim/fft/strong_intensity/plots/compare_cdf_pdf_layer_11.jpg
1050,52416.0,ravdess,1e5rawim,fft,,strong_intensity,14,0.0179292494886815,0.0059287864316027,1,,,https://github.com/yashdave003/hierarchical-bayesian-model-validation/blob/main/results-audio/case-studies/ravdess/1e5rawim/fft/strong_intensity/plots/compare_cdf_pdf_layer_14.jpg
1051,420672.0,ravdess,1e5rawim,fft,,strong_intensity,17,0.0072257679674621,0.0020935206112638,1,,,https://github.com/yashdave003/hierarchical-bayesian-model-validation/blob/main/results-audio/case-studies/ravdess/1e5rawim/fft/strong_intensity/plots/compare_cdf_pdf_layer_17.jpg
1052,841344.0,ravdess,1e5rawim,fft,,strong_intensity,20,0.0011895767292597,0.0014804248264702,1,,,https://github.com/yashdave003/hierarchical-bayesian-model-validation/blob/main/results-audio/case-studies/ravdess/1e5rawim/fft/strong_intensity/plots/compare_cdf_pdf_layer_20.jpg
1053,6730752.0,ravdess,1e5rawim,fft,,strong_intensity,23,0.0013286904276501,0.0005234545393228,1,,,https://github.com/yashdave003/hierarchical-bayesian-model-validation/blob/main/results-audio/case-studies/ravdess/1e5rawim/fft/strong_intensity/plots/compare_cdf_pdf_layer_23.jpg
1054,3365376.0,ravdess,1e5rawim,fft,,strong_intensity,26,0.000966366228303,0.000740261994085,1,,,https://github.com/yashdave003/hierarchical-bayesian-model-validation/blob/main/results-audio/case-studies/ravdess/1e5rawim/fft/strong_intensity/plots/compare_cdf_pdf_layer_26.jpg
1055,6730752.0,ravdess,1e5rawim,fft,,strong_intensity,30,0.0028543029152086,0.0005234545393228,1,,,https://github.com/yashdave003/hierarchical-bayesian-model-validation/blob/main/results-audio/case-studies/ravdess/1e5rawim/fft/strong_intensity/plots/compare_cdf_pdf_layer_30.jpg
1056,7281120.0,ravdess,1e5rawim,stft,,female,2,0.0017204118368136,0.0005032832335974,1,,,https://github.com/yashdave003/hierarchical-bayesian-model-validation/blob/main/results-audio/case-studies/ravdess/1e5rawim/stft/female/plots/compare_cdf_pdf_layer_2.jpg
1057,7281120.0,ravdess,1e5rawim,stft,,female,3,0.0017962188069451,0.0005032832335974,1,,,https://github.com/yashdave003/hierarchical-bayesian-model-validation/blob/main/results-audio/case-studies/ravdess/1e5rawim/stft/female/plots/compare_cdf_pdf_layer_3.jpg
1058,7281120.0,ravdess,1e5rawim,stft,,female,4,0.0018075103495084,0.0005032832335974,1,,,https://github.com/yashdave003/hierarchical-bayesian-model-validation/blob/main/results-audio/case-studies/ravdess/1e5rawim/stft/female/plots/compare_cdf_pdf_layer_4.jpg
1059,29124480.0,ravdess,1e5rawim,stft,,female,5,0.0044220541980134,0.0002516473415973,1,,,https://github.com/yashdave003/hierarchical-bayesian-model-validation/blob/main/results-audio/case-studies/ravdess/1e5rawim/stft/female/plots/compare_cdf_pdf_layer_5.jpg
1060,14562240.0,ravdess,1e5rawim,stft,,female,6,0.0054041834116695,0.0003558797301684,1,,,https://github.com/yashdave003/hierarchical-bayesian-model-validation/blob/main/results-audio/case-studies/ravdess/1e5rawim/stft/female/plots/compare_cdf_pdf_layer_6.jpg
1061,14562240.0,ravdess,1e5rawim,stft,,female,7,0.005434402061239,0.0003558797301684,1,,,https://github.com/yashdave003/hierarchical-bayesian-model-validation/blob/main/results-audio/case-studies/ravdess/1e5rawim/stft/female/plots/compare_cdf_pdf_layer_7.jpg
1062,14562240.0,ravdess,1e5rawim,stft,,female,8,0.0058770218316113,0.0003558797301684,1,,,https://github.com/yashdave003/hierarchical-bayesian-model-validation/blob/main/results-audio/case-studies/ravdess/1e5rawim/stft/female/plots/compare_cdf_pdf_layer_8.jpg
1063,14789775.0,ravdess,1e5rawim,stft,,female,9,0.0077599999997221,0.0003531316707473,1,,,https://github.com/yashdave003/hierarchical-bayesian-model-validation/blob/main/results-audio/case-studies/ravdess/1e5rawim/stft/female/plots/compare_cdf_pdf_layer_9.jpg
1064,7196736.0,ravdess,1e5rawim,stft,,male,2,0.0017799946202962,0.0005062250775079,1,,,https://github.com/yashdave003/hierarchical-bayesian-model-validation/blob/main/results-audio/case-studies/ravdess/1e5rawim/stft/male/plots/compare_cdf_pdf_layer_2.jpg
1065,7196736.0,ravdess,1e5rawim,stft,,male,3,0.0025061744056238,0.0005062250775079,1,,,https://github.com/yashdave003/hierarchical-bayesian-model-validation/blob/main/results-audio/case-studies/ravdess/1e5rawim/stft/male/plots/compare_cdf_pdf_layer_3.jpg
1066,7196736.0,ravdess,1e5rawim,stft,,male,4,0.00266524921522,0.0005062250775079,1,,,https://github.com/yashdave003/hierarchical-bayesian-model-validation/blob/main/results-audio/case-studies/ravdess/1e5rawim/stft/male/plots/compare_cdf_pdf_layer_4.jpg
1067,28786944.0,ravdess,1e5rawim,stft,,male,5,0.0032434663297916,0.0002531183306908,1,,,https://github.com/yashdave003/hierarchical-bayesian-model-validation/blob/main/results-audio/case-studies/ravdess/1e5rawim/stft/male/plots/compare_cdf_pdf_layer_5.jpg
1068,14393472.0,ravdess,1e5rawim,stft,,male,6,0.0038619185783395,0.0003579599835704,1,,,https://github.com/yashdave003/hierarchical-bayesian-model-validation/blob/main/results-audio/case-studies/ravdess/1e5rawim/stft/male/plots/compare_cdf_pdf_layer_6.jpg
1069,14393472.0,ravdess,1e5rawim,stft,,male,7,0.0047696606721326,0.0003579599835704,1,,,https://github.com/yashdave003/hierarchical-bayesian-model-validation/blob/main/results-audio/case-studies/ravdess/1e5rawim/stft/male/plots/compare_cdf_pdf_layer_7.jpg
1070,14393472.0,ravdess,1e5rawim,stft,,male,8,0.0057849811891396,0.0003579599835704,1,,,https://github.com/yashdave003/hierarchical-bayesian-model-validation/blob/main/results-audio/case-studies/ravdess/1e5rawim/stft/male/plots/compare_cdf_pdf_layer_8.jpg
1071,14618370.0,ravdess,1e5rawim,stft,,male,9,0.00803738922134,0.0003551958612049,1,,,https://github.com/yashdave003/hierarchical-bayesian-model-validation/blob/main/results-audio/case-studies/ravdess/1e5rawim/stft/male/plots/compare_cdf_pdf_layer_9.jpg
1072,7252576.0,ravdess,1e5rawim,stft,,normal_intensity,2,0.0016365201747254,0.0005042726031124,1,,,https://github.com/yashdave003/hierarchical-bayesian-model-validation/blob/main/results-audio/case-studies/ravdess/1e5rawim/stft/normal_intensity/plots/compare_cdf_pdf_layer_2.jpg
1073,7252576.0,ravdess,1e5rawim,stft,,normal_intensity,3,0.0015860985895116,0.0005042726031124,1,,,https://github.com/yashdave003/hierarchical-bayesian-model-validation/blob/main/results-audio/case-studies/ravdess/1e5rawim/stft/normal_intensity/plots/compare_cdf_pdf_layer_3.jpg
1074,7252576.0,ravdess,1e5rawim,stft,,normal_intensity,4,0.003937075085893,0.0005042726031124,1,,,https://github.com/yashdave003/hierarchical-bayesian-model-validation/blob/main/results-audio/case-studies/ravdess/1e5rawim/stft/normal_intensity/plots/compare_cdf_pdf_layer_4.jpg
1075,29010304.0,ravdess,1e5rawim,stft,,normal_intensity,5,0.0065299848935939,0.0002521420488903,1,,,https://github.com/yashdave003/hierarchical-bayesian-model-validation/blob/main/results-audio/case-studies/ravdess/1e5rawim/stft/normal_intensity/plots/compare_cdf_pdf_layer_5.jpg
1076,14505152.0,ravdess,1e5rawim,stft,,normal_intensity,6,0.0075220013261592,0.0003565793387321,1,,,https://github.com/yashdave003/hierarchical-bayesian-model-validation/blob/main/results-audio/case-studies/ravdess/1e5rawim/stft/normal_intensity/plots/compare_cdf_pdf_layer_6.jpg
1077,14505152.0,ravdess,1e5rawim,stft,,normal_intensity,7,0.0089068912706852,0.0003565793387321,1,,,https://github.com/yashdave003/hierarchical-bayesian-model-validation/blob/main/results-audio/case-studies/ravdess/1e5rawim/stft/normal_intensity/plots/compare_cdf_pdf_layer_7.jpg
1078,14505152.0,ravdess,1e5rawim,stft,,normal_intensity,8,0.009559614641967,0.0003565793387321,1,,,https://github.com/yashdave003/hierarchical-bayesian-model-validation/blob/main/results-audio/case-studies/ravdess/1e5rawim/stft/normal_intensity/plots/compare_cdf_pdf_layer_8.jpg
1079,14731795.0,ravdess,1e5rawim,stft,,normal_intensity,9,0.0084036764844897,0.0003538258771927,1,,,https://github.com/yashdave003/hierarchical-bayesian-model-validation/blob/main/results-audio/case-studies/ravdess/1e5rawim/stft/normal_intensity/plots/compare_cdf_pdf_layer_9.jpg
1080,7277440.0,ravdess,1e5rawim,stft,,statement_1,2,0.0018393181634006,0.000503410459925,1,,,https://github.com/yashdave003/hierarchical-bayesian-model-validation/blob/main/results-audio/case-studies/ravdess/1e5rawim/stft/statement_1/plots/compare_cdf_pdf_layer_2.jpg
1081,7277440.0,ravdess,1e5rawim,stft,,statement_1,3,0.0016149895054747,0.000503410459925,1,,,https://github.com/yashdave003/hierarchical-bayesian-model-validation/blob/main/results-audio/case-studies/ravdess/1e5rawim/stft/statement_1/plots/compare_cdf_pdf_layer_3.jpg
1082,7277440.0,ravdess,1e5rawim,stft,,statement_1,4,0.0034556225194785,0.000503410459925,1,,,https://github.com/yashdave003/hierarchical-bayesian-model-validation/blob/main/results-audio/case-studies/ravdess/1e5rawim/stft/statement_1/plots/compare_cdf_pdf_layer_4.jpg
1083,29109760.0,ravdess,1e5rawim,stft,,statement_1,5,0.0022165873955494,0.0002517109576565,1,,,https://github.com/yashdave003/hierarchical-bayesian-model-validation/blob/main/results-audio/case-studies/ravdess/1e5rawim/stft/statement_1/plots/compare_cdf_pdf_layer_5.jpg
1084,14554880.0,ravdess,1e5rawim,stft,,statement_1,6,0.0027591512092016,0.0003559696951662,1,,,https://github.com/yashdave003/hierarchical-bayesian-model-validation/blob/main/results-audio/case-studies/ravdess/1e5rawim/stft/statement_1/plots/compare_cdf_pdf_layer_6.jpg
1085,14554880.0,ravdess,1e5rawim,stft,,statement_1,7,0.0025863479661845,0.0003559696951662,1,,,https://github.com/yashdave003/hierarchical-bayesian-model-validation/blob/main/results-audio/case-studies/ravdess/1e5rawim/stft/statement_1/plots/compare_cdf_pdf_layer_7.jpg
1086,14554880.0,ravdess,1e5rawim,stft,,statement_1,8,0.0035312623545255,0.0003559696951662,1,,,https://github.com/yashdave003/hierarchical-bayesian-model-validation/blob/main/results-audio/case-studies/ravdess/1e5rawim/stft/statement_1/plots/compare_cdf_pdf_layer_8.jpg
1087,14782300.0,ravdess,1e5rawim,stft,,statement_1,9,0.0079199999997247,0.0003532209410687,1,,,https://github.com/yashdave003/hierarchical-bayesian-model-validation/blob/main/results-audio/case-studies/ravdess/1e5rawim/stft/statement_1/plots/compare_cdf_pdf_layer_9.jpg
1088,7200416.0,ravdess,1e5rawim,stft,,statement_2,2,0.0018131779398629,0.0005060957057388,1,,,https://github.com/yashdave003/hierarchical-bayesian-model-validation/blob/main/results-audio/case-studies/ravdess/1e5rawim/stft/statement_2/plots/compare_cdf_pdf_layer_2.jpg
1089,7200416.0,ravdess,1e5rawim,stft,,statement_2,3,0.0015409585723098,0.0005060957057388,1,,,https://github.com/yashdave003/hierarchical-bayesian-model-validation/blob/main/results-audio/case-studies/ravdess/1e5rawim/stft/statement_2/plots/compare_cdf_pdf_layer_3.jpg
1090,7200416.0,ravdess,1e5rawim,stft,,statement_2,4,0.0026073507855288,0.0005060957057388,1,,,https://github.com/yashdave003/hierarchical-bayesian-model-validation/blob/main/results-audio/case-studies/ravdess/1e5rawim/stft/statement_2/plots/compare_cdf_pdf_layer_4.jpg
1091,28801664.0,ravdess,1e5rawim,stft,,statement_2,5,0.0068747720099149,0.0002530536418455,1,,,https://github.com/yashdave003/hierarchical-bayesian-model-validation/blob/main/results-audio/case-studies/ravdess/1e5rawim/stft/statement_2/plots/compare_cdf_pdf_layer_5.jpg
1092,14400832.0,ravdess,1e5rawim,stft,,statement_2,6,0.0069577764076705,0.0003578685014621,1,,,https://github.com/yashdave003/hierarchical-bayesian-model-validation/blob/main/results-audio/case-studies/ravdess/1e5rawim/stft/statement_2/plots/compare_cdf_pdf_layer_6.jpg
1093,14400832.0,ravdess,1e5rawim,stft,,statement_2,7,0.0070809202456552,0.0003578685014621,1,,,https://github.com/yashdave003/hierarchical-bayesian-model-validation/blob/main/results-audio/case-studies/ravdess/1e5rawim/stft/statement_2/plots/compare_cdf_pdf_layer_7.jpg
1094,14400832.0,ravdess,1e5rawim,stft,,statement_2,8,0.0082007609906017,0.0003578685014621,1,,,https://github.com/yashdave003/hierarchical-bayesian-model-validation/blob/main/results-audio/case-studies/ravdess/1e5rawim/stft/statement_2/plots/compare_cdf_pdf_layer_8.jpg
1095,14625845.0,ravdess,1e5rawim,stft,,statement_2,9,0.0078709262427207,0.0003551050854874,1,,,https://github.com/yashdave003/hierarchical-bayesian-model-validation/blob/main/results-audio/case-studies/ravdess/1e5rawim/stft/statement_2/plots/compare_cdf_pdf_layer_9.jpg
1096,7225280.0,ravdess,1e5rawim,stft,,strong_intensity,2,0.0022132626523175,0.0005052241939934,1,,,https://github.com/yashdave003/hierarchical-bayesian-model-validation/blob/main/results-audio/case-studies/ravdess/1e5rawim/stft/strong_intensity/plots/compare_cdf_pdf_layer_2.jpg
1097,7225280.0,ravdess,1e5rawim,stft,,strong_intensity,3,0.0022360146345744,0.0005052241939934,1,,,https://github.com/yashdave003/hierarchical-bayesian-model-validation/blob/main/results-audio/case-studies/ravdess/1e5rawim/stft/strong_intensity/plots/compare_cdf_pdf_layer_3.jpg
1098,7225280.0,ravdess,1e5rawim,stft,,strong_intensity,4,0.0043188695107589,0.0005052241939934,1,,,https://github.com/yashdave003/hierarchical-bayesian-model-validation/blob/main/results-audio/case-studies/ravdess/1e5rawim/stft/strong_intensity/plots/compare_cdf_pdf_layer_4.jpg
1099,28901120.0,ravdess,1e5rawim,stft,,strong_intensity,5,0.003245952776457,0.0002526178660476,1,,,https://github.com/yashdave003/hierarchical-bayesian-model-validation/blob/main/results-audio/case-studies/ravdess/1e5rawim/stft/strong_intensity/plots/compare_cdf_pdf_layer_5.jpg
1100,14450560.0,ravdess,1e5rawim,stft,,strong_intensity,6,0.0043591059951278,0.0003572522330892,1,,,https://github.com/yashdave003/hierarchical-bayesian-model-validation/blob/main/results-audio/case-studies/ravdess/1e5rawim/stft/strong_intensity/plots/compare_cdf_pdf_layer_6.jpg
1101,14450560.0,ravdess,1e5rawim,stft,,strong_intensity,7,0.0028493347642442,0.0003572522330892,1,,,https://github.com/yashdave003/hierarchical-bayesian-model-validation/blob/main/results-audio/case-studies/ravdess/1e5rawim/stft/strong_intensity/plots/compare_cdf_pdf_layer_7.jpg
1102,14450560.0,ravdess,1e5rawim,stft,,strong_intensity,8,0.0030221250052015,0.0003572522330892,1,,,https://github.com/yashdave003/hierarchical-bayesian-model-validation/blob/main/results-audio/case-studies/ravdess/1e5rawim/stft/strong_intensity/plots/compare_cdf_pdf_layer_8.jpg
1103,14676350.0,ravdess,1e5rawim,stft,,strong_intensity,9,0.0080099999988518,0.0003544935757095,1,,,https://github.com/yashdave003/hierarchical-bayesian-model-validation/blob/main/results-audio/case-studies/ravdess/1e5rawim/stft/strong_intensity/plots/compare_cdf_pdf_layer_9.jpg
1104,58064760.0,ravdess,1e5rawre,cwt,,female,2,0.001954283288257,0.0001782247447611,1,,,https://github.com/yashdave003/hierarchical-bayesian-model-validation/blob/main/results-audio/case-studies/ravdess/1e5rawre/cwt/female/plots/compare_cdf_pdf_layer_2.jpg
1105,58064760.0,ravdess,1e5rawre,cwt,,female,5,0.0407867557151279,0.0001782247447611,1,,,https://github.com/yashdave003/hierarchical-bayesian-model-validation/blob/main/results-audio/case-studies/ravdess/1e5rawre/cwt/female/plots/compare_cdf_pdf_layer_5.jpg
1106,58064760.0,ravdess,1e5rawre,cwt,,female,8,0.0222460527321498,0.0001782247447611,1,,,https://github.com/yashdave003/hierarchical-bayesian-model-validation/blob/main/results-audio/case-studies/ravdess/1e5rawre/cwt/female/plots/compare_cdf_pdf_layer_8.jpg
1107,58064760.0,ravdess,1e5rawre,cwt,,female,11,0.0239827973531082,0.0001782247447611,1,,,https://github.com/yashdave003/hierarchical-bayesian-model-validation/blob/main/results-audio/case-studies/ravdess/1e5rawre/cwt/female/plots/compare_cdf_pdf_layer_11.jpg
1108,58064760.0,ravdess,1e5rawre,cwt,,female,14,0.0155423011323244,0.0001782247447611,1,,,https://github.com/yashdave003/hierarchical-bayesian-model-validation/blob/main/results-audio/case-studies/ravdess/1e5rawre/cwt/female/plots/compare_cdf_pdf_layer_14.jpg
1109,58064760.0,ravdess,1e5rawre,cwt,,female,18,0.0139992697945873,0.0001782247447611,1,,,https://github.com/yashdave003/hierarchical-bayesian-model-validation/blob/main/results-audio/case-studies/ravdess/1e5rawre/cwt/female/plots/compare_cdf_pdf_layer_18.jpg
1110,58064760.0,ravdess,1e5rawre,cwt,,female,21,0.0126034382798525,0.0001782247447611,1,,,https://github.com/yashdave003/hierarchical-bayesian-model-validation/blob/main/results-audio/case-studies/ravdess/1e5rawre/cwt/female/plots/compare_cdf_pdf_layer_21.jpg
1111,58064760.0,ravdess,1e5rawre,cwt,,female,24,0.0052284275603998,0.0001782247447611,1,,,https://github.com/yashdave003/hierarchical-bayesian-model-validation/blob/main/results-audio/case-studies/ravdess/1e5rawre/cwt/female/plots/compare_cdf_pdf_layer_24.jpg
1112,58064760.0,ravdess,1e5rawre,cwt,,female,27,0.0080104852931037,0.0001782247447611,1,,,https://github.com/yashdave003/hierarchical-bayesian-model-validation/blob/main/results-audio/case-studies/ravdess/1e5rawre/cwt/female/plots/compare_cdf_pdf_layer_27.jpg
1113,58064760.0,ravdess,1e5rawre,cwt,,female,31,0.0233656327105291,0.0001782247447611,1,,,https://github.com/yashdave003/hierarchical-bayesian-model-validation/blob/main/results-audio/case-studies/ravdess/1e5rawre/cwt/female/plots/compare_cdf_pdf_layer_31.jpg
1114,57390260.0,ravdess,1e5rawre,cwt,,male,2,0.0321056695498556,0.0001792689942398,1,,,https://github.com/yashdave003/hierarchical-bayesian-model-validation/blob/main/results-audio/case-studies/ravdess/1e5rawre/cwt/male/plots/compare_cdf_pdf_layer_2.jpg
1115,57390260.0,ravdess,1e5rawre,cwt,,male,5,0.0253115359245571,0.0001792689942398,1,,,https://github.com/yashdave003/hierarchical-bayesian-model-validation/blob/main/results-audio/case-studies/ravdess/1e5rawre/cwt/male/plots/compare_cdf_pdf_layer_5.jpg
1116,57390260.0,ravdess,1e5rawre,cwt,,male,8,0.0227442430612855,0.0001792689942398,1,,,https://github.com/yashdave003/hierarchical-bayesian-model-validation/blob/main/results-audio/case-studies/ravdess/1e5rawre/cwt/male/plots/compare_cdf_pdf_layer_8.jpg
1117,57390260.0,ravdess,1e5rawre,cwt,,male,11,0.0312883542800216,0.0001792689942398,1,,,https://github.com/yashdave003/hierarchical-bayesian-model-validation/blob/main/results-audio/case-studies/ravdess/1e5rawre/cwt/male/plots/compare_cdf_pdf_layer_11.jpg
1118,57390260.0,ravdess,1e5rawre,cwt,,male,14,0.0190190436331233,0.0001792689942398,1,,,https://github.com/yashdave003/hierarchical-bayesian-model-validation/blob/main/results-audio/case-studies/ravdess/1e5rawre/cwt/male/plots/compare_cdf_pdf_layer_14.jpg
1119,57390260.0,ravdess,1e5rawre,cwt,,male,18,0.01553545901249,0.0001792689942398,1,,,https://github.com/yashdave003/hierarchical-bayesian-model-validation/blob/main/results-audio/case-studies/ravdess/1e5rawre/cwt/male/plots/compare_cdf_pdf_layer_18.jpg
1120,57390260.0,ravdess,1e5rawre,cwt,,male,21,0.0125670129522059,0.0001792689942398,1,,,https://github.com/yashdave003/hierarchical-bayesian-model-validation/blob/main/results-audio/case-studies/ravdess/1e5rawre/cwt/male/plots/compare_cdf_pdf_layer_21.jpg
1121,57390260.0,ravdess,1e5rawre,cwt,,male,24,0.0056796758587679,0.0001792689942398,1,,,https://github.com/yashdave003/hierarchical-bayesian-model-validation/blob/main/results-audio/case-studies/ravdess/1e5rawre/cwt/male/plots/compare_cdf_pdf_layer_24.jpg
1122,57390260.0,ravdess,1e5rawre,cwt,,male,27,0.01215056070508,0.0001792689942398,1,,,https://github.com/yashdave003/hierarchical-bayesian-model-validation/blob/main/results-audio/case-studies/ravdess/1e5rawre/cwt/male/plots/compare_cdf_pdf_layer_27.jpg
1123,57390260.0,ravdess,1e5rawre,cwt,,male,31,0.0259124901038028,0.0001792689942398,1,,,https://github.com/yashdave003/hierarchical-bayesian-model-validation/blob/main/results-audio/case-studies/ravdess/1e5rawre/cwt/male/plots/compare_cdf_pdf_layer_31.jpg
1124,57824238.0,ravdess,1e5rawre,cwt,,normal_intensity,2,0.0316145324127964,0.0001785950202555,1,,,https://github.com/yashdave003/hierarchical-bayesian-model-validation/blob/main/results-audio/case-studies/ravdess/1e5rawre/cwt/normal_intensity/plots/compare_cdf_pdf_layer_2.jpg
1125,57824238.0,ravdess,1e5rawre,cwt,,normal_intensity,5,0.0266706738829261,0.0001785950202555,1,,,https://github.com/yashdave003/hierarchical-bayesian-model-validation/blob/main/results-audio/case-studies/ravdess/1e5rawre/cwt/normal_intensity/plots/compare_cdf_pdf_layer_5.jpg
1126,57824238.0,ravdess,1e5rawre,cwt,,normal_intensity,8,0.0192944107651,0.0001785950202555,1,,,https://github.com/yashdave003/hierarchical-bayesian-model-validation/blob/main/results-audio/case-studies/ravdess/1e5rawre/cwt/normal_intensity/plots/compare_cdf_pdf_layer_8.jpg
1127,57824238.0,ravdess,1e5rawre,cwt,,normal_intensity,11,0.0278243986638438,0.0001785950202555,1,,,https://github.com/yashdave003/hierarchical-bayesian-model-validation/blob/main/results-audio/case-studies/ravdess/1e5rawre/cwt/normal_intensity/plots/compare_cdf_pdf_layer_11.jpg
1128,57824238.0,ravdess,1e5rawre,cwt,,normal_intensity,14,0.0166582176000491,0.0001785950202555,1,,,https://github.com/yashdave003/hierarchical-bayesian-model-validation/blob/main/results-audio/case-studies/ravdess/1e5rawre/cwt/normal_intensity/plots/compare_cdf_pdf_layer_14.jpg
1129,57824238.0,ravdess,1e5rawre,cwt,,normal_intensity,18,0.0134053635938386,0.0001785950202555,1,,,https://github.com/yashdave003/hierarchical-bayesian-model-validation/blob/main/results-audio/case-studies/ravdess/1e5rawre/cwt/normal_intensity/plots/compare_cdf_pdf_layer_18.jpg
1130,57824238.0,ravdess,1e5rawre,cwt,,normal_intensity,21,0.0089708904608998,0.0001785950202555,1,,,https://github.com/yashdave003/hierarchical-bayesian-model-validation/blob/main/results-audio/case-studies/ravdess/1e5rawre/cwt/normal_intensity/plots/compare_cdf_pdf_layer_21.jpg
1131,57824238.0,ravdess,1e5rawre,cwt,,normal_intensity,24,0.0080464428036803,0.0001785950202555,1,,,https://github.com/yashdave003/hierarchical-bayesian-model-validation/blob/main/results-audio/case-studies/ravdess/1e5rawre/cwt/normal_intensity/plots/compare_cdf_pdf_layer_24.jpg
1132,57824238.0,ravdess,1e5rawre,cwt,,normal_intensity,27,0.0118334810299373,0.0001785950202555,1,,,https://github.com/yashdave003/hierarchical-bayesian-model-validation/blob/main/results-audio/case-studies/ravdess/1e5rawre/cwt/normal_intensity/plots/compare_cdf_pdf_layer_27.jpg
1133,57824238.0,ravdess,1e5rawre,cwt,,normal_intensity,31,0.0292692209715085,0.0001785950202555,1,,,https://github.com/yashdave003/hierarchical-bayesian-model-validation/blob/main/results-audio/case-studies/ravdess/1e5rawre/cwt/normal_intensity/plots/compare_cdf_pdf_layer_31.jpg
1134,58035773.0,ravdess,1e5rawre,cwt,,statement_1,2,0.019916503329379,0.0001782692472486,1,,,https://github.com/yashdave003/hierarchical-bayesian-model-validation/blob/main/results-audio/case-studies/ravdess/1e5rawre/cwt/statement_1/plots/compare_cdf_pdf_layer_2.jpg
1135,58035773.0,ravdess,1e5rawre,cwt,,statement_1,5,0.0340753589657275,0.0001782692472486,1,,,https://github.com/yashdave003/hierarchical-bayesian-model-validation/blob/main/results-audio/case-studies/ravdess/1e5rawre/cwt/statement_1/plots/compare_cdf_pdf_layer_5.jpg
1136,58035773.0,ravdess,1e5rawre,cwt,,statement_1,8,0.0222258736421808,0.0001782692472486,1,,,https://github.com/yashdave003/hierarchical-bayesian-model-validation/blob/main/results-audio/case-studies/ravdess/1e5rawre/cwt/statement_1/plots/compare_cdf_pdf_layer_8.jpg
1137,58035773.0,ravdess,1e5rawre,cwt,,statement_1,11,0.0259745718919874,0.0001782692472486,1,,,https://github.com/yashdave003/hierarchical-bayesian-model-validation/blob/main/results-audio/case-studies/ravdess/1e5rawre/cwt/statement_1/plots/compare_cdf_pdf_layer_11.jpg
1138,58035773.0,ravdess,1e5rawre,cwt,,statement_1,14,0.0178857348505774,0.0001782692472486,1,,,https://github.com/yashdave003/hierarchical-bayesian-model-validation/blob/main/results-audio/case-studies/ravdess/1e5rawre/cwt/statement_1/plots/compare_cdf_pdf_layer_14.jpg
1139,58035773.0,ravdess,1e5rawre,cwt,,statement_1,18,0.0142461050628872,0.0001782692472486,1,,,https://github.com/yashdave003/hierarchical-bayesian-model-validation/blob/main/results-audio/case-studies/ravdess/1e5rawre/cwt/statement_1/plots/compare_cdf_pdf_layer_18.jpg
1140,58035773.0,ravdess,1e5rawre,cwt,,statement_1,21,0.0141561523494002,0.0001782692472486,1,,,https://github.com/yashdave003/hierarchical-bayesian-model-validation/blob/main/results-audio/case-studies/ravdess/1e5rawre/cwt/statement_1/plots/compare_cdf_pdf_layer_21.jpg
1141,58035773.0,ravdess,1e5rawre,cwt,,statement_1,24,0.0048359449005211,0.0001782692472486,1,,,https://github.com/yashdave003/hierarchical-bayesian-model-validation/blob/main/results-audio/case-studies/ravdess/1e5rawre/cwt/statement_1/plots/compare_cdf_pdf_layer_24.jpg
1142,58035773.0,ravdess,1e5rawre,cwt,,statement_1,27,0.0113532913729287,0.0001782692472486,1,,,https://github.com/yashdave003/hierarchical-bayesian-model-validation/blob/main/results-audio/case-studies/ravdess/1e5rawre/cwt/statement_1/plots/compare_cdf_pdf_layer_27.jpg
1143,58035773.0,ravdess,1e5rawre,cwt,,statement_1,31,0.0242738185401434,0.0001782692472486,1,,,https://github.com/yashdave003/hierarchical-bayesian-model-validation/blob/main/results-audio/case-studies/ravdess/1e5rawre/cwt/statement_1/plots/compare_cdf_pdf_layer_31.jpg
1144,57419247.0,ravdess,1e5rawre,cwt,,statement_2,2,0.0216264124684905,0.0001792237390124,1,,,https://github.com/yashdave003/hierarchical-bayesian-model-validation/blob/main/results-audio/case-studies/ravdess/1e5rawre/cwt/statement_2/plots/compare_cdf_pdf_layer_2.jpg
1145,57419247.0,ravdess,1e5rawre,cwt,,statement_2,5,0.0316609535851161,0.0001792237390124,1,,,https://github.com/yashdave003/hierarchical-bayesian-model-validation/blob/main/results-audio/case-studies/ravdess/1e5rawre/cwt/statement_2/plots/compare_cdf_pdf_layer_5.jpg
1146,57419247.0,ravdess,1e5rawre,cwt,,statement_2,8,0.0231077064441238,0.0001792237390124,1,,,https://github.com/yashdave003/hierarchical-bayesian-model-validation/blob/main/results-audio/case-studies/ravdess/1e5rawre/cwt/statement_2/plots/compare_cdf_pdf_layer_8.jpg
1147,57419247.0,ravdess,1e5rawre,cwt,,statement_2,11,0.0295230347903171,0.0001792237390124,1,,,https://github.com/yashdave003/hierarchical-bayesian-model-validation/blob/main/results-audio/case-studies/ravdess/1e5rawre/cwt/statement_2/plots/compare_cdf_pdf_layer_11.jpg
1148,57419247.0,ravdess,1e5rawre,cwt,,statement_2,14,0.016949376749126,0.0001792237390124,1,,,https://github.com/yashdave003/hierarchical-bayesian-model-validation/blob/main/results-audio/case-studies/ravdess/1e5rawre/cwt/statement_2/plots/compare_cdf_pdf_layer_14.jpg
1149,57419247.0,ravdess,1e5rawre,cwt,,statement_2,18,0.0150923997015457,0.0001792237390124,1,,,https://github.com/yashdave003/hierarchical-bayesian-model-validation/blob/main/results-audio/case-studies/ravdess/1e5rawre/cwt/statement_2/plots/compare_cdf_pdf_layer_18.jpg
1150,57419247.0,ravdess,1e5rawre,cwt,,statement_2,21,0.0112462146871539,0.0001792237390124,1,,,https://github.com/yashdave003/hierarchical-bayesian-model-validation/blob/main/results-audio/case-studies/ravdess/1e5rawre/cwt/statement_2/plots/compare_cdf_pdf_layer_21.jpg
1151,57419247.0,ravdess,1e5rawre,cwt,,statement_2,24,0.0071813502809571,0.0001792237390124,1,,,https://github.com/yashdave003/hierarchical-bayesian-model-validation/blob/main/results-audio/case-studies/ravdess/1e5rawre/cwt/statement_2/plots/compare_cdf_pdf_layer_24.jpg
1152,57419247.0,ravdess,1e5rawre,cwt,,statement_2,27,0.0093814825439171,0.0001792237390124,1,,,https://github.com/yashdave003/hierarchical-bayesian-model-validation/blob/main/results-audio/case-studies/ravdess/1e5rawre/cwt/statement_2/plots/compare_cdf_pdf_layer_27.jpg
1153,57419247.0,ravdess,1e5rawre,cwt,,statement_2,31,0.0243060236728022,0.0001792237390124,1,,,https://github.com/yashdave003/hierarchical-bayesian-model-validation/blob/main/results-audio/case-studies/ravdess/1e5rawre/cwt/statement_2/plots/compare_cdf_pdf_layer_31.jpg
1154,57630782.0,ravdess,1e5rawre,cwt,,strong_intensity,2,0.0110743055140473,0.0001788945196956,1,,,https://github.com/yashdave003/hierarchical-bayesian-model-validation/blob/main/results-audio/case-studies/ravdess/1e5rawre/cwt/strong_intensity/plots/compare_cdf_pdf_layer_2.jpg
1155,57630782.0,ravdess,1e5rawre,cwt,,strong_intensity,5,0.0335333377799927,0.0001788945196956,1,,,https://github.com/yashdave003/hierarchical-bayesian-model-validation/blob/main/results-audio/case-studies/ravdess/1e5rawre/cwt/strong_intensity/plots/compare_cdf_pdf_layer_5.jpg
1156,57630782.0,ravdess,1e5rawre,cwt,,strong_intensity,8,0.0246766730645682,0.0001788945196956,1,,,https://github.com/yashdave003/hierarchical-bayesian-model-validation/blob/main/results-audio/case-studies/ravdess/1e5rawre/cwt/strong_intensity/plots/compare_cdf_pdf_layer_8.jpg
1157,57630782.0,ravdess,1e5rawre,cwt,,strong_intensity,11,0.027830835635987,0.0001788945196956,1,,,https://github.com/yashdave003/hierarchical-bayesian-model-validation/blob/main/results-audio/case-studies/ravdess/1e5rawre/cwt/strong_intensity/plots/compare_cdf_pdf_layer_11.jpg
1158,57630782.0,ravdess,1e5rawre,cwt,,strong_intensity,14,0.0189650570405942,0.0001788945196956,1,,,https://github.com/yashdave003/hierarchical-bayesian-model-validation/blob/main/results-audio/case-studies/ravdess/1e5rawre/cwt/strong_intensity/plots/compare_cdf_pdf_layer_14.jpg
1159,57630782.0,ravdess,1e5rawre,cwt,,strong_intensity,18,0.0174028123275228,0.0001788945196956,1,,,https://github.com/yashdave003/hierarchical-bayesian-model-validation/blob/main/results-audio/case-studies/ravdess/1e5rawre/cwt/strong_intensity/plots/compare_cdf_pdf_layer_18.jpg
1160,57630782.0,ravdess,1e5rawre,cwt,,strong_intensity,21,0.0151240803171106,0.0001788945196956,1,,,https://github.com/yashdave003/hierarchical-bayesian-model-validation/blob/main/results-audio/case-studies/ravdess/1e5rawre/cwt/strong_intensity/plots/compare_cdf_pdf_layer_21.jpg
1161,57630782.0,ravdess,1e5rawre,cwt,,strong_intensity,24,0.0052349963034804,0.0001788945196956,1,,,https://github.com/yashdave003/hierarchical-bayesian-model-validation/blob/main/results-audio/case-studies/ravdess/1e5rawre/cwt/strong_intensity/plots/compare_cdf_pdf_layer_24.jpg
1162,57630782.0,ravdess,1e5rawre,cwt,,strong_intensity,27,0.0083978864161757,0.0001788945196956,1,,,https://github.com/yashdave003/hierarchical-bayesian-model-validation/blob/main/results-audio/case-studies/ravdess/1e5rawre/cwt/strong_intensity/plots/compare_cdf_pdf_layer_27.jpg
1163,57630782.0,ravdess,1e5rawre,cwt,,strong_intensity,31,0.0204588848772258,0.0001788945196956,1,,,https://github.com/yashdave003/hierarchical-bayesian-model-validation/blob/main/results-audio/case-studies/ravdess/1e5rawre/cwt/strong_intensity/plots/compare_cdf_pdf_layer_31.jpg
1164,99231.0,ravdess,1e5rawre,erb,,female,2,0.0015756005262785,0.0043096105765566,1,,,https://github.com/yashdave003/hierarchical-bayesian-model-validation/blob/main/results-audio/case-studies/ravdess/1e5rawre/erb/female/plots/compare_cdf_pdf_layer_2.jpg
1165,110499.0,ravdess,1e5rawre,erb,,female,3,0.0013277563075573,0.0040840536522866,1,,,https://github.com/yashdave003/hierarchical-bayesian-model-validation/blob/main/results-audio/case-studies/ravdess/1e5rawre/erb/female/plots/compare_cdf_pdf_layer_3.jpg
1166,1094491.0,ravdess,1e5rawre,erb,,female,5,0.0134924737564315,0.0012979986334043,1,,,https://github.com/yashdave003/hierarchical-bayesian-model-validation/blob/main/results-audio/case-studies/ravdess/1e5rawre/erb/female/plots/compare_cdf_pdf_layer_5.jpg
1167,552872.0,ravdess,1e5rawre,erb,,female,6,0.0104992928106741,0.0018261954816995,1,,,https://github.com/yashdave003/hierarchical-bayesian-model-validation/blob/main/results-audio/case-studies/ravdess/1e5rawre/erb/female/plots/compare_cdf_pdf_layer_6.jpg
1168,3583528.0,ravdess,1e5rawre,erb,,female,8,0.0021096046155557,0.0007173774933806,1,,,https://github.com/yashdave003/hierarchical-bayesian-model-validation/blob/main/results-audio/case-studies/ravdess/1e5rawre/erb/female/plots/compare_cdf_pdf_layer_8.jpg
1169,5376893.0,ravdess,1e5rawre,erb,,female,9,0.0032018373816724,0.0005856560376944,1,,,https://github.com/yashdave003/hierarchical-bayesian-model-validation/blob/main/results-audio/case-studies/ravdess/1e5rawre/erb/female/plots/compare_cdf_pdf_layer_9.jpg
1170,6813712.0,ravdess,1e5rawre,erb,,female,11,0.0054713092781263,0.00052025828356,1,,,https://github.com/yashdave003/hierarchical-bayesian-model-validation/blob/main/results-audio/case-studies/ravdess/1e5rawre/erb/female/plots/compare_cdf_pdf_layer_11.jpg
1171,22438943.0,ravdess,1e5rawre,erb,,female,12,0.0046915332558156,0.0002866941711949,1,,,https://github.com/yashdave003/hierarchical-bayesian-model-validation/blob/main/results-audio/case-studies/ravdess/1e5rawre/erb/female/plots/compare_cdf_pdf_layer_12.jpg
1172,12633705.0,ravdess,1e5rawre,erb,,female,14,0.0060485631441467,0.0003820770485604,1,,,https://github.com/yashdave003/hierarchical-bayesian-model-validation/blob/main/results-audio/case-studies/ravdess/1e5rawre/erb/female/plots/compare_cdf_pdf_layer_14.jpg
1173,8261428.0,ravdess,1e5rawre,erb,,female,16,0.0072225408726776,0.0004724819317982,1,,,https://github.com/yashdave003/hierarchical-bayesian-model-validation/blob/main/results-audio/case-studies/ravdess/1e5rawre/erb/female/plots/compare_cdf_pdf_layer_16.jpg
1174,98098.0,ravdess,1e5rawre,erb,,male,2,0.0025079507363431,0.0043344166582195,1,,,https://github.com/yashdave003/hierarchical-bayesian-model-validation/blob/main/results-audio/case-studies/ravdess/1e5rawre/erb/male/plots/compare_cdf_pdf_layer_2.jpg
1175,109212.0,ravdess,1e5rawre,erb,,male,3,0.0139047343393551,0.0041080383208552,1,,,https://github.com/yashdave003/hierarchical-bayesian-model-validation/blob/main/results-audio/case-studies/ravdess/1e5rawre/erb/male/plots/compare_cdf_pdf_layer_3.jpg
1176,1081864.0,ravdess,1e5rawre,erb,,male,5,0.0045209395215879,0.0013055505767447,1,,,https://github.com/yashdave003/hierarchical-bayesian-model-validation/blob/main/results-audio/case-studies/ravdess/1e5rawre/erb/male/plots/compare_cdf_pdf_layer_5.jpg
1177,546468.0,ravdess,1e5rawre,erb,,male,6,0.0085525101432444,0.001836863034389,1,,,https://github.com/yashdave003/hierarchical-bayesian-model-validation/blob/main/results-audio/case-studies/ravdess/1e5rawre/erb/male/plots/compare_cdf_pdf_layer_6.jpg
1178,3541926.0,ravdess,1e5rawre,erb,,male,8,0.0020199994271197,0.0007215779301782,1,,,https://github.com/yashdave003/hierarchical-bayesian-model-validation/blob/main/results-audio/case-studies/ravdess/1e5rawre/erb/male/plots/compare_cdf_pdf_layer_8.jpg
1179,5314425.0,ravdess,1e5rawre,erb,,male,9,0.0018830313368827,0.0005890878235667,1,,,https://github.com/yashdave003/hierarchical-bayesian-model-validation/blob/main/results-audio/case-studies/ravdess/1e5rawre/erb/male/plots/compare_cdf_pdf_layer_9.jpg
1180,6734585.0,ravdess,1e5rawre,erb,,male,11,0.0049296291226327,0.0005233055626697,1,,,https://github.com/yashdave003/hierarchical-bayesian-model-validation/blob/main/results-audio/case-studies/ravdess/1e5rawre/erb/male/plots/compare_cdf_pdf_layer_11.jpg
1181,22178309.0,ravdess,1e5rawre,erb,,male,12,0.0045895234895645,0.0002883737865725,1,,,https://github.com/yashdave003/hierarchical-bayesian-model-validation/blob/main/results-audio/case-studies/ravdess/1e5rawre/erb/male/plots/compare_cdf_pdf_layer_12.jpg
1182,12486961.0,ravdess,1e5rawre,erb,,male,14,0.0063193312147723,0.0003843154558759,1,,,https://github.com/yashdave003/hierarchical-bayesian-model-validation/blob/main/results-audio/case-studies/ravdess/1e5rawre/erb/male/plots/compare_cdf_pdf_layer_14.jpg
1183,8165465.0,ravdess,1e5rawre,erb,,male,16,0.0078852891243253,0.0004752500781012,1,,,https://github.com/yashdave003/hierarchical-bayesian-model-validation/blob/main/results-audio/case-studies/ravdess/1e5rawre/erb/male/plots/compare_cdf_pdf_layer_16.jpg
1184,98856.0,ravdess,1e5rawre,erb,,normal_intensity,2,0.0022907619115326,0.0043177736672247,1,,,https://github.com/yashdave003/hierarchical-bayesian-model-validation/blob/main/results-audio/case-studies/ravdess/1e5rawre/erb/normal_intensity/plots/compare_cdf_pdf_layer_2.jpg
1185,110055.0,ravdess,1e5rawre,erb,,normal_intensity,3,0.0166914015098678,0.0040922805452607,1,,,https://github.com/yashdave003/hierarchical-bayesian-model-validation/blob/main/results-audio/case-studies/ravdess/1e5rawre/erb/normal_intensity/plots/compare_cdf_pdf_layer_3.jpg
1186,1090100.0,ravdess,1e5rawre,erb,,normal_intensity,5,0.0079885625725789,0.0013006099139274,1,,,https://github.com/yashdave003/hierarchical-bayesian-model-validation/blob/main/results-audio/case-studies/ravdess/1e5rawre/erb/normal_intensity/plots/compare_cdf_pdf_layer_5.jpg
1187,550640.0,ravdess,1e5rawre,erb,,normal_intensity,6,0.0096757828116283,0.0018298923356427,1,,,https://github.com/yashdave003/hierarchical-bayesian-model-validation/blob/main/results-audio/case-studies/ravdess/1e5rawre/erb/normal_intensity/plots/compare_cdf_pdf_layer_6.jpg
1188,3568842.0,ravdess,1e5rawre,erb,,normal_intensity,8,0.0018810046355167,0.0007188519079682,1,,,https://github.com/yashdave003/hierarchical-bayesian-model-validation/blob/main/results-audio/case-studies/ravdess/1e5rawre/erb/normal_intensity/plots/compare_cdf_pdf_layer_8.jpg
1189,5354720.0,ravdess,1e5rawre,erb,,normal_intensity,9,0.0043237523720033,0.000586867272615,1,,,https://github.com/yashdave003/hierarchical-bayesian-model-validation/blob/main/results-audio/case-studies/ravdess/1e5rawre/erb/normal_intensity/plots/compare_cdf_pdf_layer_9.jpg
1190,6785573.0,ravdess,1e5rawre,erb,,normal_intensity,11,0.0066490641625847,0.0005213358427224,1,,,https://github.com/yashdave003/hierarchical-bayesian-model-validation/blob/main/results-audio/case-studies/ravdess/1e5rawre/erb/normal_intensity/plots/compare_cdf_pdf_layer_11.jpg
1191,22346151.0,ravdess,1e5rawre,erb,,normal_intensity,12,0.0079924448498689,0.0002872887853533,1,,,https://github.com/yashdave003/hierarchical-bayesian-model-validation/blob/main/results-audio/case-studies/ravdess/1e5rawre/erb/normal_intensity/plots/compare_cdf_pdf_layer_12.jpg
1192,12581431.0,ravdess,1e5rawre,erb,,normal_intensity,14,0.0099213841409101,0.0003828699353997,1,,,https://github.com/yashdave003/hierarchical-bayesian-model-validation/blob/main/results-audio/case-studies/ravdess/1e5rawre/erb/normal_intensity/plots/compare_cdf_pdf_layer_14.jpg
1193,8227229.0,ravdess,1e5rawre,erb,,normal_intensity,16,0.0126624299191984,0.0004734628794272,1,,,https://github.com/yashdave003/hierarchical-bayesian-model-validation/blob/main/results-audio/case-studies/ravdess/1e5rawre/erb/normal_intensity/plots/compare_cdf_pdf_layer_16.jpg
1194,99186.0,ravdess,1e5rawre,erb,,statement_1,2,0.0022603306237235,0.0043105877031551,1,,,https://github.com/yashdave003/hierarchical-bayesian-model-validation/blob/main/results-audio/case-studies/ravdess/1e5rawre/erb/statement_1/plots/compare_cdf_pdf_layer_2.jpg
1195,110431.0,ravdess,1e5rawre,erb,,statement_1,3,0.013651831463804,0.0040853104094245,1,,,https://github.com/yashdave003/hierarchical-bayesian-model-validation/blob/main/results-audio/case-studies/ravdess/1e5rawre/erb/statement_1/plots/compare_cdf_pdf_layer_3.jpg
1196,1093994.0,ravdess,1e5rawre,erb,,statement_1,5,0.0084459385950638,0.0012982934048004,1,,,https://github.com/yashdave003/hierarchical-bayesian-model-validation/blob/main/results-audio/case-studies/ravdess/1e5rawre/erb/statement_1/plots/compare_cdf_pdf_layer_5.jpg
1197,552599.0,ravdess,1e5rawre,erb,,statement_1,6,0.0089111782404865,0.0018266464482627,1,,,https://github.com/yashdave003/hierarchical-bayesian-model-validation/blob/main/results-audio/case-studies/ravdess/1e5rawre/erb/statement_1/plots/compare_cdf_pdf_layer_6.jpg
1198,3581736.0,ravdess,1e5rawre,erb,,statement_1,8,0.0013870222077397,0.0007175569170312,1,,,https://github.com/yashdave003/hierarchical-bayesian-model-validation/blob/main/results-audio/case-studies/ravdess/1e5rawre/erb/statement_1/plots/compare_cdf_pdf_layer_8.jpg
1199,5374189.0,ravdess,1e5rawre,erb,,statement_1,9,0.0030831783470414,0.0005858033465165,1,,,https://github.com/yashdave003/hierarchical-bayesian-model-validation/blob/main/results-audio/case-studies/ravdess/1e5rawre/erb/statement_1/plots/compare_cdf_pdf_layer_9.jpg
1200,6810311.0,ravdess,1e5rawre,erb,,statement_1,11,0.004248557757106,0.0005203881670798,1,,,https://github.com/yashdave003/hierarchical-bayesian-model-validation/blob/main/results-audio/case-studies/ravdess/1e5rawre/erb/statement_1/plots/compare_cdf_pdf_layer_11.jpg
1201,22427727.0,ravdess,1e5rawre,erb,,statement_1,12,0.0016312932219004,0.0002867658475748,1,,,https://github.com/yashdave003/hierarchical-bayesian-model-validation/blob/main/results-audio/case-studies/ravdess/1e5rawre/erb/statement_1/plots/compare_cdf_pdf_layer_12.jpg
1202,12627411.0,ravdess,1e5rawre,erb,,statement_1,14,0.0034406871253174,0.0003821722545485,1,,,https://github.com/yashdave003/hierarchical-bayesian-model-validation/blob/main/results-audio/case-studies/ravdess/1e5rawre/erb/statement_1/plots/compare_cdf_pdf_layer_14.jpg
1203,8257312.0,ravdess,1e5rawre,erb,,statement_1,16,0.0048513984294324,0.0004725996704919,1,,,https://github.com/yashdave003/hierarchical-bayesian-model-validation/blob/main/results-audio/case-studies/ravdess/1e5rawre/erb/statement_1/plots/compare_cdf_pdf_layer_16.jpg
1204,98143.0,ravdess,1e5rawre,erb,,statement_2,2,0.0018895350311476,0.0043334232387971,1,,,https://github.com/yashdave003/hierarchical-bayesian-model-validation/blob/main/results-audio/case-studies/ravdess/1e5rawre/erb/statement_2/plots/compare_cdf_pdf_layer_2.jpg
1205,109280.0,ravdess,1e5rawre,erb,,statement_2,3,0.0138366913653066,0.0041067604755173,1,,,https://github.com/yashdave003/hierarchical-bayesian-model-validation/blob/main/results-audio/case-studies/ravdess/1e5rawre/erb/statement_2/plots/compare_cdf_pdf_layer_3.jpg
1206,1082361.0,ravdess,1e5rawre,erb,,statement_2,5,0.0090535153254436,0.0013052508354941,1,,,https://github.com/yashdave003/hierarchical-bayesian-model-validation/blob/main/results-audio/case-studies/ravdess/1e5rawre/erb/statement_2/plots/compare_cdf_pdf_layer_5.jpg
1207,546741.0,ravdess,1e5rawre,erb,,statement_2,6,0.0110664761608654,0.0018364044600255,1,,,https://github.com/yashdave003/hierarchical-bayesian-model-validation/blob/main/results-audio/case-studies/ravdess/1e5rawre/erb/statement_2/plots/compare_cdf_pdf_layer_6.jpg
1208,3543718.0,ravdess,1e5rawre,erb,,statement_2,8,0.0022132850535744,0.0007213954739575,1,,,https://github.com/yashdave003/hierarchical-bayesian-model-validation/blob/main/results-audio/case-studies/ravdess/1e5rawre/erb/statement_2/plots/compare_cdf_pdf_layer_8.jpg
1209,5317129.0,ravdess,1e5rawre,erb,,statement_2,9,0.002526570659363,0.0005889380236277,1,,,https://github.com/yashdave003/hierarchical-bayesian-model-validation/blob/main/results-audio/case-studies/ravdess/1e5rawre/erb/statement_2/plots/compare_cdf_pdf_layer_9.jpg
1210,6737986.0,ravdess,1e5rawre,erb,,statement_2,11,0.0061022008861252,0.0005231734829461,1,,,https://github.com/yashdave003/hierarchical-bayesian-model-validation/blob/main/results-audio/case-studies/ravdess/1e5rawre/erb/statement_2/plots/compare_cdf_pdf_layer_11.jpg
1211,22189525.0,ravdess,1e5rawre,erb,,statement_2,12,0.0076894844750745,0.0002883008980157,1,,,https://github.com/yashdave003/hierarchical-bayesian-model-validation/blob/main/results-audio/case-studies/ravdess/1e5rawre/erb/statement_2/plots/compare_cdf_pdf_layer_12.jpg
1212,12493255.0,ravdess,1e5rawre,erb,,statement_2,14,0.0084906109022042,0.0003842186395466,1,,,https://github.com/yashdave003/hierarchical-bayesian-model-validation/blob/main/results-audio/case-studies/ravdess/1e5rawre/erb/statement_2/plots/compare_cdf_pdf_layer_14.jpg
1213,8169581.0,ravdess,1e5rawre,erb,,statement_2,16,0.010039038895919,0.0004751303478651,1,,,https://github.com/yashdave003/hierarchical-bayesian-model-validation/blob/main/results-audio/case-studies/ravdess/1e5rawre/erb/statement_2/plots/compare_cdf_pdf_layer_16.jpg
1214,98473.0,ravdess,1e5rawre,erb,,strong_intensity,2,0.0024453916967375,0.0043261589769959,1,,,https://github.com/yashdave003/hierarchical-bayesian-model-validation/blob/main/results-audio/case-studies/ravdess/1e5rawre/erb/strong_intensity/plots/compare_cdf_pdf_layer_2.jpg
1215,109656.0,ravdess,1e5rawre,erb,,strong_intensity,3,0.0098463218744746,0.0040997162075266,1,,,https://github.com/yashdave003/hierarchical-bayesian-model-validation/blob/main/results-audio/case-studies/ravdess/1e5rawre/erb/strong_intensity/plots/compare_cdf_pdf_layer_3.jpg
1216,1086255.0,ravdess,1e5rawre,erb,,strong_intensity,5,0.009523111960821,0.0013029094837346,1,,,https://github.com/yashdave003/hierarchical-bayesian-model-validation/blob/main/results-audio/case-studies/ravdess/1e5rawre/erb/strong_intensity/plots/compare_cdf_pdf_layer_5.jpg
1217,548700.0,ravdess,1e5rawre,erb,,strong_intensity,6,0.0104861182116329,0.0018331238555762,1,,,https://github.com/yashdave003/hierarchical-bayesian-model-validation/blob/main/results-audio/case-studies/ravdess/1e5rawre/erb/strong_intensity/plots/compare_cdf_pdf_layer_6.jpg
1218,3556612.0,ravdess,1e5rawre,erb,,strong_intensity,8,0.0026472910306249,0.0007200867125983,1,,,https://github.com/yashdave003/hierarchical-bayesian-model-validation/blob/main/results-audio/case-studies/ravdess/1e5rawre/erb/strong_intensity/plots/compare_cdf_pdf_layer_8.jpg
1219,5336598.0,ravdess,1e5rawre,erb,,strong_intensity,9,0.0022668264763039,0.000587862816067,1,,,https://github.com/yashdave003/hierarchical-bayesian-model-validation/blob/main/results-audio/case-studies/ravdess/1e5rawre/erb/strong_intensity/plots/compare_cdf_pdf_layer_9.jpg
1220,6762724.0,ravdess,1e5rawre,erb,,strong_intensity,11,0.0032959253354962,0.0005222157689152,1,,,https://github.com/yashdave003/hierarchical-bayesian-model-validation/blob/main/results-audio/case-studies/ravdess/1e5rawre/erb/strong_intensity/plots/compare_cdf_pdf_layer_11.jpg
1221,22271101.0,ravdess,1e5rawre,erb,,strong_intensity,12,0.0029732752171862,0.0002877724239755,1,,,https://github.com/yashdave003/hierarchical-bayesian-model-validation/blob/main/results-audio/case-studies/ravdess/1e5rawre/erb/strong_intensity/plots/compare_cdf_pdf_layer_12.jpg
1222,12539235.0,ravdess,1e5rawre,erb,,strong_intensity,14,0.0030425977415355,0.0003835135732131,1,,,https://github.com/yashdave003/hierarchical-bayesian-model-validation/blob/main/results-audio/case-studies/ravdess/1e5rawre/erb/strong_intensity/plots/compare_cdf_pdf_layer_14.jpg
1223,8199664.0,ravdess,1e5rawre,erb,,strong_intensity,16,0.0061161772001721,0.0004742580031696,1,,,https://github.com/yashdave003/hierarchical-bayesian-model-validation/blob/main/results-audio/case-studies/ravdess/1e5rawre/erb/strong_intensity/plots/compare_cdf_pdf_layer_16.jpg
1224,720.0,ravdess,1e5rawre,fft,,female,2,0.0102240196109729,0.0503758449430035,1,,,https://github.com/yashdave003/hierarchical-bayesian-model-validation/blob/main/results-audio/case-studies/ravdess/1e5rawre/fft/female/plots/compare_cdf_pdf_layer_2.jpg
1225,7200.0,ravdess,1e5rawre,fft,,female,5,0.0073019468542895,0.0159820064737149,1,,,https://github.com/yashdave003/hierarchical-bayesian-model-validation/blob/main/results-audio/case-studies/ravdess/1e5rawre/fft/female/plots/compare_cdf_pdf_layer_5.jpg
1226,13680.0,ravdess,1e5rawre,fft,,female,8,0.0043291240490123,0.0115992420290783,1,,,https://github.com/yashdave003/hierarchical-bayesian-model-validation/blob/main/results-audio/case-studies/ravdess/1e5rawre/fft/female/plots/compare_cdf_pdf_layer_8.jpg
1227,28080.0,ravdess,1e5rawre,fft,,female,11,0.0018019009760712,0.0080986616748604,1,,,https://github.com/yashdave003/hierarchical-bayesian-model-validation/blob/main/results-audio/case-studies/ravdess/1e5rawre/fft/female/plots/compare_cdf_pdf_layer_11.jpg
1228,56160.0,ravdess,1e5rawre,fft,,female,14,0.0122700474894822,0.0057278566449346,1,,,https://github.com/yashdave003/hierarchical-bayesian-model-validation/blob/main/results-audio/case-studies/ravdess/1e5rawre/fft/female/plots/compare_cdf_pdf_layer_14.jpg
1229,450720.0,ravdess,1e5rawre,fft,,female,17,0.007551819193322,0.0020225460665103,1,,,https://github.com/yashdave003/hierarchical-bayesian-model-validation/blob/main/results-audio/case-studies/ravdess/1e5rawre/fft/female/plots/compare_cdf_pdf_layer_17.jpg
1230,901440.0,ravdess,1e5rawre,fft,,female,20,0.0010438907997223,0.0014302327594031,1,,,https://github.com/yashdave003/hierarchical-bayesian-model-validation/blob/main/results-audio/case-studies/ravdess/1e5rawre/fft/female/plots/compare_cdf_pdf_layer_20.jpg
1231,7211520.0,ravdess,1e5rawre,fft,,female,23,0.0009226982751382,0.000505705940851,1,,,https://github.com/yashdave003/hierarchical-bayesian-model-validation/blob/main/results-audio/case-studies/ravdess/1e5rawre/fft/female/plots/compare_cdf_pdf_layer_23.jpg
1232,3605760.0,ravdess,1e5rawre,fft,,female,26,0.0011730704968695,0.0007151626533607,1,,,https://github.com/yashdave003/hierarchical-bayesian-model-validation/blob/main/results-audio/case-studies/ravdess/1e5rawre/fft/female/plots/compare_cdf_pdf_layer_26.jpg
1233,7211520.0,ravdess,1e5rawre,fft,,female,30,0.0025636379268627,0.000505705940851,1,,,https://github.com/yashdave003/hierarchical-bayesian-model-validation/blob/main/results-audio/case-studies/ravdess/1e5rawre/fft/female/plots/compare_cdf_pdf_layer_30.jpg
1234,720.0,ravdess,1e5rawre,fft,,male,2,0.0082081725190494,0.0503758449430035,1,,,https://github.com/yashdave003/hierarchical-bayesian-model-validation/blob/main/results-audio/case-studies/ravdess/1e5rawre/fft/male/plots/compare_cdf_pdf_layer_2.jpg
1235,7200.0,ravdess,1e5rawre,fft,,male,5,0.0136233832333115,0.0159820064737149,1,,,https://github.com/yashdave003/hierarchical-bayesian-model-validation/blob/main/results-audio/case-studies/ravdess/1e5rawre/fft/male/plots/compare_cdf_pdf_layer_5.jpg
1236,13680.0,ravdess,1e5rawre,fft,,male,8,0.0109302135890201,0.0115992420290783,1,,,https://github.com/yashdave003/hierarchical-bayesian-model-validation/blob/main/results-audio/case-studies/ravdess/1e5rawre/fft/male/plots/compare_cdf_pdf_layer_8.jpg
1237,28080.0,ravdess,1e5rawre,fft,,male,11,0.0035690014238046,0.0080986616748604,1,,,https://github.com/yashdave003/hierarchical-bayesian-model-validation/blob/main/results-audio/case-studies/ravdess/1e5rawre/fft/male/plots/compare_cdf_pdf_layer_11.jpg
1238,56160.0,ravdess,1e5rawre,fft,,male,14,0.0115599503745989,0.0057278566449346,1,,,https://github.com/yashdave003/hierarchical-bayesian-model-validation/blob/main/results-audio/case-studies/ravdess/1e5rawre/fft/male/plots/compare_cdf_pdf_layer_14.jpg
1239,450720.0,ravdess,1e5rawre,fft,,male,17,0.0031569095044311,0.0020225460665103,1,,,https://github.com/yashdave003/hierarchical-bayesian-model-validation/blob/main/results-audio/case-studies/ravdess/1e5rawre/fft/male/plots/compare_cdf_pdf_layer_17.jpg
1240,901440.0,ravdess,1e5rawre,fft,,male,20,0.0012082046676756,0.0014302327594031,1,,,https://github.com/yashdave003/hierarchical-bayesian-model-validation/blob/main/results-audio/case-studies/ravdess/1e5rawre/fft/male/plots/compare_cdf_pdf_layer_20.jpg
1241,7211520.0,ravdess,1e5rawre,fft,,male,23,0.0011382968407997,0.000505705940851,1,,,https://github.com/yashdave003/hierarchical-bayesian-model-validation/blob/main/results-audio/case-studies/ravdess/1e5rawre/fft/male/plots/compare_cdf_pdf_layer_23.jpg
1242,3605760.0,ravdess,1e5rawre,fft,,male,26,0.0003067513178983,0.0007151626533607,1,,,https://github.com/yashdave003/hierarchical-bayesian-model-validation/blob/main/results-audio/case-studies/ravdess/1e5rawre/fft/male/plots/compare_cdf_pdf_layer_26.jpg
1243,7211520.0,ravdess,1e5rawre,fft,,male,30,0.0022809846992557,0.000505705940851,1,,,https://github.com/yashdave003/hierarchical-bayesian-model-validation/blob/main/results-audio/case-studies/ravdess/1e5rawre/fft/male/plots/compare_cdf_pdf_layer_30.jpg
1244,768.0,ravdess,1e5rawre,fft,,normal_intensity,2,0.0116149393928876,0.0487836823851768,1,,,https://github.com/yashdave003/hierarchical-bayesian-model-validation/blob/main/results-audio/case-studies/ravdess/1e5rawre/fft/normal_intensity/plots/compare_cdf_pdf_layer_2.jpg
1245,7680.0,ravdess,1e5rawre,fft,,normal_intensity,5,0.0087278784182068,0.0154752345036585,1,,,https://github.com/yashdave003/hierarchical-bayesian-model-validation/blob/main/results-audio/case-studies/ravdess/1e5rawre/fft/normal_intensity/plots/compare_cdf_pdf_layer_5.jpg
1246,14592.0,ravdess,1e5rawre,fft,,normal_intensity,8,0.0050189048075726,0.0112312968059888,1,,,https://github.com/yashdave003/hierarchical-bayesian-model-validation/blob/main/results-audio/case-studies/ravdess/1e5rawre/fft/normal_intensity/plots/compare_cdf_pdf_layer_8.jpg
1247,29952.0,ravdess,1e5rawre,fft,,normal_intensity,11,0.0029089279856511,0.0078416794420502,1,,,https://github.com/yashdave003/hierarchical-bayesian-model-validation/blob/main/results-audio/case-studies/ravdess/1e5rawre/fft/normal_intensity/plots/compare_cdf_pdf_layer_11.jpg
1248,59904.0,ravdess,1e5rawre,fft,,normal_intensity,14,0.0243759621021528,0.0055460651256572,1,,,https://github.com/yashdave003/hierarchical-bayesian-model-validation/blob/main/results-audio/case-studies/ravdess/1e5rawre/fft/normal_intensity/plots/compare_cdf_pdf_layer_14.jpg
1249,480768.0,ravdess,1e5rawre,fft,,normal_intensity,17,0.0036231266672276,0.0019583332007082,1,,,https://github.com/yashdave003/hierarchical-bayesian-model-validation/blob/main/results-audio/case-studies/ravdess/1e5rawre/fft/normal_intensity/plots/compare_cdf_pdf_layer_17.jpg
1250,961536.0,ravdess,1e5rawre,fft,,normal_intensity,20,0.0009027840014087,0.0013848226074512,1,,,https://github.com/yashdave003/hierarchical-bayesian-model-validation/blob/main/results-audio/case-studies/ravdess/1e5rawre/fft/normal_intensity/plots/compare_cdf_pdf_layer_20.jpg
1251,7692288.0,ravdess,1e5rawre,fft,,normal_intensity,23,0.0010142593163454,0.0004896483826868,1,,,https://github.com/yashdave003/hierarchical-bayesian-model-validation/blob/main/results-audio/case-studies/ravdess/1e5rawre/fft/normal_intensity/plots/compare_cdf_pdf_layer_23.jpg
1252,3846144.0,ravdess,1e5rawre,fft,,normal_intensity,26,0.0007090427798947,0.0006924546837536,1,,,https://github.com/yashdave003/hierarchical-bayesian-model-validation/blob/main/results-audio/case-studies/ravdess/1e5rawre/fft/normal_intensity/plots/compare_cdf_pdf_layer_26.jpg
1253,7692288.0,ravdess,1e5rawre,fft,,normal_intensity,30,0.0019053320077895,0.0004896483826868,1,,,https://github.com/yashdave003/hierarchical-bayesian-model-validation/blob/main/results-audio/case-studies/ravdess/1e5rawre/fft/normal_intensity/plots/compare_cdf_pdf_layer_30.jpg
1254,720.0,ravdess,1e5rawre,fft,,statement_1,2,0.0136426022227564,0.0503758449430035,1,,,https://github.com/yashdave003/hierarchical-bayesian-model-validation/blob/main/results-audio/case-studies/ravdess/1e5rawre/fft/statement_1/plots/compare_cdf_pdf_layer_2.jpg
1255,7200.0,ravdess,1e5rawre,fft,,statement_1,5,0.0117782403107569,0.0159820064737149,1,,,https://github.com/yashdave003/hierarchical-bayesian-model-validation/blob/main/results-audio/case-studies/ravdess/1e5rawre/fft/statement_1/plots/compare_cdf_pdf_layer_5.jpg
1256,13680.0,ravdess,1e5rawre,fft,,statement_1,8,0.0107902397927689,0.0115992420290783,1,,,https://github.com/yashdave003/hierarchical-bayesian-model-validation/blob/main/results-audio/case-studies/ravdess/1e5rawre/fft/statement_1/plots/compare_cdf_pdf_layer_8.jpg
1257,28080.0,ravdess,1e5rawre,fft,,statement_1,11,0.0038113821406003,0.0080986616748604,1,,,https://github.com/yashdave003/hierarchical-bayesian-model-validation/blob/main/results-audio/case-studies/ravdess/1e5rawre/fft/statement_1/plots/compare_cdf_pdf_layer_11.jpg
1258,56160.0,ravdess,1e5rawre,fft,,statement_1,14,0.0241381608044837,0.0057278566449346,1,,,https://github.com/yashdave003/hierarchical-bayesian-model-validation/blob/main/results-audio/case-studies/ravdess/1e5rawre/fft/statement_1/plots/compare_cdf_pdf_layer_14.jpg
1259,450720.0,ravdess,1e5rawre,fft,,statement_1,17,0.0046263825170695,0.0020225460665103,1,,,https://github.com/yashdave003/hierarchical-bayesian-model-validation/blob/main/results-audio/case-studies/ravdess/1e5rawre/fft/statement_1/plots/compare_cdf_pdf_layer_17.jpg
1260,901440.0,ravdess,1e5rawre,fft,,statement_1,20,0.0013024060420789,0.0014302327594031,1,,,https://github.com/yashdave003/hierarchical-bayesian-model-validation/blob/main/results-audio/case-studies/ravdess/1e5rawre/fft/statement_1/plots/compare_cdf_pdf_layer_20.jpg
1261,7211520.0,ravdess,1e5rawre,fft,,statement_1,23,0.0010924295028468,0.000505705940851,1,,,https://github.com/yashdave003/hierarchical-bayesian-model-validation/blob/main/results-audio/case-studies/ravdess/1e5rawre/fft/statement_1/plots/compare_cdf_pdf_layer_23.jpg
1262,3605760.0,ravdess,1e5rawre,fft,,statement_1,26,0.0003617130158968,0.0007151626533607,1,,,https://github.com/yashdave003/hierarchical-bayesian-model-validation/blob/main/results-audio/case-studies/ravdess/1e5rawre/fft/statement_1/plots/compare_cdf_pdf_layer_26.jpg
1263,7211520.0,ravdess,1e5rawre,fft,,statement_1,30,0.0018306730185267,0.000505705940851,1,,,https://github.com/yashdave003/hierarchical-bayesian-model-validation/blob/main/results-audio/case-studies/ravdess/1e5rawre/fft/statement_1/plots/compare_cdf_pdf_layer_30.jpg
1264,720.0,ravdess,1e5rawre,fft,,statement_2,2,0.0072830420275487,0.0503758449430035,1,,,https://github.com/yashdave003/hierarchical-bayesian-model-validation/blob/main/results-audio/case-studies/ravdess/1e5rawre/fft/statement_2/plots/compare_cdf_pdf_layer_2.jpg
1265,7200.0,ravdess,1e5rawre,fft,,statement_2,5,0.0091425236821025,0.0159820064737149,1,,,https://github.com/yashdave003/hierarchical-bayesian-model-validation/blob/main/results-audio/case-studies/ravdess/1e5rawre/fft/statement_2/plots/compare_cdf_pdf_layer_5.jpg
1266,13680.0,ravdess,1e5rawre,fft,,statement_2,8,0.0053311266071354,0.0115992420290783,1,,,https://github.com/yashdave003/hierarchical-bayesian-model-validation/blob/main/results-audio/case-studies/ravdess/1e5rawre/fft/statement_2/plots/compare_cdf_pdf_layer_8.jpg
1267,28080.0,ravdess,1e5rawre,fft,,statement_2,11,0.0017092933988651,0.0080986616748604,1,,,https://github.com/yashdave003/hierarchical-bayesian-model-validation/blob/main/results-audio/case-studies/ravdess/1e5rawre/fft/statement_2/plots/compare_cdf_pdf_layer_11.jpg
1268,56160.0,ravdess,1e5rawre,fft,,statement_2,14,0.0231008690805997,0.0057278566449346,1,,,https://github.com/yashdave003/hierarchical-bayesian-model-validation/blob/main/results-audio/case-studies/ravdess/1e5rawre/fft/statement_2/plots/compare_cdf_pdf_layer_14.jpg
1269,450720.0,ravdess,1e5rawre,fft,,statement_2,17,0.0054837523380575,0.0020225460665103,1,,,https://github.com/yashdave003/hierarchical-bayesian-model-validation/blob/main/results-audio/case-studies/ravdess/1e5rawre/fft/statement_2/plots/compare_cdf_pdf_layer_17.jpg
1270,901440.0,ravdess,1e5rawre,fft,,statement_2,20,0.0015360373275746,0.0014302327594031,1,,,https://github.com/yashdave003/hierarchical-bayesian-model-validation/blob/main/results-audio/case-studies/ravdess/1e5rawre/fft/statement_2/plots/compare_cdf_pdf_layer_20.jpg
1271,7211520.0,ravdess,1e5rawre,fft,,statement_2,23,0.0015010652026761,0.000505705940851,1,,,https://github.com/yashdave003/hierarchical-bayesian-model-validation/blob/main/results-audio/case-studies/ravdess/1e5rawre/fft/statement_2/plots/compare_cdf_pdf_layer_23.jpg
1272,3605760.0,ravdess,1e5rawre,fft,,statement_2,26,0.000682816161586,0.0007151626533607,1,,,https://github.com/yashdave003/hierarchical-bayesian-model-validation/blob/main/results-audio/case-studies/ravdess/1e5rawre/fft/statement_2/plots/compare_cdf_pdf_layer_26.jpg
1273,7211520.0,ravdess,1e5rawre,fft,,statement_2,30,0.0017181165514373,0.000505705940851,1,,,https://github.com/yashdave003/hierarchical-bayesian-model-validation/blob/main/results-audio/case-studies/ravdess/1e5rawre/fft/statement_2/plots/compare_cdf_pdf_layer_30.jpg
1274,672.0,ravdess,1e5rawre,fft,,strong_intensity,2,0.0086002688344691,0.0521351001083971,1,,,https://github.com/yashdave003/hierarchical-bayesian-model-validation/blob/main/results-audio/case-studies/ravdess/1e5rawre/fft/strong_intensity/plots/compare_cdf_pdf_layer_2.jpg
1275,6720.0,ravdess,1e5rawre,fft,,strong_intensity,5,0.0133122471931869,0.0165420932473769,1,,,https://github.com/yashdave003/hierarchical-bayesian-model-validation/blob/main/results-audio/case-studies/ravdess/1e5rawre/fft/strong_intensity/plots/compare_cdf_pdf_layer_5.jpg
1276,12768.0,ravdess,1e5rawre,fft,,strong_intensity,8,0.0127647655258077,0.0120059081380659,1,,,https://github.com/yashdave003/hierarchical-bayesian-model-validation/blob/main/results-audio/case-studies/ravdess/1e5rawre/fft/strong_intensity/plots/compare_cdf_pdf_layer_8.jpg
1277,26208.0,ravdess,1e5rawre,fft,,strong_intensity,11,0.0024143200677294,0.0083826937749309,1,,,https://github.com/yashdave003/hierarchical-bayesian-model-validation/blob/main/results-audio/case-studies/ravdess/1e5rawre/fft/strong_intensity/plots/compare_cdf_pdf_layer_11.jpg
1278,52416.0,ravdess,1e5rawre,fft,,strong_intensity,14,0.0191016805780781,0.0059287864316027,1,,,https://github.com/yashdave003/hierarchical-bayesian-model-validation/blob/main/results-audio/case-studies/ravdess/1e5rawre/fft/strong_intensity/plots/compare_cdf_pdf_layer_14.jpg
1279,420672.0,ravdess,1e5rawre,fft,,strong_intensity,17,0.0069610848161414,0.0020935206112638,1,,,https://github.com/yashdave003/hierarchical-bayesian-model-validation/blob/main/results-audio/case-studies/ravdess/1e5rawre/fft/strong_intensity/plots/compare_cdf_pdf_layer_17.jpg
1280,841344.0,ravdess,1e5rawre,fft,,strong_intensity,20,0.0012655783665843,0.0014804248264702,1,,,https://github.com/yashdave003/hierarchical-bayesian-model-validation/blob/main/results-audio/case-studies/ravdess/1e5rawre/fft/strong_intensity/plots/compare_cdf_pdf_layer_20.jpg
1281,6730752.0,ravdess,1e5rawre,fft,,strong_intensity,23,0.0012820783697433,0.0005234545393228,1,,,https://github.com/yashdave003/hierarchical-bayesian-model-validation/blob/main/results-audio/case-studies/ravdess/1e5rawre/fft/strong_intensity/plots/compare_cdf_pdf_layer_23.jpg
1282,3365376.0,ravdess,1e5rawre,fft,,strong_intensity,26,0.0010225143010237,0.000740261994085,1,,,https://github.com/yashdave003/hierarchical-bayesian-model-validation/blob/main/results-audio/case-studies/ravdess/1e5rawre/fft/strong_intensity/plots/compare_cdf_pdf_layer_26.jpg
1283,6730752.0,ravdess,1e5rawre,fft,,strong_intensity,30,0.0026759061924215,0.0005234545393228,1,,,https://github.com/yashdave003/hierarchical-bayesian-model-validation/blob/main/results-audio/case-studies/ravdess/1e5rawre/fft/strong_intensity/plots/compare_cdf_pdf_layer_30.jpg
1284,7281120.0,ravdess,1e5rawre,stft,,female,2,0.0017425968597895,0.0005032832335974,1,,,https://github.com/yashdave003/hierarchical-bayesian-model-validation/blob/main/results-audio/case-studies/ravdess/1e5rawre/stft/female/plots/compare_cdf_pdf_layer_2.jpg
1285,7281120.0,ravdess,1e5rawre,stft,,female,3,0.0017646156750513,0.0005032832335974,1,,,https://github.com/yashdave003/hierarchical-bayesian-model-validation/blob/main/results-audio/case-studies/ravdess/1e5rawre/stft/female/plots/compare_cdf_pdf_layer_3.jpg
1286,7281120.0,ravdess,1e5rawre,stft,,female,4,0.0018258684513521,0.0005032832335974,1,,,https://github.com/yashdave003/hierarchical-bayesian-model-validation/blob/main/results-audio/case-studies/ravdess/1e5rawre/stft/female/plots/compare_cdf_pdf_layer_4.jpg
1287,29124480.0,ravdess,1e5rawre,stft,,female,5,0.0044608196926705,0.0002516473415973,1,,,https://github.com/yashdave003/hierarchical-bayesian-model-validation/blob/main/results-audio/case-studies/ravdess/1e5rawre/stft/female/plots/compare_cdf_pdf_layer_5.jpg
1288,14562240.0,ravdess,1e5rawre,stft,,female,6,0.0053729008130276,0.0003558797301684,1,,,https://github.com/yashdave003/hierarchical-bayesian-model-validation/blob/main/results-audio/case-studies/ravdess/1e5rawre/stft/female/plots/compare_cdf_pdf_layer_6.jpg
1289,14562240.0,ravdess,1e5rawre,stft,,female,7,0.0056271999686854,0.0003558797301684,1,,,https://github.com/yashdave003/hierarchical-bayesian-model-validation/blob/main/results-audio/case-studies/ravdess/1e5rawre/stft/female/plots/compare_cdf_pdf_layer_7.jpg
1290,14562240.0,ravdess,1e5rawre,stft,,female,8,0.0056794726235764,0.0003558797301684,1,,,https://github.com/yashdave003/hierarchical-bayesian-model-validation/blob/main/results-audio/case-studies/ravdess/1e5rawre/stft/female/plots/compare_cdf_pdf_layer_8.jpg
1291,14789775.0,ravdess,1e5rawre,stft,,female,9,0.0047741475406923,0.0003531316707473,1,,,https://github.com/yashdave003/hierarchical-bayesian-model-validation/blob/main/results-audio/case-studies/ravdess/1e5rawre/stft/female/plots/compare_cdf_pdf_layer_9.jpg
1292,7196736.0,ravdess,1e5rawre,stft,,male,2,0.0019793656609915,0.0005062250775079,1,,,https://github.com/yashdave003/hierarchical-bayesian-model-validation/blob/main/results-audio/case-studies/ravdess/1e5rawre/stft/male/plots/compare_cdf_pdf_layer_2.jpg
1293,7196736.0,ravdess,1e5rawre,stft,,male,3,0.0030202320124842,0.0005062250775079,1,,,https://github.com/yashdave003/hierarchical-bayesian-model-validation/blob/main/results-audio/case-studies/ravdess/1e5rawre/stft/male/plots/compare_cdf_pdf_layer_3.jpg
1294,7196736.0,ravdess,1e5rawre,stft,,male,4,0.0026278750126703,0.0005062250775079,1,,,https://github.com/yashdave003/hierarchical-bayesian-model-validation/blob/main/results-audio/case-studies/ravdess/1e5rawre/stft/male/plots/compare_cdf_pdf_layer_4.jpg
1295,28786944.0,ravdess,1e5rawre,stft,,male,5,0.0032232751362466,0.0002531183306908,1,,,https://github.com/yashdave003/hierarchical-bayesian-model-validation/blob/main/results-audio/case-studies/ravdess/1e5rawre/stft/male/plots/compare_cdf_pdf_layer_5.jpg
1296,14393472.0,ravdess,1e5rawre,stft,,male,6,0.003854508844235,0.0003579599835704,1,,,https://github.com/yashdave003/hierarchical-bayesian-model-validation/blob/main/results-audio/case-studies/ravdess/1e5rawre/stft/male/plots/compare_cdf_pdf_layer_6.jpg
1297,14393472.0,ravdess,1e5rawre,stft,,male,7,0.0047305539965889,0.0003579599835704,1,,,https://github.com/yashdave003/hierarchical-bayesian-model-validation/blob/main/results-audio/case-studies/ravdess/1e5rawre/stft/male/plots/compare_cdf_pdf_layer_7.jpg
1298,14393472.0,ravdess,1e5rawre,stft,,male,8,0.0055699026708709,0.0003579599835704,1,,,https://github.com/yashdave003/hierarchical-bayesian-model-validation/blob/main/results-audio/case-studies/ravdess/1e5rawre/stft/male/plots/compare_cdf_pdf_layer_8.jpg
1299,14618370.0,ravdess,1e5rawre,stft,,male,9,0.0056223418797377,0.0003551958612049,1,,,https://github.com/yashdave003/hierarchical-bayesian-model-validation/blob/main/results-audio/case-studies/ravdess/1e5rawre/stft/male/plots/compare_cdf_pdf_layer_9.jpg
1300,7252576.0,ravdess,1e5rawre,stft,,normal_intensity,2,0.001610964695026,0.0005042726031124,1,,,https://github.com/yashdave003/hierarchical-bayesian-model-validation/blob/main/results-audio/case-studies/ravdess/1e5rawre/stft/normal_intensity/plots/compare_cdf_pdf_layer_2.jpg
1301,7252576.0,ravdess,1e5rawre,stft,,normal_intensity,3,0.0029790113376348,0.0005042726031124,1,,,https://github.com/yashdave003/hierarchical-bayesian-model-validation/blob/main/results-audio/case-studies/ravdess/1e5rawre/stft/normal_intensity/plots/compare_cdf_pdf_layer_3.jpg
1302,7252576.0,ravdess,1e5rawre,stft,,normal_intensity,4,0.0026923439305031,0.0005042726031124,1,,,https://github.com/yashdave003/hierarchical-bayesian-model-validation/blob/main/results-audio/case-studies/ravdess/1e5rawre/stft/normal_intensity/plots/compare_cdf_pdf_layer_4.jpg
1303,29010304.0,ravdess,1e5rawre,stft,,normal_intensity,5,0.0065260796923107,0.0002521420488903,1,,,https://github.com/yashdave003/hierarchical-bayesian-model-validation/blob/main/results-audio/case-studies/ravdess/1e5rawre/stft/normal_intensity/plots/compare_cdf_pdf_layer_5.jpg
1304,14505152.0,ravdess,1e5rawre,stft,,normal_intensity,6,0.0074773375476143,0.0003565793387321,1,,,https://github.com/yashdave003/hierarchical-bayesian-model-validation/blob/main/results-audio/case-studies/ravdess/1e5rawre/stft/normal_intensity/plots/compare_cdf_pdf_layer_6.jpg
1305,14505152.0,ravdess,1e5rawre,stft,,normal_intensity,7,0.0088833520054487,0.0003565793387321,1,,,https://github.com/yashdave003/hierarchical-bayesian-model-validation/blob/main/results-audio/case-studies/ravdess/1e5rawre/stft/normal_intensity/plots/compare_cdf_pdf_layer_7.jpg
1306,14505152.0,ravdess,1e5rawre,stft,,normal_intensity,8,0.0094734614241075,0.0003565793387321,1,,,https://github.com/yashdave003/hierarchical-bayesian-model-validation/blob/main/results-audio/case-studies/ravdess/1e5rawre/stft/normal_intensity/plots/compare_cdf_pdf_layer_8.jpg
1307,14731795.0,ravdess,1e5rawre,stft,,normal_intensity,9,0.0091044552398559,0.0003538258771927,1,,,https://github.com/yashdave003/hierarchical-bayesian-model-validation/blob/main/results-audio/case-studies/ravdess/1e5rawre/stft/normal_intensity/plots/compare_cdf_pdf_layer_9.jpg
1308,7277440.0,ravdess,1e5rawre,stft,,statement_1,2,0.0019922469465977,0.000503410459925,1,,,https://github.com/yashdave003/hierarchical-bayesian-model-validation/blob/main/results-audio/case-studies/ravdess/1e5rawre/stft/statement_1/plots/compare_cdf_pdf_layer_2.jpg
1309,7277440.0,ravdess,1e5rawre,stft,,statement_1,3,0.0015460744494223,0.000503410459925,1,,,https://github.com/yashdave003/hierarchical-bayesian-model-validation/blob/main/results-audio/case-studies/ravdess/1e5rawre/stft/statement_1/plots/compare_cdf_pdf_layer_3.jpg
1310,7277440.0,ravdess,1e5rawre,stft,,statement_1,4,0.0036367306777326,0.000503410459925,1,,,https://github.com/yashdave003/hierarchical-bayesian-model-validation/blob/main/results-audio/case-studies/ravdess/1e5rawre/stft/statement_1/plots/compare_cdf_pdf_layer_4.jpg
1311,29109760.0,ravdess,1e5rawre,stft,,statement_1,5,0.0021223763178116,0.0002517109576565,1,,,https://github.com/yashdave003/hierarchical-bayesian-model-validation/blob/main/results-audio/case-studies/ravdess/1e5rawre/stft/statement_1/plots/compare_cdf_pdf_layer_5.jpg
1312,14554880.0,ravdess,1e5rawre,stft,,statement_1,6,0.0026821503179861,0.0003559696951662,1,,,https://github.com/yashdave003/hierarchical-bayesian-model-validation/blob/main/results-audio/case-studies/ravdess/1e5rawre/stft/statement_1/plots/compare_cdf_pdf_layer_6.jpg
1313,14554880.0,ravdess,1e5rawre,stft,,statement_1,7,0.0027982223604836,0.0003559696951662,1,,,https://github.com/yashdave003/hierarchical-bayesian-model-validation/blob/main/results-audio/case-studies/ravdess/1e5rawre/stft/statement_1/plots/compare_cdf_pdf_layer_7.jpg
1314,14554880.0,ravdess,1e5rawre,stft,,statement_1,8,0.0035423532172171,0.0003559696951662,1,,,https://github.com/yashdave003/hierarchical-bayesian-model-validation/blob/main/results-audio/case-studies/ravdess/1e5rawre/stft/statement_1/plots/compare_cdf_pdf_layer_8.jpg
1315,14782300.0,ravdess,1e5rawre,stft,,statement_1,9,0.002790358966623,0.0003532209410687,1,,,https://github.com/yashdave003/hierarchical-bayesian-model-validation/blob/main/results-audio/case-studies/ravdess/1e5rawre/stft/statement_1/plots/compare_cdf_pdf_layer_9.jpg
1316,7200416.0,ravdess,1e5rawre,stft,,statement_2,2,0.0020070826992741,0.0005060957057388,1,,,https://github.com/yashdave003/hierarchical-bayesian-model-validation/blob/main/results-audio/case-studies/ravdess/1e5rawre/stft/statement_2/plots/compare_cdf_pdf_layer_2.jpg
1317,7200416.0,ravdess,1e5rawre,stft,,statement_2,3,0.0015133372905769,0.0005060957057388,1,,,https://github.com/yashdave003/hierarchical-bayesian-model-validation/blob/main/results-audio/case-studies/ravdess/1e5rawre/stft/statement_2/plots/compare_cdf_pdf_layer_3.jpg
1318,7200416.0,ravdess,1e5rawre,stft,,statement_2,4,0.0026227274936807,0.0005060957057388,1,,,https://github.com/yashdave003/hierarchical-bayesian-model-validation/blob/main/results-audio/case-studies/ravdess/1e5rawre/stft/statement_2/plots/compare_cdf_pdf_layer_4.jpg
1319,28801664.0,ravdess,1e5rawre,stft,,statement_2,5,0.0067162867805614,0.0002530536418455,1,,,https://github.com/yashdave003/hierarchical-bayesian-model-validation/blob/main/results-audio/case-studies/ravdess/1e5rawre/stft/statement_2/plots/compare_cdf_pdf_layer_5.jpg
1320,14400832.0,ravdess,1e5rawre,stft,,statement_2,6,0.0069565388529947,0.0003578685014621,1,,,https://github.com/yashdave003/hierarchical-bayesian-model-validation/blob/main/results-audio/case-studies/ravdess/1e5rawre/stft/statement_2/plots/compare_cdf_pdf_layer_6.jpg
1321,14400832.0,ravdess,1e5rawre,stft,,statement_2,7,0.0072479224954878,0.0003578685014621,1,,,https://github.com/yashdave003/hierarchical-bayesian-model-validation/blob/main/results-audio/case-studies/ravdess/1e5rawre/stft/statement_2/plots/compare_cdf_pdf_layer_7.jpg
1322,14400832.0,ravdess,1e5rawre,stft,,statement_2,8,0.008189505931067,0.0003578685014621,1,,,https://github.com/yashdave003/hierarchical-bayesian-model-validation/blob/main/results-audio/case-studies/ravdess/1e5rawre/stft/statement_2/plots/compare_cdf_pdf_layer_8.jpg
1323,14625845.0,ravdess,1e5rawre,stft,,statement_2,9,0.0071659802498168,0.0003551050854874,1,,,https://github.com/yashdave003/hierarchical-bayesian-model-validation/blob/main/results-audio/case-studies/ravdess/1e5rawre/stft/statement_2/plots/compare_cdf_pdf_layer_9.jpg
1324,7225280.0,ravdess,1e5rawre,stft,,strong_intensity,2,0.0022646390152833,0.0005052241939934,1,,,https://github.com/yashdave003/hierarchical-bayesian-model-validation/blob/main/results-audio/case-studies/ravdess/1e5rawre/stft/strong_intensity/plots/compare_cdf_pdf_layer_2.jpg
1325,7225280.0,ravdess,1e5rawre,stft,,strong_intensity,3,0.0016145175631122,0.0005052241939934,1,,,https://github.com/yashdave003/hierarchical-bayesian-model-validation/blob/main/results-audio/case-studies/ravdess/1e5rawre/stft/strong_intensity/plots/compare_cdf_pdf_layer_3.jpg
1326,7225280.0,ravdess,1e5rawre,stft,,strong_intensity,4,0.0042948630257145,0.0005052241939934,1,,,https://github.com/yashdave003/hierarchical-bayesian-model-validation/blob/main/results-audio/case-studies/ravdess/1e5rawre/stft/strong_intensity/plots/compare_cdf_pdf_layer_4.jpg
1327,28901120.0,ravdess,1e5rawre,stft,,strong_intensity,5,0.0033385728129083,0.0002526178660476,1,,,https://github.com/yashdave003/hierarchical-bayesian-model-validation/blob/main/results-audio/case-studies/ravdess/1e5rawre/stft/strong_intensity/plots/compare_cdf_pdf_layer_5.jpg
1328,14450560.0,ravdess,1e5rawre,stft,,strong_intensity,6,0.0043914314633658,0.0003572522330892,1,,,https://github.com/yashdave003/hierarchical-bayesian-model-validation/blob/main/results-audio/case-studies/ravdess/1e5rawre/stft/strong_intensity/plots/compare_cdf_pdf_layer_6.jpg
1329,14450560.0,ravdess,1e5rawre,stft,,strong_intensity,7,0.0028448185102807,0.0003572522330892,1,,,https://github.com/yashdave003/hierarchical-bayesian-model-validation/blob/main/results-audio/case-studies/ravdess/1e5rawre/stft/strong_intensity/plots/compare_cdf_pdf_layer_7.jpg
1330,14450560.0,ravdess,1e5rawre,stft,,strong_intensity,8,0.0030378338265743,0.0003572522330892,1,,,https://github.com/yashdave003/hierarchical-bayesian-model-validation/blob/main/results-audio/case-studies/ravdess/1e5rawre/stft/strong_intensity/plots/compare_cdf_pdf_layer_8.jpg
1331,14676350.0,ravdess,1e5rawre,stft,,strong_intensity,9,0.0039607698753188,0.0003544935757095,1,,,https://github.com/yashdave003/hierarchical-bayesian-model-validation/blob/main/results-audio/case-studies/ravdess/1e5rawre/stft/strong_intensity/plots/compare_cdf_pdf_layer_9.jpg
