layer,obs_var,var_lower,var_upper,obs_kurt,kurt_lower,kurt_upper,total_samples
2,1829.164,1651.3728,2019.9026,2.8732991,1.8400067,4.0124154,3180.0
3,577.9665,547.1485,610.21735,2.5915341,2.004859,3.2742527,12720.0
4,161.06483,151.59514,170.84312,3.3360767,2.6447284,4.1885266,50880.0
5,37.128075,34.70572,39.643353,4.7606573,3.808561,5.9023128,203520.0
6,7.4650126,6.910058,8.046522,6.5569086,5.0743484,8.726763,814080.0
7,1.4161966,1.3019389,1.538062,8.566812,6.601404,11.716293,3256320.0
8,0.22900936,0.20869564,0.25236318,11.555227,7.821531,25.041437,13025280.0
