layer,obs_var,var_lower,var_upper,obs_kurt,kurt_lower,kurt_upper,total_samples
2,,,,,,,0.0
3,455481.66,363057.7,557847.94,1.9448872,1.0012695,2.9340363,564.0
4,241418.06,225806.88,257381.55,4.4502587,4.034465,4.8798065,22538.0
5,33947.695,31871.596,36147.625,3.9668555,3.0010962,5.0994554,296776.0
6,6416.6694,5792.7563,7090.9805,13.477583,10.768813,16.43501,2880648.0
7,397.8926,357.50107,450.38068,17.566162,9.929181,54.616486,25362406.0
8,14.746988,8.50211,32.184074,1000.2012,10.271237,2363.2478,213093688.0
