layer,obs_var,var_lower,var_upper,obs_kurt,kurt_lower,kurt_upper,total_samples
2,2016.2673,1771.612,2277.8923,1.7876205,0.9790546,2.7210758,1604.0
3,418.41046,389.29623,448.93304,2.9317265,2.21778,3.9027553,6416.0
4,77.68085,72.41576,83.12827,5.123804,4.181134,6.338999,25664.0
5,13.520428,12.465226,14.630388,7.8307095,6.4583225,9.586671,102656.0
6,2.314086,2.0983424,2.5449293,12.186647,9.606094,15.972951,410624.0
7,0.44257218,0.395939,0.49430776,16.364218,12.365527,23.920084,1642496.0
8,0.13139017,0.11775188,0.14692476,16.181229,10.946961,27.24519,6569984.0
9,0.06382568,0.058325313,0.070168495,10.84956,6.347395,23.36418,26279936.0
