layer,obs_var,var_lower,var_upper,obs_kurt,kurt_lower,kurt_upper,total_samples
2,1702.3782,1542.6716,1868.9077,0.20683312,-0.15090509,0.62398905,1604.0
3,382.92105,361.27826,404.9726,1.1389065,0.8584729,1.4436324,6416.0
4,71.127075,67.0761,75.315895,2.9972672,2.3848255,3.6865294,25664.0
5,12.14998,11.351369,12.987725,4.8910856,3.9545984,6.1466312,102656.0
6,2.0384216,1.8735561,2.2174478,8.822575,6.483714,14.7810545,410624.0
7,0.35928306,0.32329896,0.4006077,15.177502,10.213203,30.664791,1642496.0
8,0.08178112,0.07120007,0.09634708,31.832588,15.502575,102.338135,6569984.0
9,0.019029992,0.01580924,0.024285248,66.97767,25.17222,248.76872,26279936.0
