layer,obs_var,var_lower,var_upper,obs_kurt,kurt_lower,kurt_upper,total_samples,kstest_stat_initial,initial_r,initial_eta,initial_scale,initial_exclude_cutoff,best_augmented_var,kstest_stat_cutoff_0.05,kstest_stat_best,best_r,best_eta,best_scale,best_exclude_cutoff,n_pval_0.05
2,1702.3782,1542.6716,1868.9077,0.20683312,-0.15090509,0.62398905,1604.0,0.0252437704565949,5.8,0.2,2743.262159101361,0.0,1702.3782,0.033804382765303224,0.0252437704565949,5.8,0.2,2743.262159101361,0.0,3043
3,382.92105,361.27826,404.9726,1.1389065,0.8584729,1.4436324,6416.0,0.010123409286671,3.8,-0.6,829.3569173074306,0.0,382.92105,0.016928848255368546,0.010123409286671,3.8,-0.6,829.3569173074306,0.0,18270
4,71.127075,67.0761,75.315895,2.9972672,2.3848255,3.6865294,25664.0,0.0043953621254517,8.7,-1.0,223.51163340086492,0.0,67.54837036132812,0.008471003560381446,0.004007630220567049,9.0,-0.97,203.95465474685864,25.0,109623
5,12.14998,11.351369,12.987725,4.8910856,3.9545984,6.1466312,102656.0,0.0067626498039811,1.8,-1.1,38.477520513782856,150.0,11.701014518737793,0.004237135996393022,0.0061919419593550185,1.4,-1.09,36.049383474827174,50.0,48721
6,2.0384216,1.8735561,2.2174478,8.822575,6.483714,14.7810545,410624.0,0.0141705716145307,0.6,-1.1,2.3183034403646388,0.0,1.8634130954742432,0.002118975219285392,0.01312534438450741,0.9,-1.14,4.661824521248778,100.0,10827
7,0.35928306,0.32329896,0.4006077,15.177502,10.213203,30.664791,1642496.0,0.0170425636178168,0.7,-1.2,0.6050039098372315,300.0,0.2900194525718689,0.0010595892481240078,0.013219380850782336,1.1,-1.24,1.193869775899627,225.0,10827
8,0.08178112,0.07120007,0.09634708,31.832588,15.502575,102.338135,6569984.0,0.0062155645305917,0.3,-1.0,0.0027413432609075,50.0,0.08178111910820007,0.0005298200128246353,0.006149261163269193,0.29,-1.0,0.002392943819253563,0.0,51328
9,0.019029992,0.01580924,0.024285248,66.97767,25.17222,248.76872,26279936.0,0.0162092148060715,0.1,-0.1,3.113069412627379e-15,200.0,0.013739210553467274,0.0002649163509945643,0.014929955277082518,0.1,-0.12,3.699618063792788e-15,150.0,8119
