layer,total_samples,initial_r,initial_eta,kstest_stat_initial,initial_exclude_cutoff,best_r,best_eta,best_scale,kstest_stat_best,best_exclude_cutoff,n_pval_0.05
2,1604.0,5.8,0.2,0.0252437704565949,0.0,5.8,0.2,2743.262159101361,0.0252437704565949,0.0,3043
3,6416.0,3.8,-0.6,0.010123409286671,0.0,3.8,-0.6,829.3569173074306,0.010123409286671,0.0,18270
4,25664.0,8.7,-1.0,0.0043953621254517,0.0,9.0,-0.97,203.95465474685864,0.004007630220567049,25.0,109623
5,102656.0,1.8,-1.1,0.0067626498039811,150.0,1.4,-1.09,36.049383474827174,0.0061919419593550185,50.0,48721
6,410624.0,0.6,-1.1,0.0141705716145307,0.0,0.9,-1.14,4.661824521248778,0.01312534438450741,100.0,10827
7,1642496.0,0.7,-1.2,0.0170425636178168,300.0,1.1,-1.24,1.193869775899627,0.013219380850782336,225.0,10827
8,6569984.0,0.3,-1.0,0.0062155645305917,50.0,0.29,-1.0,0.002392943819253563,0.006149261163269193,0.0,51328
9,26279936.0,0.1,-0.1,0.0162092148060715,200.0,0.1,-0.12,3.699618063792788e-15,0.014929955277082518,150.0,8119
