band,obs_var,var_lower,var_upper,obs_kurt,kurt_lower,kurt_upper,total_samples
2,53.1879,45.131886,66.013885,52.469856,16.582716,188.89655,7252576.0
3,25.459986,20.645855,37.5669,150.81416,21.229101,604.20825,7252576.0
4,24.013163,18.758362,36.292908,182.3776,33.961002,677.1039,7252576.0
5,12.004702,9.197492,18.257793,196.23714,41.88363,695.4542,29010304.0
6,3.2896712,2.4069712,5.9143543,400.95535,44.300034,1250.474,14505152.0
7,0.8100986,0.61801356,1.2412571,201.76631,41.87186,718.4249,14505152.0
8,0.3360895,0.24591663,0.59824765,383.33743,49.031776,1215.144,14505152.0
9,0.22788559,0.16407229,0.3518807,233.66394,67.64144,731.4924,14731795.0
