layer,obs_var,var_lower,var_upper,obs_kurt,kurt_lower,kurt_upper,total_samples,initial_r,initial_eta,initial_scale,kstest_stat_initial,kstest_stat_cutoff_0.05,best_r_eta0,best_scale_eta0,kstest_stat_eta0
2,1829.164,1651.3728,2019.9026,2.8732991,1.8400067,4.0124154,3180.0,0.74,0.2,542.20038914913,0.0174259831959303,0.0240303354829301,6.0,0.39025914784962495,0.3277320930895047
3,577.9665,547.1485,610.21735,2.5915341,2.004859,3.2742527,12720.0,0.27,2.7,0.016461137599334,0.0051677535897904,0.0120285145061138,5.9,0.3899999526736968,0.3820567097161634
4,161.06483,151.59514,170.84312,3.3360767,2.6447284,4.1885266,50880.0,0.32,1.0,0.1779560358921785,0.0045407921949978,0.0060175634983601,5.8,0.38972027419308114,0.42455014950943604
5,37.128075,34.70572,39.643353,4.7606573,3.808561,5.9023128,203520.0,0.4,1e-09,0.8883273310712225,0.0020055865453677,0.0030096044936828,5.8,0.38972027419308114,0.45594250203703063
6,7.4650126,6.910058,8.046522,6.5569086,5.0743484,8.726763,814080.0,0.32,-0.1,0.0390838517623431,0.0033063711527463,0.0015050074551751,5.8,0.38972027419308114,0.47571984834895015
7,1.4161966,1.3019389,1.538062,8.566812,6.601404,11.716293,3256320.0,0.17,0.6,1.926516588972363e-07,0.0077233978785699,0.0007525549699048,5.8,0.38972027419308114,0.4870308977580166
8,0.22900936,0.20869564,0.25236318,11.555227,7.821531,25.041437,13025280.0,0.12,1.4,2.1638148618487475e-13,0.0259199999999919,0.0003762902880576,0.03,6.726986882669532e-62,0.47904
