band,obs_var,var_lower,var_upper,obs_kurt,kurt_lower,kurt_upper,total_samples
2,210803680.0,196060540.0,226624820.0,5.938156,4.3116508,8.405163,47614.0
5,84666650.0,77489040.0,92838180.0,10.238721,6.227642,16.210068,102030.0
8,24417996.0,22310984.0,26840112.0,10.654583,6.3185396,24.114672,326496.0
11,6095848.0,5591611.0,6651503.0,9.48183,6.0362844,16.780165,904666.0
14,1795078.9,1641329.1,1980498.8,11.123091,6.3032494,29.718306,2727602.0
17,441578.16,395581.88,549940.75,38.0401,6.9555607,230.06932,8298440.0
20,73193.055,62645.906,122698.06,212.9469,7.1355968,983.5887,25140192.0
23,17417.818,15789.036,22048.383,38.076736,4.8791695,234.75398,65734528.0
