band,obs_var,var_lower,var_upper,obs_kurt,kurt_lower,kurt_upper,total_samples,initial_r,initial_eta,initial_scale,kstest_stat_initial,kstest_stat_cutoff_0.05
2,210803680.0,196060540.0,226624820.0,5.938156,4.3116508,8.405163,47614.0,0.27,0.5,69902.52120382006,0.012831368508264607,0.0062204080553092435
5,84666650.0,77489040.0,92838180.0,10.238721,6.227642,16.210068,102030.0,0.27,0.1,56426.32968235103,0.013171732956880067,0.004250109478285763
8,24417996.0,22310984.0,26840112.0,10.654583,6.3185396,24.114672,326496.0,0.3,-0.1,71274.40931077074,0.011173756279191649,0.002376287493954915
11,6095848.0,5591611.0,6651503.0,9.48183,6.0362844,16.780165,904666.0,0.35,-0.3,95217.01611826674,0.01013921035051668,0.0014276807376072355
14,1795078.9,1641329.1,1980498.8,11.123091,6.3032494,29.718306,2727602.0,0.4,-0.5,99427.95340575742,0.0075514478941911545,0.0008222587962986603
17,441578.16,395581.88,549940.75,38.0401,6.9555607,230.06932,8298440.0,0.54,-0.6,100000.0,0.004528827431295068,0.00047142713729943133
20,73193.055,62645.906,122698.06,212.9469,7.1355968,983.5887,25140192.0,0.06,6.2,2.0004614736299347e-31,0.00235966548785968,0.0002708547073073513
23,17417.818,15789.036,22048.383,38.076736,4.8791695,234.75398,65734528.0,0.07,7.4,7.356094543604515e-27,0.002091245673670361,0.00016750507336682816
