layer,obs_var,var_lower,var_upper,obs_kurt,kurt_lower,kurt_upper,total_samples
2,7731.795,7003.013,8498.28,3.6752124,2.8778286,4.5770555,4000
3,2171.8284,2023.8219,2327.2812,5.422065,4.453827,6.5850816,16000
4,631.4177,583.9287,680.3857,6.8568363,5.760458,8.061496,64000
5,167.3547,153.82925,181.46889,8.247364,7.0261936,9.638812,256000
6,41.306942,37.73571,45.09278,9.972962,8.525195,11.562271,1024000
7,9.5000925,8.616517,10.435153,11.767166,10.08344,13.645998,4096000
8,2.1396968,1.9296218,2.362008,13.323641,11.275318,15.623882,16384000
9,0.52442455,0.47183806,0.58028525,14.296133,11.851704,17.148954,65536000
10,0.15829888,0.14300992,0.17463891,13.106958,10.595962,15.865153,262144000
