layer,obs_var,var_lower,var_upper,obs_kurt,kurt_lower,kurt_upper,total_samples,kstest_stat_initial,initial_r,initial_eta,initial_scale,initial_exclude_cutoff,best_augmented_var,kstest_stat_cutoff_0.05,kstest_stat_best,best_r,best_eta,best_scale,best_exclude_cutoff,n_pval_0.05
2,188568.48,99639.69,330252.97,536.0407,113.30085,760.9477,9000,0.0145866815093661,0.1,2.1,4.600272576933388e-12,25.0,53255.29296875,0.014296961166644029,0.01394518341100448,0.09,2.5,8.081689078814715e-15,25.0,9000.0
3,42567.688,23775.207,71603.1,488.98392,135.97705,891.2222,36000,0.0132249146790043,0.1,1.8,1.809751850888067e-12,200.0,9663.301,0.007153161548533642,0.0132249146790043,0.1,1.8,1.809751850888067e-12,200.0,10125.0
4,10773.024,5322.7065,20877.057,785.2625,131.36769,1768.965,144000,0.0092418751234535,0.1,1.5,8.671919176198997e-13,500.0,2194.90283203125,0.003577744605964338,0.008024630032559738,0.09,1.7,3.038051244307212e-15,400.0,28830.0
5,1800.4326,923.8044,3624.7683,858.10016,109.90415,2074.951,576000,0.0069814914209556,0.1,1.5,1.8230052237989682e-13,350.0,432.80133056640625,0.001789162458327746,0.006438990286448815,0.1,1.5,1.8760410224007818e-13,325.0,45562.0
6,390.86823,183.29387,971.2292,1521.2782,104.04905,3444.5947,2304000,0.0047488650997782,0.1,2.3,4.8458783110299755e-15,300.0,93.77017974853516,0.0008946536675937644,0.00439003634158075,0.1,2.2,6.33913797918042e-15,275.0,91125.0
7,98.47588,41.01833,351.57446,3306.414,84.38518,5671.773,9216000,0.0039288885547186,0.2,0.8,5.4578161293177096e-05,250.0,24.45922088623047,0.00044734493084683295,0.0037169860143119182,0.21,0.6,0.00019207934289154234,225.0,136687.0
8,33.197308,15.931733,100.44257,2270.344,78.3117,4640.2104,36864000,0.0026314211453489,0.1,2.4,5.012725709308566e-16,100.0,11.897679,0.00022367698811616015,0.0026314211453489,0.1,2.4,5.012725709308566e-16,100.0,273375.0
9,11.251238,4.42777,43.867798,5139.562,82.370804,6105.731,147456000,0.0025015457230307,0.1,2.3,1.600728736074311e-16,150.0,3.1274306774139404,0.00011183962453501836,0.002265014524069464,0.09,2.6,3.7048352900556696e-19,125.0,364500.0
10,1.8759975,0.61680007,10.1300535,9748.247,78.49217,7481.529,589824000,0.0049425871812087,0.1,2.1,3.4201815427116596e-17,200.0,0.38493117690086365,5.5920094864633584e-05,0.004556184514517003,0.1,2.2,2.602247163657592e-17,225.0,91125.0
