layer,total_samples,initial_r,initial_eta,kstest_stat_initial,initial_exclude_cutoff,best_r,best_eta,best_scale,kstest_stat_best,best_exclude_cutoff,n_pval_0.05
2,9000,0.2,0.2,0.0112230310216158,25.0,0.23,0.0,8.296568481140358,0.010457057029368277,25.0,17085
3,36000,0.1,1.6,0.0105537986034122,150.0,0.09,1.7,2.2939021427857844e-14,0.009386347257130168,100.0,20250
4,144000,0.1,1.2,0.0068048245029017,350.0,0.1,1.2,3.266162492694206e-12,0.0068048245029017,350.0,40500
5,576000,0.1,1.7,0.0060463866883031,350.0,0.09,1.9,4.1593794623701277e-16,0.0054068127399539145,300.0,60750
6,2304000,0.1,2.3,0.0039029447331728,250.0,0.09,2.7,1.2053819600777754e-17,0.0036367558980473502,225.0,144000
7,9216000,0.1,2.6,0.0028344454169968,150.0,0.1,2.6,1.159408742473178e-15,0.0028344454169968,150.0,243000
8,36864000,0.2,0.5,0.00209654475768,150.0,0.2,0.5,6.623528934977986e-05,0.00209654475768,150.0,432000
9,147456000,0.1,2.4,0.002992110025808,150.0,0.11,2.2,1.8619365731067685e-14,0.0026735428682280234,175.0,273375
10,589824000,0.1,2.8,0.0055294600574041,300.0,0.09,3.2,1.3968872818045896e-20,0.005471081072166206,275.0,60750
