layer,obs_var,var_lower,var_upper,obs_kurt,kurt_lower,kurt_upper,total_samples
2,30058960.0,27538398.0,32711908.0,0.7299614,0.39936975,1.080867,2446.0
3,5665109.5,5395799.0,5944192.5,1.4677505,1.2305831,1.7196156,9784.0
4,1100174.5,1039448.44,1163045.1,2.7505512,2.3091085,3.245366,39136.0
5,210979.58,197224.11,225236.08,4.7045045,4.0437217,5.443765,156544.0
6,40828.41,37713.863,44111.57,7.2818165,6.115109,8.737838,626176.0
7,8083.446,7364.7646,8848.112,10.622059,8.626104,13.357651,2504704.0
8,1791.4688,1614.1348,1980.0544,13.650112,11.173287,16.72244,10018816.0
9,477.68924,429.76874,529.2324,14.636528,11.965131,17.953781,40075264.0
