layer,obs_var,var_lower,var_upper,obs_kurt,kurt_lower,kurt_upper,total_samples
2,8042.799,7184.9683,8939.936,1.6306129,1.0647702,2.338562,2006
3,1509.0339,1413.4891,1607.7942,3.0471177,2.6318724,3.5048678,8024
4,276.90918,258.63,295.79538,4.810332,4.159387,5.493632,32096
5,53.113544,48.99422,57.356956,7.4073906,6.46701,8.431077,128384
6,10.187246,9.28498,11.142244,10.593103,9.060363,12.327036,513536
7,2.0604434,1.8520551,2.2836983,14.699659,12.282325,17.500978,2054144
8,0.4811036,0.42823562,0.5373076,17.321844,14.460008,20.51288,8216576
9,0.15057102,0.13418813,0.16807187,17.096682,14.302503,20.10257,32866304
