layer,obs_var,var_lower,var_upper,obs_kurt,kurt_lower,kurt_upper,total_samples
2,30055032.0,27534298.0,32706860.0,0.7297292,0.3991378,1.0806067,2446
3,5664363.5,5395078.0,5943322.0,1.4673786,1.230193,1.7191181,9784
4,1100038.8,1039317.3,1162902.1,2.7502666,2.30896,3.2450128,39136
5,210955.19,197202.4,225208.61,4.704251,4.043499,5.443361,156544
6,40823.69,37709.703,44106.527,7.2814083,6.1148615,8.737075,626176
7,8082.4106,7363.835,8846.996,10.621169,8.625637,13.3561125,2504704
8,1791.2172,1613.9207,1979.8004,13.649155,11.172685,16.721,10018816
9,477.63455,429.71783,529.16956,14.6329365,11.962647,17.94449,40075264
