layer,obs_var,var_lower,var_upper,obs_kurt,kurt_lower,kurt_upper,total_samples
2,7033.1094,6575.202,7502.255,-0.38998485,-0.5217233,-0.24860013,2446
3,1485.3868,1423.7725,1548.9489,0.6372862,0.5039191,0.77659184,9784
4,299.22726,283.79486,315.1271,2.1257749,1.7875338,2.500192,39136
5,58.35128,54.677464,62.158474,4.274248,3.5630684,5.217214,156544
6,11.54628,10.649501,12.5288105,7.8944273,5.764907,14.354151,626176
7,2.319492,2.1044142,2.579518,13.34358,8.176902,37.261646,2504704
8,0.5238069,0.46720436,0.608356,23.059578,10.370432,96.503456,10018816
9,0.14216252,0.1264175,0.16607808,25.015984,11.1960945,99.90361,40075264
