layer,obs_var,var_lower,var_upper,obs_kurt,kurt_lower,kurt_upper,total_samples,kstest_stat_initial,initial_r,initial_eta,initial_scale,initial_exclude_cutoff,best_augmented_var,kstest_stat_cutoff_0.05
2,30058960.0,27538398.0,32711908.0,0.7299614,0.39936975,1.080867,2446.0,0.058427398769223315,0.4,2.9,63768.06280780779,0.0,30058960.0,0.027391058317828124
3,5665109.5,5395799.0,5944192.5,1.4677505,1.2305831,1.7196156,9784.0,0.04645605812537995,0.4,0.8,53282.6423952035,0.0,5665109.5,0.01371292533206765
4,1100174.5,1039448.44,1163045.1,2.7505512,2.3091085,3.245366,39136.0,0.03197241966257397,0.4,-0.1,28867.6131491293,50.0,1042355.6,0.006860766614414416
5,210979.58,197224.11,225236.08,4.7045045,4.0437217,5.443765,156544.0,0.025276180431015594,0.5,-0.8,59308.714657738106,100.0,199277.28,0.0034314536386640306
6,40828.41,37713.863,44111.57,7.2818165,6.115109,8.737838,626176.0,0.027651897296262162,0.6,-1.0,33820.47035035481,25.0,39829.406,0.0017159936940756553
7,8083.446,7364.7646,8848.112,10.622059,8.626104,13.357651,2504704.0,0.03464999999995111,1.3,-1.2,31895.998733446366,0.0,8083.446,0.0008580634771374716
8,1791.4688,1614.1348,1980.0544,13.650112,11.173287,16.72244,10018816.0,0.03265999999993907,0.8,-1.2,4736.431149891456,0.0,1791.4688,0.000429048385014687
9,477.68924,429.76874,529.2324,14.636528,11.965131,17.953781,40075264.0,0.05322999999822725,2.1,-1.3,3067.817151745941,0.0,477.68924,0.0002145283527339156
