layer,obs_var,var_lower,var_upper,obs_kurt,kurt_lower,kurt_upper,total_samples,kstest_stat_initial,initial_r,initial_eta,initial_scale,initial_exclude_cutoff,best_augmented_var,kstest_stat_cutoff_0.05,kstest_stat_best,best_r,best_eta,best_scale,best_exclude_cutoff,n_pval_0.05
2,8042.799,7184.9683,8939.936,1.6306129,1.0647702,2.338562,2006,0.0808709365489142,3.2,-0.8,20099.55260266572,0.0,8042.799,0.030238176430869766,0.0808709365489142,3.2,-0.8,20099.55260266572,0.0,280
3,1509.0339,1413.4891,1607.7942,3.0471177,2.6318724,3.5048678,8024,0.063147485012536,1.2,-1.0,3542.0863054928964,0.0,1509.033935546875,0.015140345828992074,0.06302510983650733,1.6,-1.04,4459.079483675447,0.0,472
4,276.90918,258.63,295.79538,4.810332,4.159387,5.493632,32096,0.0413861085424243,6.1,-1.2,1141.7378922853695,75.0,247.48697,0.007575426642488798,0.0413861085424243,6.1,-1.2,1141.7378922853695,75.0,1128
5,53.113544,48.99422,57.356956,7.4073906,6.46701,8.431077,128384,0.0488399999999998,2.0,-1.3,339.3088532160497,0.0,53.113544,0.0037890191408675262,0.0488399999999998,2.0,-1.3,339.3088532160497,0.0,751
6,10.187246,9.28498,11.142244,10.593103,9.060363,12.327036,513536,0.0694799999999998,0.9,-1.3,46.84848537689999,0.0,9.289892196655273,0.001894835072058157,0.06947999999999976,0.8,-1.26,31.265995085944596,100.0,375
7,2.0604434,1.8520551,2.2836983,14.699659,12.282325,17.500978,2054144,0.0983999999999997,0.3,-1.3,0.4650138954871226,0.0,2.0604434,0.0009474987921691133,0.0983999999999997,0.3,-1.3,0.4650138954871226,0.0,187
8,0.4811036,0.42823562,0.5373076,17.321844,14.460008,20.51288,8216576,0.1309199999999997,0.3,-1.3,0.108578502370888,0.0,0.4811036,0.0004737696952028646,0.1309199999999997,0.3,-1.3,0.108578502370888,0.0,103
9,0.15057102,0.13418813,0.16807187,17.096682,14.302503,20.10257,32866304,0.1661599999999997,0.3,-1.3,0.0339818195418143,0.0,0.15057102,0.00023688992051635398,0.1661599999999997,0.3,-1.3,0.0339818195418143,0.0,62
