layer,obs_var,var_lower,var_upper,obs_kurt,kurt_lower,kurt_upper,total_samples,kstest_stat_initial,initial_r,initial_eta,initial_scale,initial_exclude_cutoff,best_augmented_var,kstest_stat_cutoff_0.05
2,8042.799,7184.9683,8939.936,1.6306129,1.0647702,2.338562,2006,0.0808709365489142,3.2,-0.8,20099.552602665717,0.0,8042.799,0.030238176430869766
3,1509.0339,1413.4891,1607.7942,3.0471177,2.6318724,3.5048678,8024,0.06314748501253603,1.2,-1.0,3542.0863054928964,0.0,1509.0339,0.015140345828992074
4,276.90918,258.63,295.79538,4.810332,4.159387,5.493632,32096,0.04138610854242436,6.1,-1.2,1141.7378922853695,75.0,247.48697,0.007575426642488798
5,53.113544,48.99422,57.356956,7.4073906,6.46701,8.431077,128384,0.048839999999999884,2.0,-1.3,339.3088532160497,0.0,53.113544,0.0037890191408675262
6,10.187246,9.28498,11.142244,10.593103,9.060363,12.327036,513536,0.06947999999999982,0.9,-1.3,46.84848537689999,0.0,10.187246,0.001894835072058157
7,2.0604434,1.8520551,2.2836983,14.699659,12.282325,17.500978,2054144,0.09839999999999977,0.3,-1.3,0.46501389548712263,0.0,2.0604434,0.0009474987921691133
8,0.4811036,0.42823562,0.5373076,17.321844,14.460008,20.51288,8216576,0.13091999999999976,0.3,-1.3,0.10857850237088806,0.0,0.4811036,0.0004737696952028646
9,0.15057102,0.13418813,0.16807187,17.096682,14.302503,20.10257,32866304,0.16615999999999975,0.3,-1.3,0.033981819541814375,0.0,0.15057102,0.00023688992051635398
