layer,obs_var,var_lower,var_upper,obs_kurt,kurt_lower,kurt_upper,total_samples,kstest_stat_initial,initial_r,initial_eta,initial_scale,initial_exclude_cutoff,best_augmented_var,kstest_stat_cutoff_0.05,kstest_stat_best,best_r,best_eta,best_scale,best_exclude_cutoff,n_pval_0.05
2,7033.1094,6575.202,7502.255,-0.38998485,-0.5217233,-0.24860013,2446,0.0606061091837263,20.0,20.0,7183.784645170914,0.0,7033.1094,0.027391058317828124,0.0606061091837263,20.0,20.0,7183.784645170914,0.0,513
3,1485.3868,1423.7725,1548.9489,0.6372862,0.5039191,0.77659184,9784,0.0462365596909548,8.9,-0.4,2938.163650527072,0.0,1485.3868,0.01371292533206765,0.0462365596909548,8.9,-0.4,2938.163650527072,0.0,868
4,299.22726,283.79486,315.1271,2.1257749,1.7875338,2.500192,39136,0.029499753688179,2.8,-0.8,623.3178005030999,250.0,256.5969543457031,0.006860766614414416,0.029499229034103402,2.6,-0.8,624.5064931561136,225.0,2062
5,58.35128,54.677464,62.158474,4.274248,3.5630684,5.217214,156544,0.0247353021837589,0.8,-0.9,63.83622412248325,250.0,51.651824951171875,0.0034314536386640306,0.024616312597122936,1.2,-0.96,112.93462676274079,275.0,3094
6,11.54628,10.649501,12.5288105,7.8944273,5.764907,14.354151,626176,0.0250757109817715,2.1,-1.1,31.98044153811091,500.0,8.656344413757324,0.0017159936940756553,0.024229921769694962,2.0,-1.09,30.007036711605107,600.0,3094
7,2.319492,2.1044142,2.579518,13.34358,8.176902,37.261646,2504704,0.0262483125906801,5.5,-1.2,9.057072514790212,200.0,1.9566832,0.0008580634771374716,0.0262483125906801,5.5,-1.2,9.057072514790212,200.0,2751
8,0.5238069,0.46720436,0.608356,23.059578,10.370432,96.503456,10018816,0.0104920250325508,0.6,-1.1,0.4702816638466294,250.0,0.41350597,0.000429048385014687,0.0104920250325508,0.6,-1.1,0.4702816638466294,250.0,16510
9,0.14216252,0.1264175,0.16607808,25.015984,11.1960945,99.90361,40075264,0.0090199174702926,0.5,-1.1,0.0796569304333792,200.0,0.11086288839578629,0.0002145283527339156,0.008996080574254606,0.51,-1.1,0.08182406154290355,250.0,22014
