layer,total_samples,initial_r,initial_eta,kstest_stat_initial,initial_exclude_cutoff,best_r,best_eta,best_scale,kstest_stat_best,best_exclude_cutoff,n_pval_0.05
2,2446,20.0,20.0,0.0606061091837263,0.0,20.0,20.0,7183.784645170914,0.0606061091837263,0.0,513
3,9784,8.9,-0.4,0.0462365596909548,0.0,8.9,-0.4,2938.163650527072,0.0462365596909548,0.0,868
4,39136,2.8,-0.8,0.029499753688179,250.0,2.6,-0.8,624.5064931561136,0.029499229034103402,225.0,2062
5,156544,0.8,-0.9,0.0247353021837589,250.0,1.2,-0.96,112.93462676274079,0.024616312597122936,275.0,3094
6,626176,2.1,-1.1,0.0250757109817715,500.0,2.0,-1.09,30.007036711605107,0.024229921769694962,600.0,3094
7,2504704,5.5,-1.2,0.0262483125906801,200.0,5.5,-1.2,9.057072514790212,0.0262483125906801,200.0,2751
8,10018816,0.6,-1.1,0.0104920250325508,250.0,0.6,-1.1,0.4702816638466294,0.0104920250325508,250.0,16510
9,40075264,0.5,-1.1,0.0090199174702926,200.0,0.51,-1.1,0.08182406154290355,0.008996080574254606,250.0,22014
