layer,total_samples,initial_r,initial_eta,kstest_stat_initial,initial_exclude_cutoff,best_r,best_eta,best_scale,kstest_stat_best,best_exclude_cutoff,n_pval_0.05
2,2446.0,0.4,2.9,0.0584273987692233,0.0,0.41,2.8,83168.0520344253,0.058418504020038675,0.0,513
3,9784.0,0.4,0.8,0.0464560581253799,0.0,0.38,0.9,32626.350621212,0.04644529154098781,0.0,868
4,39136.0,0.4,-0.1,0.0319724196625739,50.0,0.46,-0.3,88303.42717120095,0.03140883173392778,25.0,1834
5,156544.0,0.5,-0.8,0.0252761804310155,100.0,0.5,-0.83,67285.23348800866,0.02520892081857401,0.0,2751
6,626176.0,0.6,-1.0,0.0276518972962621,25.0,0.7,-1.02,46780.73063238333,0.027457002276904452,125.0,2446
7,2504704.0,1.3,-1.2,0.0346499999999511,0.0,1.51,-1.2,30750.380032120782,0.0346499999999505,100.0,1546
8,10018816.0,0.8,-1.2,0.032659999999939,0.0,1.1,-1.23,7108.964953235084,0.03265999999981967,0.0,1738
9,40075264.0,2.1,-1.3,0.0532299999982272,0.0,2.3,-1.3,2971.402850107183,0.05322999999821049,25.0,648
