layer,total_samples,initial_r,initial_eta,kstest_stat_initial,initial_exclude_cutoff,best_r,best_eta,best_scale,kstest_stat_best,best_exclude_cutoff,n_pval_0.05
2,2006,3.2,-0.8,0.0808709365489142,0.0,3.2,-0.8,20099.55260266572,0.0808709365489142,0.0,280
3,8024,1.2,-1.0,0.063147485012536,0.0,1.6,-1.04,4459.079483675447,0.06302510983650733,0.0,472
4,32096,6.1,-1.2,0.0413861085424243,75.0,6.1,-1.2,1141.7378922853695,0.0413861085424243,75.0,1128
5,128384,2.0,-1.3,0.0488399999999998,0.0,2.0,-1.3,339.3088532160497,0.0488399999999998,0.0,751
6,513536,0.9,-1.3,0.0694799999999998,0.0,0.8,-1.26,31.265995085944596,0.06947999999999976,100.0,375
7,2054144,0.3,-1.3,0.0983999999999997,0.0,0.3,-1.3,0.4650138954871226,0.0983999999999997,0.0,187
8,8216576,0.3,-1.3,0.1309199999999997,0.0,0.3,-1.3,0.108578502370888,0.1309199999999997,0.0,103
9,32866304,0.3,-1.3,0.1661599999999997,0.0,0.3,-1.3,0.0339818195418143,0.1661599999999997,0.0,62
