band,obs_var,var_lower,var_upper,obs_kurt,kurt_lower,kurt_upper,total_samples
2,52.99734,44.99006,65.67392,51.852383,16.651205,186.12605,7252576.0
3,25.324053,20.564201,37.06096,144.45001,21.303709,581.2866,7252576.0
4,23.9916,18.776205,35.63431,168.53645,34.028137,627.6192,7252576.0
5,12.17205,9.195789,20.074446,278.55377,41.704113,946.4206,29010304.0
6,3.2225325,2.4104755,5.2487497,265.87726,44.309624,899.2293,14505152.0
7,0.7987569,0.61649656,1.1497486,151.73055,41.852104,534.26434,14505152.0
8,0.32423577,0.24502532,0.486934,187.05281,49.275444,651.01135,14505152.0
9,0.24604793,0.17025408,0.46601766,505.92114,66.51198,1502.6722,14731795.0
