layer,obs_var,var_lower,var_upper,obs_kurt,kurt_lower,kurt_upper,total_samples
2,1836.0869,1613.2094,2074.8833,1.781466,1.0306528,2.6638358,1604.0
3,379.39447,352.51242,407.60916,3.1068463,2.3352947,4.191288,6416.0
4,70.22817,65.42431,75.18297,5.2364607,4.334508,6.2862844,25664.0
5,12.10248,11.142459,13.108987,8.108008,6.6582966,9.870691,102656.0
6,2.0429754,1.8492652,2.2491858,12.624615,9.995101,16.507473,410624.0
7,0.37793556,0.33606717,0.42467728,18.42679,13.863466,27.407578,1642496.0
8,0.10070332,0.08859002,0.114769675,22.820215,15.312194,40.05295,6569984.0
9,0.039547466,0.03505458,0.04492622,21.109377,11.964312,46.71797,26279936.0
