layer,obs_var,var_lower,var_upper,obs_kurt,kurt_lower,kurt_upper,total_samples,kstest_stat_initial,initial_r,initial_eta,initial_scale,initial_exclude_cutoff,best_augmented_var,kstest_stat_cutoff_0.05
2,1620.2656,1466.8416,1779.9218,0.23258972,-0.116968736,0.6279843,1604.0,0.02489895518877605,9.9,0.1,2706.929243209678,0.0,1620.2656,0.033804382765303224
3,363.69302,343.10583,384.70697,1.1573682,0.8618634,1.496571,6416.0,0.007488270253213469,5.8,-0.6,800.1652737321972,0.0,363.69302,0.016928848255368546
4,67.67625,63.825962,71.663124,2.9842396,2.3707,3.7094493,25664.0,0.004839934824475756,8.1,-1.0,213.0895516807846,0.0,67.67625,0.008471003560381446
5,11.56817,10.808815,12.363514,4.878991,3.9336302,6.1842775,102656.0,0.005400916415786883,1.4,-1.1,36.429497752681165,0.0,11.56817,0.004237135996393022
6,1.9337575,1.7774386,2.1039102,8.847498,6.4849443,14.128145,410624.0,0.019402549330563845,0.6,-1.1,2.008991864706418,100.0,1.7664523,0.002118975219285392
7,0.34644133,0.31165406,0.3863589,15.22003,10.219967,29.976894,1642496.0,0.022026595724509712,20.0,-1.3,2.133540090081004,0.0,0.34644133,0.0010595892481240078
8,0.08065148,0.07020282,0.09515076,32.15856,15.513039,104.560486,6569984.0,0.008458982751473665,0.4,-1.1,0.018461892596367904,200.0,0.06135535,0.0005298200128246353
9,0.018840509,0.01563953,0.024107043,68.14156,25.292933,254.57198,26279936.0,0.014298681071890917,0.1,-0.3,1.3140060405140577e-14,25.0,0.016818434,0.0002649163509945643
