layer,obs_var,var_lower,var_upper,obs_kurt,kurt_lower,kurt_upper,total_samples,kstest_stat_initial,initial_r,initial_eta,initial_scale,initial_exclude_cutoff,best_augmented_var,kstest_stat_cutoff_0.05,kstest_stat_best,best_r,best_eta,best_scale,best_exclude_cutoff,n_pval_0.05
2,1620.2656,1466.8416,1779.9218,0.23258972,-0.116968736,0.6279843,1604.0,0.024898955188776,9.9,0.1,2706.929243209678,0.0,1620.2656,0.033804382765303224,0.024898955188776,9.9,0.1,2706.929243209678,0.0,3043
3,363.69302,343.10583,384.70697,1.1573682,0.8618634,1.496571,6416.0,0.0074882702532134,5.8,-0.6,800.1652737321972,0.0,363.69302,0.016928848255368546,0.0074882702532134,5.8,-0.6,800.1652737321972,0.0,32481
4,67.67625,63.825962,71.663124,2.9842396,2.3707,3.7094493,25664.0,0.0048399348244757,8.1,-1.0,213.0895516807846,0.0,64.32176971435547,0.008471003560381446,0.004467610239017428,8.0,-0.97,194.824319739507,25.0,97443
5,11.56817,10.808815,12.363514,4.878991,3.9336302,6.1842775,102656.0,0.0054009164157868,1.4,-1.1,36.429497752681165,0.0,11.319334983825684,0.004237135996393022,0.005338242470583898,1.3,-1.09,33.549194153736835,25.0,64962
6,1.9337575,1.7774386,2.1039102,8.847498,6.4849443,14.128145,410624.0,0.0194025493305638,0.6,-1.1,2.008991864706418,100.0,1.9337575435638428,0.002118975219285392,0.01744288330251481,1.0,-1.16,5.687522186952477,0.0,6088
7,0.34644133,0.31165406,0.3863589,15.22003,10.219967,29.976894,1642496.0,0.0220265957245097,20.0,-1.3,2.133540090081004,0.0,0.34644133,0.0010595892481240078,0.0220265957245097,20.0,-1.3,2.133540090081004,0.0,3609
8,0.08065148,0.07020282,0.09515076,32.15856,15.513039,104.560486,6569984.0,0.0084589827514736,0.4,-1.1,0.0184618925963679,200.0,0.06417344510555267,0.0005298200128246353,0.00709400043598285,0.4,-1.11,0.020146732036385586,150.0,38496
9,0.018840509,0.01563953,0.024107043,68.14156,25.292933,254.57198,26279936.0,0.0142986810718909,0.1,-0.3,1.3140060405140576e-14,25.0,0.01884050853550434,0.0002649163509945643,0.013422154074348658,0.09,-0.2,1.0179655621850081e-16,0.0,10827
