layer,total_samples,initial_r,initial_eta,kstest_stat_initial,initial_exclude_cutoff,best_r,best_eta,best_scale,kstest_stat_best,best_exclude_cutoff,n_pval_0.05
2,1604.0,9.9,0.1,0.024898955188776,0.0,9.9,0.1,2706.929243209678,0.024898955188776,0.0,3043
3,6416.0,5.8,-0.6,0.0074882702532134,0.0,5.8,-0.6,800.1652737321972,0.0074882702532134,0.0,32481
4,25664.0,8.1,-1.0,0.0048399348244757,0.0,8.0,-0.97,194.824319739507,0.004467610239017428,25.0,97443
5,102656.0,1.4,-1.1,0.0054009164157868,0.0,1.3,-1.09,33.549194153736835,0.005338242470583898,25.0,64962
6,410624.0,0.6,-1.1,0.0194025493305638,100.0,1.0,-1.16,5.687522186952477,0.01744288330251481,0.0,6088
7,1642496.0,20.0,-1.3,0.0220265957245097,0.0,20.0,-1.3,2.133540090081004,0.0220265957245097,0.0,3609
8,6569984.0,0.4,-1.1,0.0084589827514736,200.0,0.4,-1.11,0.020146732036385586,0.00709400043598285,150.0,38496
9,26279936.0,0.1,-0.3,0.0142986810718909,25.0,0.09,-0.2,1.0179655621850081e-16,0.013422154074348658,0.0,10827
