layer,obs_var,var_lower,var_upper,obs_kurt,kurt_lower,kurt_upper,total_samples
2,927.9389,792.32855,1083.7289,3.904776,1.4072503,6.607603,1590
3,270.47723,251.80055,290.129,2.782076,2.0758011,3.5526323,6360
4,69.6057,65.52072,73.8602,3.3958979,2.704657,4.2734222,25440
5,13.441275,12.588624,14.331417,4.38731,3.4295528,5.607724,101760
6,2.3814104,2.2093477,2.5662773,6.4829283,4.893574,8.938106,407040
7,0.419883,0.3820622,0.463242,11.642107,7.686741,22.763344,1628160
8,0.050453212,0.045020945,0.057655197,20.553545,9.427677,68.694984,6512640
