layer,obs_var,var_lower,var_upper,obs_kurt,kurt_lower,kurt_upper,total_samples,kstest_stat_initial,initial_r,initial_eta,initial_scale,initial_exclude_cutoff,best_augmented_var,kstest_stat_cutoff_0.05,kstest_stat_best,best_r,best_eta,best_scale,best_exclude_cutoff,n_pval_0.05
2,927.9389,792.32855,1083.7289,3.904776,1.4072503,6.607603,1590,0.0092318258413875,0.8,0.0,392.98111406481496,0.0,927.9389038085938,0.033952406456699,0.008935537627488888,0.74,0.1,297.0261819673605,0.0,22912
3,270.47723,251.80055,290.129,2.782076,2.0758011,3.5526323,6360,0.0089990322671836,0.3,1.9,0.0602121087430768,0.0,270.47723388671875,0.01700309781311145,0.008747572221603828,0.34,1.5,0.3325008199235061,0.0,24147
4,69.6057,65.52072,73.8602,3.3958979,2.704657,4.2734222,25440,0.0025983940331882,0.6,-0.1,13.81254708304749,0.0,69.60569763183594,0.008508186648128052,0.002593945250303431,0.6,-0.09,13.666888364159847,0.0,289777
5,13.441275,12.588624,14.331417,4.38731,3.4295528,5.607724,101760,0.0027107075894085,0.9,-0.7,14.172317539234822,25.0,13.441274642944336,0.004255741976815733,0.0015812159569613127,0.7,-0.57,7.423900490143945,0.0,772740
6,2.3814104,2.2093477,2.5662773,6.4829283,4.893574,8.938106,407040,0.0036953213655231,0.5,-0.6,0.4590546327923972,25.0,2.3814103603363037,0.0021282818010022993,0.0033707507203704634,0.49,-0.6,0.43494714025546677,0.0,171720
7,0.419883,0.3820622,0.463242,11.642107,7.686741,22.763344,1628160,0.0050517929251497,0.2,0.3,2.604049703550598e-06,25.0,0.41988301277160645,0.001064243434651941,0.004022230491382617,0.17,0.6,5.711859423558808e-08,0.0,114480
8,0.050453212,0.045020945,0.057655197,20.553545,9.427677,68.694984,6512640,0.0033520941567733,0.1,3.3,2.846755754607638e-19,75.0,0.044609386,0.0005321473297298752,0.0033520941567733,0.1,3.3,2.846755754607638e-19,75.0,171720
