layer,obs_var,var_lower,var_upper,obs_kurt,kurt_lower,kurt_upper,total_samples,kstest_stat_initial,initial_r,initial_eta,initial_scale,initial_exclude_cutoff,best_augmented_var,kstest_stat_cutoff_0.05
2,1389.256,1225.7416,1568.7184,1.6215243,0.5560126,3.1998832,1590,0.011302229337717212,0.5,2.1,23.530758493314956,0.0,1389.256,0.033952406456699
3,440.58963,413.5861,468.56836,1.7257724,1.2197708,2.391803,6360,0.00999660062708918,0.7,0.7,78.52931794005436,0.0,440.58963,0.01700309781311145
4,109.21869,103.54353,115.14065,2.2104783,1.7780898,2.753319,25440,0.0038472166112636375,1.1,-0.4,113.19025321848936,0.0,109.21869,0.008508186648128052
5,20.31987,19.156633,21.528133,3.1497912,2.508456,3.9430516,101760,0.0025104094958430384,0.9,-0.6,19.312093118019774,0.0,20.31987,0.004255741976815733
6,3.3227394,3.107342,3.5526268,4.7770314,3.7513847,6.490805,407040,0.004976217779356862,0.7,-0.7,2.1088652193287576,75.0,3.15515,0.0021282818010022993
7,0.5004662,0.46175545,0.54299784,7.7509136,5.7133746,12.977018,1628160,0.005963412019561853,0.3,-0.3,0.002215323184238126,0.0,0.5004662,0.001064243434651941
8,0.045762084,0.041513026,0.051238775,14.20027,7.3811693,49.153122,6512640,0.0044242510558847314,0.1,2.4,1.9280463926158895e-18,0.0,0.045762084,0.0005321473297298752
