layer,obs_var,var_lower,var_upper,obs_kurt,kurt_lower,kurt_upper,total_samples
2,70756.08,28402.766,134955.84,398.5921,158.81523,680.6134,4500.0
3,12470.006,7129.358,19865.809,397.38196,180.39107,599.06287,18000.0
4,3133.7844,1051.3406,9374.212,3015.7605,126.752686,4935.149,72000.0
5,394.657,197.55904,996.861,1540.6599,65.79207,3610.5576,288000.0
6,126.87778,62.349678,502.29254,4257.3105,43.438255,6001.986,1152000.0
7,44.709316,23.061848,190.4069,4413.4956,35.470478,5876.0566,4608000.0
8,13.55153,6.5976386,45.296257,3008.98,56.811893,4989.7676,18432000.0
9,2.8218355,1.1541307,10.996537,4970.9688,70.24276,6032.678,73728000.0
10,0.34531063,0.09397978,1.8221114,10754.935,84.966545,7796.5254,294912000.0
