layer,obs_var,var_lower,var_upper,obs_kurt,kurt_lower,kurt_upper,total_samples,kstest_stat_initial,initial_r,initial_eta,initial_scale,initial_exclude_cutoff,best_augmented_var,kstest_stat_cutoff_0.05,kstest_stat_best,best_r,best_eta,best_scale,best_exclude_cutoff,n_pval_0.05
2,69813.11,24438.908,133779.03,429.1865,234.23456,710.59045,4500.0,0.0155619136602802,0.3,-0.4,55.28268986856148,25.0,9920.623046875,0.02020791513926377,0.014216496528676736,0.4,-0.64,740.9961071866176,25.0,9607
3,11392.441,6152.5933,18595.248,457.30783,219.68573,702.8503,18000.0,0.0102006571901562,0.1,1.4,1.4124939227532262e-12,50.0,2126.888427734375,0.010113361889707637,0.009679777494516519,0.12,1.1,4.431170388190733e-09,75.0,20250
4,2179.918,1035.6298,3992.7168,704.6341,168.1326,1193.3925,72000.0,0.0076271201625757,0.1,1.7,1.0541557582144765e-13,250.0,444.89984130859375,0.005059013921713306,0.007222340797640059,0.09,2.0,2.5502566460785356e-16,225.0,36000
5,346.02383,167.5393,702.0625,935.4871,96.572205,1871.047,288000.0,0.0041717558324378,0.1,2.4,3.909646568035146e-15,250.0,92.795265,0.0025300879366481855,0.0041717558324378,0.1,2.4,3.909646568035146e-15,250.0,108000
6,86.53706,41.918427,230.85583,1742.3545,77.56053,3937.4539,1152000.0,0.0025137019173719,0.1,3.1,2.68866137403684e-16,150.0,28.53678,0.0012651889283752558,0.0025137019173719,0.1,3.1,2.68866137403684e-16,150.0,288000
7,26.34279,13.104974,79.34713,2298.499,57.9087,4520.915,4608000.0,0.0020647793016389,0.1,3.5,4.1439933272941804e-17,150.0,10.221109390258789,0.0006326306686923136,0.0017580548526531237,0.09,3.7,1.08607253075044e-19,100.0,576000
8,10.249555,4.6538877,33.031303,3021.9363,66.716064,4910.344,18432000.0,0.0020827990125786,0.1,3.1,3.109092861485535e-17,150.0,3.423624038696289,0.0003163243810321388,0.0017748401176227667,0.09,3.5,5.433362902837146e-20,125.0,576000
9,1.9004169,0.87711984,6.467205,3454.8503,64.00688,5167.044,73728000.0,0.0039437083907102,0.1,2.4,2.4699473658062738e-17,200.0,0.6037919521331787,0.00015816445163252768,0.0034785864249913256,0.09,2.7,5.613902422190866e-20,175.0,153772
10,0.17664976,0.07299271,0.81186163,6309.3267,72.03473,6579.1543,294912000.0,0.0075118723718071,0.1,1.8,7.968491484614079e-18,300.0,0.043585021048784256,7.908279102599134e-05,0.006963463329714398,0.09,2.1,1.89033612254617e-20,275.0,38442
