layer,obs_var,var_lower,var_upper,obs_kurt,kurt_lower,kurt_upper,total_samples
2,1905.9329,1698.2545,2134.568,4.3134627,2.497993,6.1975365,3180.0
3,610.39087,574.2987,648.5519,3.67414,2.8058507,4.6804533,12720.0
4,172.2832,161.49796,183.4968,4.112916,3.2683253,5.234512,50880.0
5,40.23418,37.397793,43.23092,5.9877186,4.6441326,7.6893578,203520.0
6,8.0334015,7.3787665,8.72893,8.447668,6.2493076,11.777606,814080.0
7,1.5048453,1.3684424,1.6531262,11.57085,8.417268,17.668781,3256320.0
8,0.24826278,0.22295238,0.27842653,16.53434,10.476642,35.571274,13025280.0
