layer,obs_var,var_lower,var_upper,obs_kurt,kurt_lower,kurt_upper,total_samples
2,2835.8254,2581.759,3105.6416,2.1255531,1.3223112,3.054123,3180.0
3,960.8778,913.51196,1010.5498,1.9211588,1.5037087,2.410838,12720.0
4,272.2199,257.16483,287.636,2.6850724,2.1671453,3.3682249,50880.0
5,62.487495,58.592915,66.50991,4.1418247,3.3653462,5.1499014,203520.0
6,11.940125,11.069906,12.845367,6.1361427,4.9532576,7.771889,814080.0
7,2.0665524,1.8996308,2.2429564,8.494821,6.8026047,11.325263,3256320.0
8,0.29501566,0.2688122,0.32427412,11.302633,8.270649,20.854568,13025280.0
