layer,obs_var,var_lower,var_upper,obs_kurt,kurt_lower,kurt_upper,total_samples
2,41630600.0,32868190.0,51328120.0,2.138299,1.1152978,3.1940563,552.0
3,9582549.0,8523056.0,10691596.0,2.3085032,1.7114146,2.941692,2208.0
4,2620593.2,2454104.0,2793937.5,3.5825748,2.998981,4.2153172,8832.0
5,632852.5,590827.56,677376.1,4.9228888,4.136769,5.8027725,35328.0
6,148150.66,137943.47,158806.83,5.5132103,4.636955,6.524043,141312.0
7,34381.84,31826.17,37068.41,6.838269,5.6649857,8.286585,565248.0
8,7769.693,7147.827,8436.306,8.233916,6.748581,10.160205,2260992.0
9,1745.8506,1593.2634,1907.9559,10.1294,8.154142,12.89136,9043968.0
10,401.78632,362.74625,444.6665,13.650982,10.719649,17.80441,36175872.0
