band,obs_var,var_lower,var_upper,obs_kurt,kurt_lower,kurt_upper,total_samples
2,45.55451,37.256897,63.48153,112.799515,19.042263,452.81577,12150702.0
3,28.48444,22.785028,40.95183,139.26093,24.988747,528.4683,14400832.0
4,28.724295,23.015854,41.130035,134.6444,29.779682,529.6857,17551014.0
5,17.777084,14.474279,22.771465,76.1593,32.221584,242.13321,20701196.0
6,15.274871,12.057333,23.169792,178.10692,33.391598,678.9785,24751430.0
7,6.122095,4.7660666,8.927202,156.16032,38.027145,573.1877,29701716.0
8,1.5916494,1.0278606,4.691236,2268.1777,35.390404,3707.7122,35552054.0
9,0.36750177,0.28325155,0.5415739,165.24857,45.038372,588.58264,57153302.0
