band,obs_var,var_lower,var_upper,obs_kurt,kurt_lower,kurt_upper,total_samples
2,45.55451,37.352398,63.50042,112.799515,19.034304,452.1877,100000.0
3,28.48444,22.741035,40.786587,139.26091,24.975668,526.71783,100000.0
4,28.724295,23.068872,41.090195,134.64442,29.907997,528.80615,100000.0
5,17.777086,14.448174,22.818459,76.15928,32.268612,245.01735,100000.0
6,15.274871,12.01377,23.130976,178.10693,33.386543,676.8024,100000.0
7,6.1220956,4.7754927,8.954196,156.16032,37.999245,567.7531,100000.0
8,1.5916492,1.0305609,4.688995,2268.1782,35.242657,3710.9326,100000.0
9,0.3675018,0.283494,0.5391164,165.24855,45.06081,589.15393,100000.0
