band,obs_var,var_lower,var_upper,obs_kurt,kurt_lower,kurt_upper,total_samples,kstest_stat_initial,initial_r,initial_eta,initial_scale,initial_exclude_cutoff,best_augmented_var,kstest_stat_cutoff_0.05,kstest_stat_best,best_r,best_eta,best_scale,best_exclude_cutoff,n_pval_0.05
2,45.55451,37.256897,63.48153,112.799515,19.042263,452.81577,12150702.0,0.0039867714027078,0.4,-1.0,7.63110824158908,50.0,37.23765563964844,0.0003895967596213162,0.001876530050380687,0.33,-0.9,1.8205091115531835,50.0,540637
3,28.48444,22.785028,40.95183,139.26093,24.988747,528.4683,14400832.0,0.0046113798246844,0.5,-1.1,13.38457266489665,150.0,22.619813919067383,0.0003578685014621945,0.0015414788000003288,0.34,-1.0,1.944907027742847,50.0,759418
4,28.724295,23.015854,41.130035,134.6444,29.779682,529.6857,17551014.0,0.0045010994146897,0.2,-0.9,0.0087741314418732,75.0,28.724294662475586,0.00032416601602140477,0.002961074942216646,0.16,-0.8,0.00018605965086387037,0.0,205675
5,17.777084,14.474279,22.771465,76.1593,32.221584,242.13321,20701196.0,0.007401738404582,0.1,-0.4,2.651544676875558e-11,0.0,17.777084350585938,0.0002984845659343551,0.005737784051645205,0.1,-0.42,3.033853379814268e-11,0.0,57567
6,15.274871,12.057333,23.169792,178.10692,33.391598,678.9785,24751430.0,0.0077797841450826,0.1,-0.4,1.8195293324165235e-11,50.0,13.037986755371094,0.0002729734773241629,0.007415836802710518,0.1,-0.42,2.225074674995987e-11,25.0,34414
7,6.122095,4.7660666,8.927202,156.16032,38.027145,573.1877,29701716.0,0.0075411391668954,0.1,-0.3,3.3365831086502147e-12,100.0,4.502920627593994,0.00024919008760560955,0.006973977746415606,0.1,-0.32,3.9901458224622866e-12,75.0,36706
8,1.5916494,1.0278606,4.691236,2268.1777,35.390404,3707.7122,35552054.0,0.0078415915850369,0.1,-0.1,2.0511272173013838e-13,150.0,0.9766213297843933,0.00022776659318775764,0.0069020420617444955,0.08,0.2,1.4016278428080864e-18,75.0,39057
9,0.36750177,0.28325155,0.5415739,165.24857,45.038372,588.58264,57153302.0,0.0078947195979085,0.1,-0.1,4.2225796508151145e-14,300.0,0.1891936957836151,0.0001796402290863704,0.0072560833401900116,0.1,-0.12,5.094502422485546e-14,250.0,35316
