band,obs_var,var_lower,var_upper,obs_kurt,kurt_lower,kurt_upper,total_samples,kstest_stat_initial,initial_r,initial_eta,initial_scale,initial_exclude_cutoff,best_augmented_var,kstest_stat_cutoff_0.05
2,45.55451,37.256897,63.48153,112.799515,19.042263,452.81577,12150702.0,0.003986771402707867,0.4,-1.0,7.6311082415890805,50.0,37.237656,0.0003895967596213162
3,28.48444,22.785028,40.95183,139.26093,24.988747,528.4683,14400832.0,0.004611379824684458,0.5,-1.1,13.38457266489665,150.0,19.273785,0.0003578685014621945
4,28.724295,23.015854,41.130035,134.6444,29.779682,529.6857,17551014.0,0.004501099414689704,0.2,-0.9,0.008774131441873214,75.0,22.110811,0.00032416601602140477
5,17.777084,14.474279,22.771465,76.1593,32.221584,242.13321,20701196.0,0.007401738404582026,0.1,-0.4,2.651544676875558e-11,0.0,17.777084,0.0002984845659343551
6,15.274871,12.057333,23.169792,178.10692,33.391598,678.9785,24751430.0,0.0077797841450826175,0.1,-0.4,1.8195293324165235e-11,50.0,12.198899,0.0002729734773241629
7,6.122095,4.7660666,8.927202,156.16032,38.027145,573.1877,29701716.0,0.007541139166895406,0.1,-0.3,3.3365831086502143e-12,100.0,4.2706122,0.00024919008760560955
8,1.5916494,1.0278606,4.691236,2268.1777,35.390404,3707.7122,35552054.0,0.007841591585036944,0.1,-0.1,2.0511272173013833e-13,150.0,0.85154325,0.00022776659318775764
9,0.36750177,0.28325155,0.5415739,165.24857,45.038372,588.58264,57153302.0,0.007894719597908592,0.1,-0.1,4.2225796508151145e-14,300.0,0.17530406,0.0001796402290863704
