layer,obs_var,var_lower,var_upper,obs_kurt,kurt_lower,kurt_upper,total_samples
2,104440.14,17156.541,208108.02,-0.478935,-1.7279886,2.3394153,10.0
3,44569.27,16227.428,89167.16,2.5375328,-1.361574,5.5291014,40.0
4,9230.203,5827.0015,13169.517,1.8659062,0.5930919,3.3476875,160.0
5,2238.107,1763.1837,2774.0854,2.9287848,1.4692625,4.476616,640.0
6,493.92432,427.89688,565.84283,5.5461874,4.2648797,6.8836703,2560.0
7,86.40129,79.86854,93.249466,7.0551662,6.0910573,8.109751,10240.0
8,15.715902,14.399879,17.106565,9.402432,8.193854,10.719175,40960.0
9,2.7293506,2.4881918,2.9832308,10.534738,8.633498,13.045739,163840.0
10,0.5281712,0.47683558,0.5831697,13.486254,10.583313,17.842747,655360.0
