layer,obs_var,var_lower,var_upper,obs_kurt,kurt_lower,kurt_upper,total_samples
2,12133.633,1262.6401,24858.705,-0.20023084,-1.8611192,2.882851,9.0
3,4988.553,2210.0857,9074.969,0.82995105,-1.3838744,2.9733238,36.0
4,1117.2625,710.0233,1577.4337,1.3731155,0.26923075,2.7070827,144.0
5,296.3346,229.93568,370.39792,2.907261,1.4301723,4.404983,576.0
6,58.38707,50.69825,66.48225,4.3241806,3.3897562,5.462243,2304.0
7,10.897633,10.028848,11.798168,7.070075,5.927161,8.451274,9216.0
8,2.0934541,1.924215,2.2689328,8.196066,7.1508427,9.390152,36864.0
9,0.37553218,0.34232527,0.41029677,10.374654,8.507622,12.769254,147456.0
10,0.059141867,0.053646985,0.06507171,12.09123,9.378087,15.769087,589824.0
