layer,obs_var,var_lower,var_upper,obs_kurt,kurt_lower,kurt_upper,total_samples,kstest_stat_initial,initial_r,initial_eta,initial_scale,initial_exclude_cutoff,best_augmented_var,kstest_stat_cutoff_0.05,kstest_stat_best,best_r,best_eta,best_scale,best_exclude_cutoff,n_pval_0.05
2,12133.633,1262.6401,24858.705,-0.20023084,-1.8611192,2.882851,9.0,0.2936526629867171,20.0,18.0,12489.0776800899,0.0,12133.633,0.4300110364970962,0.2936526629867171,20.0,18.0,12489.0776800899,0.0,-1
3,4988.553,2210.0857,9074.969,0.82995105,-1.3838744,2.9733238,36.0,0.1444370942173043,20.0,20.0,5095.42652214702,0.0,4988.553,0.22119076937802992,0.1444370942173043,20.0,20.0,5095.42652214702,0.0,90
4,1117.2625,710.0233,1577.4337,1.3731155,0.26923075,2.7070827,144.0,0.0320729807141976,1.7,-0.7,2169.272983084576,0.0,1117.262451171875,0.11195075255081512,0.031804256285367094,1.73,-0.7,2187.359844874773,0.0,1843
5,296.3346,229.93568,370.39792,2.907261,1.4301723,4.404983,576.0,0.0193645984139236,8.0,-1.0,933.3740064400956,0.0,296.3346,0.05628968315465439,0.0193645984139236,8.0,-1.0,933.3740064400956,0.0,4920
6,58.38707,50.69825,66.48225,4.3241806,3.3897562,5.462243,2304.0,0.0128749430218274,1.1,-1.1,158.40185296691496,0.0,58.38706970214844,0.02822032849471312,0.012441730469424539,1.11,-1.1,159.5152016314359,0.0,11664
7,10.897633,10.028848,11.798168,7.070075,5.927161,8.451274,9216.0,0.0162595961620647,0.7,-1.1,16.984843472149326,0.0,8.41798210144043,0.014128644178820282,0.014854574226339234,1.1,-1.13,24.620303425951448,50.0,8748
8,2.0934541,1.924215,2.2689328,8.196066,7.1508427,9.390152,36864.0,0.0080114528900751,0.6,-1.1,2.166804294301029,50.0,2.093454122543335,0.0070688927548663615,0.007482528908433039,0.5,-1.07,1.3087360105922328,0.0,33214
9,0.37553218,0.34232527,0.41029677,10.374654,8.507622,12.769254,147456.0,0.0097451367084141,0.4,-1.0,0.0727756701472061,50.0,0.3755321800708771,0.0035355828579525673,0.009535350054962782,0.39,-1.0,0.06813362748861777,0.0,20736
10,0.059141867,0.053646985,0.06507171,12.09123,9.378087,15.769087,589824.0,0.0235086211511088,0.2,-0.4,2.2869743908166625e-06,200.0,0.04877679422497749,0.001768074774561371,0.0234006688631897,0.2,-0.39,2.176519350144367e-06,225.0,3456
