layer,obs_var,var_lower,var_upper,obs_kurt,kurt_lower,kurt_upper,total_samples,kstest_stat_initial,initial_r,initial_eta,initial_scale,initial_exclude_cutoff,best_augmented_var,kstest_stat_cutoff_0.05
2,104440.14,17156.541,208108.02,-0.478935,-1.7279886,2.3394153,10.0,0.21550039197557552,10.0,20.0,98908.78968103201,0.0,104440.14,0.40924608477750496
3,44569.27,16227.428,89167.16,2.5375328,-1.361574,5.5291014,40.0,0.12393249939024545,0.2,7.1,0.00024212865011391115,0.0,44569.27,0.2101151737229868
4,9230.203,5827.0015,13169.517,1.8659062,0.5930919,3.3476875,160.0,0.032590424991189915,0.7,0.1,2517.7772648904415,0.0,9230.203,0.10626843822293845
5,2238.107,1763.1837,2774.0854,2.9287848,1.4692625,4.476616,640.0,0.025769982324452045,1.8,-0.9,5563.165640469616,0.0,2238.107,0.05341596361544867
6,493.92432,427.89688,565.84283,5.5461874,4.2648797,6.8836703,2560.0,0.011078582591009419,0.7,-1.0,589.5244702697681,0.0,493.92432,0.026775775882640945
7,86.40129,79.86854,93.249466,7.0551662,6.0910573,8.109751,10240.0,0.016825411721167638,0.9,-1.1,152.3562114047713,50.0,67.98575,0.01340450169545133
8,15.715902,14.399879,17.106565,9.402432,8.193854,10.719175,40960.0,0.011231604846885582,0.5,-1.0,6.201887130737305,150.0,12.403774,0.006706362163419197
9,2.7293506,2.4881918,2.9832308,10.534738,8.633498,13.045739,163840.0,0.011038120611805535,0.3,-0.8,0.0458276624690997,25.0,2.6424599,0.003354203628142983
10,0.5281712,0.47683558,0.5831697,13.486254,10.583313,17.842747,655360.0,0.022638994896542253,0.3,-0.8,0.008797398832579866,25.0,0.5072651,0.0016773567893044938
