layer,obs_var,var_lower,var_upper,obs_kurt,kurt_lower,kurt_upper,total_samples,kstest_stat_initial,initial_r,initial_eta,initial_scale,initial_exclude_cutoff,best_augmented_var,kstest_stat_cutoff_0.05
2,12133.633,1262.6401,24858.705,-0.20023084,-1.8611192,2.882851,9.0,0.2936526629867171,20.0,18.0,12489.0776800899,0.0,12133.633,0.4300110364970962
3,4988.553,2210.0857,9074.969,0.82995105,-1.3838744,2.9733238,36.0,0.14443709421730433,20.0,20.0,5095.42652214702,0.0,4988.553,0.22119076937802992
4,1117.2625,710.0233,1577.4337,1.3731155,0.26923075,2.7070827,144.0,0.03207298071419762,1.7,-0.7,2169.2729830845756,0.0,1117.2625,0.11195075255081512
5,296.3346,229.93568,370.39792,2.907261,1.4301723,4.404983,576.0,0.019364598413923684,8.0,-1.0,933.3740064400955,0.0,296.3346,0.05628968315465439
6,58.38707,50.69825,66.48225,4.3241806,3.3897562,5.462243,2304.0,0.012874943021827456,1.1,-1.1,158.40185296691496,0.0,58.38707,0.02822032849471312
7,10.897633,10.028848,11.798168,7.070075,5.927161,8.451274,9216.0,0.016259596162064793,0.7,-1.1,16.984843472149326,0.0,10.897633,0.014128644178820282
8,2.0934541,1.924215,2.2689328,8.196066,7.1508427,9.390152,36864.0,0.0080114528900751,0.6,-1.1,2.166804294301029,50.0,1.9052125,0.0070688927548663615
9,0.37553218,0.34232527,0.41029677,10.374654,8.507622,12.769254,147456.0,0.009745136708414148,0.4,-1.0,0.07277567014720615,50.0,0.35512474,0.0035355828579525673
10,0.059141867,0.053646985,0.06507171,12.09123,9.378087,15.769087,589824.0,0.023508621151108855,0.2,-0.4,2.2869743908166625e-06,200.0,0.049515497,0.001768074774561371
