layer,total_samples,initial_r,initial_eta,kstest_stat_initial,initial_exclude_cutoff,best_r,best_eta,best_scale,kstest_stat_best,best_exclude_cutoff,n_pval_0.05
2,10.0,10.0,20.0,0.2155003919755755,0.0,10.0,20.0,98908.789681032,0.2155003919755755,0.0,40
3,40.0,0.2,7.1,0.1239324993902454,0.0,0.19,7.5,5.383930438526941e-05,0.12378371666303212,0.0,112
4,160.0,0.7,0.1,0.0325904249911899,0.0,0.71,0.1,2625.9941765106687,0.03210741979236631,0.0,1822
5,640.0,1.8,-0.9,0.025769982324452,0.0,1.77,-0.9,5529.568378957092,0.025742130569095245,0.0,2733
6,2560.0,0.7,-1.0,0.0110785825910094,0.0,0.71,-1.0,605.758394182833,0.010915282107978076,0.0,15565
7,10240.0,0.9,-1.1,0.0168254117211676,50.0,1.3,-1.12,197.39740780374538,0.016181440074716336,75.0,7290
8,40960.0,0.5,-1.0,0.0112316048468855,150.0,0.45,-1.0,4.8614479145877025,0.008762946234921187,50.0,23040
9,163840.0,0.3,-0.8,0.0110381206118055,25.0,0.3,-0.81,0.04899045837200688,0.010235514597514539,0.0,17280
10,655360.0,0.3,-0.8,0.0226389948965422,25.0,0.26,-0.7,0.0016569742640917585,0.022138377184896196,75.0,3840
