band,obs_var,var_lower,var_upper,obs_kurt,kurt_lower,kurt_upper,total_samples
2,47.57367,38.675888,65.74672,111.03863,20.712982,429.63885,6143445.0
3,25.289915,21.1266,31.79925,61.61051,21.747972,208.499,7281120.0
4,17.629488,14.100173,24.127335,110.88192,30.594269,404.36694,8873865.0
5,14.634543,11.555134,19.504923,103.76507,40.176952,325.17514,10466610.0
6,13.730835,10.35365,22.908894,287.50412,42.64864,974.3539,12514425.0
7,5.8308163,4.4563074,8.642584,175.56964,43.45956,619.26953,15017310.0
8,1.5081885,0.9384969,4.608819,2529.463,42.00993,3959.2922,17975265.0
9,0.32120103,0.23060912,0.5848894,424.1644,54.662415,1311.0481,28896945.0
