layer,obs_var,var_lower,var_upper,obs_kurt,kurt_lower,kurt_upper,total_samples
2,1218.6531,1124.7069,1316.545,0.28528,0.000113241666,0.6164018,2446.0
3,290.57248,276.59048,305.19073,1.5577745,1.2447723,1.97067,9784.0
4,60.992805,57.123,65.23861,4.609925,3.0082996,8.811685,39136.0
5,12.184865,11.29545,13.233427,7.2967587,4.731154,20.015156,156544.0
6,2.424221,2.2138913,2.7201371,13.013254,6.6067395,51.27892,626176.0
7,0.52014524,0.46657553,0.6295499,29.398346,8.2211895,170.47054,2504704.0
8,0.15483391,0.1366535,0.1983466,47.283688,9.892746,264.61652,10018816.0
9,0.047432758,0.041196458,0.060779575,54.09904,13.53972,269.86414,40075264.0
