layer,obs_var,var_lower,var_upper,obs_kurt,kurt_lower,kurt_upper,total_samples
2,1157.8708,1017.89636,1306.6029,2.744092,1.7197548,4.0612993,2006.0
3,251.96123,235.57755,268.89337,3.3290544,2.8035958,3.925877,8024.0
4,53.18233,49.481457,57.01813,5.641115,4.698656,6.833921,32096.0
5,10.4514,9.601545,11.337861,8.429876,7.02224,10.607146,128384.0
6,2.088788,1.8975046,2.2945187,11.713181,9.336737,15.220683,513536.0
7,0.46582982,0.4195212,0.5162945,14.355074,10.998477,20.131742,2054144.0
8,0.15125605,0.13592742,0.16774471,14.508913,11.115978,20.021915,8216576.0
9,0.06465876,0.05797772,0.07204046,15.740036,11.287723,24.57228,32866304.0
