layer,obs_var,var_lower,var_upper,obs_kurt,kurt_lower,kurt_upper,total_samples,kstest_stat_initial,initial_r,initial_eta,initial_scale,initial_exclude_cutoff,best_augmented_var,kstest_stat_cutoff_0.05
2,1218.6531,1124.7069,1316.545,0.28528,0.000113241666,0.6164018,2446.0,0.01572764883567382,9.2,0.5,1868.6324804060896,0.0,1218.6531,0.027391058317828124
3,290.57248,276.59048,305.19073,1.5577745,1.2447723,1.97067,9784.0,0.0071278632150255095,13.0,-0.8,729.7055773725592,0.0,290.57248,0.01371292533206765
4,60.992805,57.123,65.23861,4.609925,3.0082996,8.811685,39136.0,0.005520851571455654,1.6,-1.0,168.0588730076637,0.0,60.992805,0.006860766614414416
5,12.184865,11.29545,13.233427,7.2967587,4.731154,20.015156,156544.0,0.004877314860032733,2.1,-1.1,37.64496355841446,250.0,10.54535,0.0034314536386640306
6,2.424221,2.2138913,2.7201371,13.013254,6.6067395,51.27892,626176.0,0.01831998508435817,0.8,-1.1,3.5173165272528797,500.0,1.8238183,0.0017159936940756553
7,0.52014524,0.46657553,0.6295499,29.398346,8.2211895,170.47054,2504704.0,0.022973530493609062,0.8,-1.2,1.21520462434066,100.0,0.459629,0.0008580634771374716
8,0.15483391,0.1366535,0.1983466,47.283688,9.892746,264.61652,10018816.0,0.00812394526745086,0.8,-1.2,0.38214020749295563,25.0,0.14453757,0.000429048385014687
9,0.047432758,0.041196458,0.060779575,54.09904,13.53972,269.86414,40075264.0,0.01549390750133317,0.3,-1.1,0.00265823278561617,25.0,0.043793097,0.0002145283527339156
