layer,obs_var,var_lower,var_upper,obs_kurt,kurt_lower,kurt_upper,total_samples,kstest_stat_initial,initial_r,initial_eta,initial_scale,initial_exclude_cutoff,best_augmented_var,kstest_stat_cutoff_0.05,kstest_stat_best,best_r,best_eta,best_scale,best_exclude_cutoff,n_pval_0.05
2,1218.6531,1124.7069,1316.545,0.28528,0.000113241666,0.6164018,2446.0,0.0157276488356738,9.2,0.5,1868.6324804060896,0.0,1218.6531,0.027391058317828124,0.0157276488356738,9.2,0.5,1868.6324804060896,0.0,7833
3,290.57248,276.59048,305.19073,1.5577745,1.2447723,1.97067,9784.0,0.0071278632150255,13.0,-0.8,729.7055773725592,0.0,290.57248,0.01371292533206765,0.0071278632150255,13.0,-0.8,729.7055773725592,0.0,37147
4,60.992805,57.123,65.23861,4.609925,3.0082996,8.811685,39136.0,0.0055208515714556,1.6,-1.0,168.0588730076637,0.0,60.99280548095703,0.006860766614414416,0.004623094746009859,2.0,-1.02,186.35761917204988,0.0,88056
5,12.184865,11.29545,13.233427,7.2967587,4.731154,20.015156,156544.0,0.0048773148600327,2.1,-1.1,37.64496355841446,250.0,10.767020225524902,0.0034314536386640306,0.004593640013892508,1.7,-1.09,35.796233619558784,200.0,88056
6,2.424221,2.2138913,2.7201371,13.013254,6.6067395,51.27892,626176.0,0.0183199850843581,0.8,-1.1,3.51731652725288,500.0,1.8587952852249146,0.0017159936940756553,0.017370150687609887,1.1,-1.13,5.43646961676653,450.0,6190
7,0.52014524,0.46657553,0.6295499,29.398346,8.2211895,170.47054,2504704.0,0.022973530493609,0.8,-1.2,1.21520462434066,100.0,0.5201452374458313,0.0008580634771374716,0.01997562949235826,1.1,-1.23,2.0640573627614525,0.0,4641
8,0.15483391,0.1366535,0.1983466,47.283688,9.892746,264.61652,10018816.0,0.0081239452674508,0.8,-1.2,0.3821402074929556,25.0,0.1404055655002594,0.000429048385014687,0.007415284016065282,0.6,-1.17,0.20407093121474057,50.0,33021
9,0.047432758,0.041196458,0.060779575,54.09904,13.53972,269.86414,40075264.0,0.0154939075013331,0.3,-1.1,0.0026582327856161,25.0,0.047432757914066315,0.0002145283527339156,0.014079003627434417,0.3,-1.11,0.0030344553498115674,0.0,9784
