layer,total_samples,initial_r,initial_eta,kstest_stat_initial,initial_exclude_cutoff,best_r,best_eta,best_scale,kstest_stat_best,best_exclude_cutoff,n_pval_0.05
2,2446.0,9.2,0.5,0.0157276488356738,0.0,9.2,0.5,1868.6324804060896,0.0157276488356738,0.0,7833
3,9784.0,13.0,-0.8,0.0071278632150255,0.0,13.0,-0.8,729.7055773725592,0.0071278632150255,0.0,37147
4,39136.0,1.6,-1.0,0.0055208515714556,0.0,2.0,-1.02,186.35761917204988,0.004623094746009859,0.0,88056
5,156544.0,2.1,-1.1,0.0048773148600327,250.0,1.7,-1.09,35.796233619558784,0.004593640013892508,200.0,88056
6,626176.0,0.8,-1.1,0.0183199850843581,500.0,1.1,-1.13,5.43646961676653,0.017370150687609887,450.0,6190
7,2504704.0,0.8,-1.2,0.022973530493609,100.0,1.1,-1.23,2.0640573627614525,0.01997562949235826,0.0,4641
8,10018816.0,0.8,-1.2,0.0081239452674508,25.0,0.6,-1.17,0.20407093121474057,0.007415284016065282,50.0,33021
9,40075264.0,0.3,-1.1,0.0154939075013331,25.0,0.3,-1.11,0.0030344553498115674,0.014079003627434417,0.0,9784
