layer,obs_var,var_lower,var_upper,obs_kurt,kurt_lower,kurt_upper,total_samples
2,3083.5781,2826.3713,3351.5994,0.6854546,0.3843482,1.0239546,2446.0
3,847.51666,802.79834,894.0482,2.2758288,1.9484652,2.6241002,9784.0
4,197.1647,184.73486,210.1571,4.206626,3.5507047,5.0205836,39136.0
5,44.2201,40.871475,47.855286,7.4233656,5.4946823,13.409365,156544.0
6,9.388031,8.569294,10.318589,10.869469,7.736299,24.630526,626176.0
7,1.9477209,1.7386336,2.2729497,23.800837,10.407249,106.72521,2504704.0
8,0.44855222,0.39211762,0.5611296,45.00341,12.935134,228.21909,10018816.0
9,0.12297406,0.10661821,0.16388807,67.74977,13.526072,366.5709,40075264.0
