layer,obs_var,var_lower,var_upper,obs_kurt,kurt_lower,kurt_upper,total_samples
2,12910043.0,11533974.0,14406668.0,2.5698085,1.5661238,4.1433597,2446.0
3,3383101.2,3175588.8,3600173.2,3.8183284,3.2040133,4.508592,9784.0
4,755799.6,704665.0,809263.3,5.1767864,4.4162784,5.9963446,39136.0
5,166065.84,153336.44,179375.16,7.3440285,6.210467,8.667584,156544.0
6,34848.73,31802.594,38059.52,10.203217,8.576608,12.134813,626176.0
7,7071.222,6365.947,7824.6377,13.921118,11.3909645,16.984888,2504704.0
8,1580.6199,1408.1989,1764.7295,17.220577,14.023367,21.251905,10018816.0
9,421.5241,375.112,471.61453,18.081327,14.680775,22.247606,40075264.0
