layer,obs_var,var_lower,var_upper,obs_kurt,kurt_lower,kurt_upper,total_samples,kstest_stat_initial,initial_r,initial_eta,initial_scale,initial_exclude_cutoff,best_augmented_var,kstest_stat_cutoff_0.05,kstest_stat_best,best_r,best_eta,best_scale,best_exclude_cutoff,n_pval_0.05
2,2974.3857,2573.0398,3409.0242,4.002302,2.5433455,5.64572,2006.0,0.0124393043435078,0.7,-0.5,1497.2913334310088,0.0,2974.3857421875,0.030238176430869766,0.012408375276654782,0.7,-0.52,1536.538377906145,0.0,11421
3,830.73224,765.0231,899.7812,5.983138,5.0125847,6.992935,8024.0,0.0077436521352444,1.1,-1.0,1538.228713110503,25.0,830.7322387695312,0.015140345828992074,0.0070770307137437705,0.9,-1.02,1537.659157963349,0.0,38556
4,182.42209,168.20378,197.22136,7.7108803,6.626134,8.896075,32096.0,0.0165181201407522,1.1,-1.2,506.8500652217565,150.0,163.7516326904297,0.007575426642488798,0.016517771529940106,0.91,-1.2,500.82882117973145,50.0,6769
5,40.496,36.834415,44.311794,10.87532,9.228416,12.734711,128384.0,0.0407599999999997,1.1,-1.3,215.29390149504155,0.0,40.496,0.0037890191408675262,0.0407599999999997,1.1,-1.3,215.29390149504155,0.0,1128
6,8.614494,7.739297,9.549824,14.76664,12.468648,17.33048,513536.0,0.0783899999999998,0.9,-1.3,39.61580966763279,0.0,8.614494,0.001894835072058157,0.0783899999999998,0.9,-1.3,39.61580966763279,0.0,297
7,1.8228219,1.6189508,2.0424724,18.560583,15.396005,22.198648,2054144.0,0.1212099999999997,0.3,-1.3,0.4113859624953438,0.0,1.8228219,0.0009474987921691133,0.1212099999999997,0.3,-1.3,0.4113859624953438,0.0,125
8,0.45987484,0.4065562,0.5172377,19.728275,16.04238,23.892212,8216576.0,0.1635299999999998,0.2,-0.3,1.5207501276144885e-05,0.0,0.45987484,0.0004737696952028646,0.1635299999999998,0.2,-0.3,1.5207501276144885e-05,0.0,69
9,0.16516124,0.1479156,0.18371989,15.728962,12.733303,18.878466,32866304.0,0.2083199999999997,0.2,8.1,5.295747693969527e-10,0.0,0.16516124,0.00023688992051635398,0.2083199999999997,0.2,8.1,5.295747693969527e-10,0.0,-1
