layer,obs_var,var_lower,var_upper,obs_kurt,kurt_lower,kurt_upper,total_samples,kstest_stat_initial,initial_r,initial_eta,initial_scale,initial_exclude_cutoff,best_augmented_var,kstest_stat_cutoff_0.05
2,2974.3857,2573.0398,3409.0242,4.002302,2.5433455,5.64572,2006.0,0.012439304343507873,0.7,-0.5,1497.2913334310088,0.0,2974.3857,0.030238176430869766
3,830.73224,765.0231,899.7812,5.983138,5.0125847,6.992935,8024.0,0.007743652135244437,1.1,-1.0,1538.2287131105027,25.0,702.536,0.015140345828992074
4,182.42209,168.20378,197.22136,7.7108803,6.626134,8.896075,32096.0,0.016518120140752213,1.1,-1.2,506.85006522175644,150.0,141.48009,0.007575426642488798
5,40.496,36.834415,44.311794,10.87532,9.228416,12.734711,128384.0,0.040759999999999796,1.1,-1.3,215.29390149504155,0.0,40.496,0.0037890191408675262
6,8.614494,7.739297,9.549824,14.76664,12.468648,17.33048,513536.0,0.07838999999999985,0.9,-1.3,39.61580966763279,0.0,8.614494,0.001894835072058157
7,1.8228219,1.6189508,2.0424724,18.560583,15.396005,22.198648,2054144.0,0.12120999999999976,0.3,-1.3,0.41138596249534387,0.0,1.8228219,0.0009474987921691133
8,0.45987484,0.4065562,0.5172377,19.728275,16.04238,23.892212,8216576.0,0.1635299999999998,0.2,-0.3,1.5207501276144883e-05,0.0,0.45987484,0.0004737696952028646
9,0.16516124,0.1479156,0.18371989,15.728962,12.733303,18.878466,32866304.0,0.20831999999999973,0.2,8.1,5.295747693969527e-10,0.0,0.16516124,0.00023688992051635398
