layer,total_samples,initial_r,initial_eta,kstest_stat_initial,initial_exclude_cutoff,best_r,best_eta,best_scale,kstest_stat_best,best_exclude_cutoff,n_pval_0.05
2,2446.0,2.4,-0.2,0.0077361484075435,0.0,2.4,-0.2,4929.4458085496935,0.0077361484075435,0.0,31338
3,9784.0,1.2,-0.7,0.0075641977800075,0.0,1.24,-0.7,1334.0417115928262,0.007058217425820468,0.0,37147
4,39136.0,1.4,-1.0,0.005830972239253,75.0,0.9,-0.95,316.1940316696272,0.0049240432860324646,0.0,74296
5,156544.0,0.6,-1.0,0.0075505266588686,0.0,0.7,-1.05,58.174834615807995,0.006151194543322441,25.0,49531
6,626176.0,0.7,-1.1,0.0102870096421386,300.0,0.69,-1.1,11.726358031304393,0.010239557226732199,275.0,18573
7,2504704.0,0.9,-1.2,0.0135572959218217,150.0,0.85,-1.2,4.995014198816372,0.0135004730587176,75.0,9784
8,10018816.0,0.5,-1.1,0.0053747157504674,200.0,0.46,-1.1,0.20190989961027542,0.003874301729520524,100.0,117408
9,40075264.0,0.3,-1.0,0.0136239010228838,0.0,0.3,-0.97,0.0034338344426360695,0.012433262653591404,100.0,12382
