layer,obs_var,var_lower,var_upper,obs_kurt,kurt_lower,kurt_upper,total_samples,kstest_stat_initial,initial_r,initial_eta,initial_scale,initial_exclude_cutoff,best_augmented_var,kstest_stat_cutoff_0.05
2,2543.706,2322.2668,2776.3699,1.8551836,1.2311459,2.5527425,3180.0,0.015628688296518922,0.3,3.2,0.20911757478984944,0.0,2543.706,0.024030335482930112
3,880.9424,837.7076,925.666,1.832932,1.4922528,2.2081351,12720.0,0.004665139800278717,0.9,0.0,483.25638352699497,0.0,880.9424,0.01202851450611388
4,249.72429,236.01889,263.6957,2.6048474,2.158933,3.1408162,50880.0,0.004866485208134486,0.9,-0.4,186.7972525228714,25.0,243.71541,0.006017563498360196
5,56.870796,53.349483,60.484978,4.0330415,3.3578613,4.833753,203520.0,0.002479101519312743,0.6,-0.5,18.479810975756777,0.0,56.870796,0.0030096044936828606
6,10.734995,9.960573,11.537709,5.9360914,4.932771,7.195107,814080.0,0.0038231443277501054,0.4,-0.5,0.5946025946633876,0.0,10.734995,0.0015050074551751034
7,1.834359,1.6885227,1.9882218,8.154408,6.703937,10.309594,3256320.0,0.007234167212921305,0.3,-0.4,0.009741343126339347,50.0,1.7481095,0.0007525549699048645
8,0.25910306,0.23667519,0.2838725,10.494855,7.995214,17.8014,13025280.0,0.024759999999995563,0.2,0.1,2.726252733256279e-06,0.0,0.25910306,0.0003762902880576396
