layer,obs_var,var_lower,var_upper,obs_kurt,kurt_lower,kurt_upper,total_samples
2,5815.2295,5348.87,6287.3413,-0.44105434,-0.6022498,-0.25944608,1604.0
3,1326.0748,1255.5797,1397.4866,0.7617812,0.54498166,0.9920333,6416.0
4,292.65924,276.62964,309.14212,2.6146507,2.1384532,3.3580117,25664.0
5,55.12661,51.47259,58.957115,5.036825,3.927359,7.03557,102656.0
6,10.025225,9.217633,10.903786,8.688152,6.6357656,15.399898,410624.0
7,1.7853681,1.6083432,1.9869157,14.65172,10.383094,29.135918,1642496.0
8,0.34394595,0.30202603,0.39602366,24.972425,15.453585,71.25662,6569984.0
9,0.075907975,0.06491496,0.09170404,42.067,20.209116,144.26074,26279936.0
