layer,obs_var,var_lower,var_upper,obs_kurt,kurt_lower,kurt_upper,total_samples
2,24081686.0,21691118.0,26571442.0,0.4618399,0.05045837,0.93695945,1604.0
3,5193569.5,4882074.5,5512806.0,1.5504255,1.1866343,1.951052,6416.0
4,1120030.2,1053206.9,1188649.8,3.461707,2.8735666,4.1139584,25664.0
5,209474.16,195351.75,224173.39,5.2550507,4.462369,6.15226,102656.0
6,37877.47,34756.15,41138.348,8.857903,7.468217,10.462256,410624.0
7,6626.295,5974.2124,7329.5044,13.586472,11.134899,16.51455,1642496.0
8,1253.8829,1105.6033,1416.4514,20.77905,16.479244,26.036087,6569984.0
9,269.5894,233.59354,308.96783,27.748198,21.337631,36.432705,26279936.0
