layer,obs_var,var_lower,var_upper,obs_kurt,kurt_lower,kurt_upper,total_samples
2,24078400.0,21688314.0,26567730.0,0.46143556,0.050192755,0.93604964,1604.0
3,5192923.5,4881462.0,5512113.5,1.5500512,1.1864249,1.9501926,6416.0
4,1119893.0,1053083.5,1188510.6,3.4613476,2.8735816,4.1136475,25664.0
5,209451.3,195332.55,224148.3,5.2547245,4.462294,6.151662,102656.0
6,37873.188,34752.363,41133.906,8.857376,7.467968,10.460917,410624.0
7,6625.385,5973.3345,7328.5503,13.5854435,11.134627,16.512316,1642496.0
8,1253.6875,1105.4517,1416.2067,20.776464,16.477352,26.031052,6569984.0
9,269.56787,233.57718,308.94363,27.743181,21.335247,36.42776,26279936.0
