layer,obs_var,var_lower,var_upper,obs_kurt,kurt_lower,kurt_upper,total_samples
2,5958.991,5302.623,6657.43,1.1027603,0.48534358,1.8696313,1604.0
3,1403.2253,1303.5846,1507.3009,3.1192122,2.476628,3.8463948,6416.0
4,309.3643,287.93304,331.50772,5.387887,4.6337366,6.2146244,25664.0
5,57.79788,53.214924,62.58843,8.038796,6.965673,9.203978,102656.0
6,10.648613,9.62729,11.724724,12.782071,10.8917265,14.932433,410624.0
7,1.9089822,1.693092,2.1447778,18.928474,15.725561,22.537169,1642496.0
8,0.3797571,0.32999265,0.43461797,26.192953,20.896704,32.203697,6569984.0
9,0.1004288,0.08689531,0.115290284,28.346195,21.911053,35.32845,26279936.0
