layer,obs_var,var_lower,var_upper,obs_kurt,kurt_lower,kurt_upper,total_samples,kstest_stat_initial,initial_r,initial_eta,initial_scale,initial_exclude_cutoff,best_augmented_var,kstest_stat_cutoff_0.05,kstest_stat_best,best_r,best_eta,best_scale,best_exclude_cutoff,n_pval_0.05
2,24078400.0,21688314.0,26567730.0,0.46143556,0.050192755,0.93604964,1604.0,0.0954486180875714,0.6,20.0,60881.84576458565,0.0,24078400.0,0.033804382765303224,0.09541375078591108,0.64,20.0,98000.14731449685,0.0,200
3,5192923.5,4881462.0,5512113.5,1.5500512,1.1864249,1.9501926,6416.0,0.0581316407205145,0.1,10.0,7.893099325426518e-15,25.0,4673814.5,0.016928848255368546,0.0581316407205145,0.1,10.0,7.893099325426518e-15,25.0,567
4,1119893.0,1053083.5,1188510.6,3.4613476,2.8735816,4.1136475,25664.0,0.0457454582644299,0.4,-0.3,39160.89930184977,50.0,1119893.0,0.008471003560381446,0.04568879015159871,0.4,-0.39,50217.87749369839,0.0,901
5,209451.3,195332.55,224148.3,5.2547245,4.462294,6.151662,102656.0,0.0337129115905638,0.5,-0.8,50347.29817708334,500.0,164008.828125,0.004237135996393022,0.03357351369086381,0.6,-0.87,100000.0,600.0,1604
6,37873.188,34752.363,41133.906,8.857376,7.467968,10.460917,410624.0,0.036274751002336,0.5,-1.0,18033.255859375,50.0,36846.625,0.0021189752192853914,0.03595649166747439,0.6,-1.04,34931.50030260928,25.0,1353
7,6625.385,5973.3345,7328.5503,13.5854435,11.134627,16.512316,1642496.0,0.0374189894978509,0.9,-1.2,17132.89986149114,150.0,5365.4912109375,0.0010595892481240078,0.03634407874718881,1.4,-1.22,23295.624314188277,225.0,1353
8,1253.6875,1105.4517,1416.2067,20.776464,16.477352,26.031052,6569984.0,0.0168961136892802,0.3,-1.0,43.07952992400265,50.0,1253.6875,0.0005298200128246353,0.016794603941645003,0.3,-1.01,49.3014629943242,0.0,6416
9,269.56787,233.57718,308.94363,27.743181,21.335247,36.42776,26279936.0,0.0114918063348768,0.3,-1.0,7.42262846449102,200.0,197.33482360839844,0.0002649163509945643,0.010845946212455049,0.24,-0.9,0.6742971731305462,200.0,16240
