layer,obs_var,var_lower,var_upper,obs_kurt,kurt_lower,kurt_upper,total_samples,kstest_stat_initial,initial_r,initial_eta,initial_scale,initial_exclude_cutoff,best_augmented_var,kstest_stat_cutoff_0.05
2,24078400.0,21688314.0,26567730.0,0.46143556,0.050192755,0.93604964,1604.0,0.09544861808757144,0.6,20.0,60881.845764585654,0.0,24078400.0,0.033804382765303224
3,5192923.5,4881462.0,5512113.5,1.5500512,1.1864249,1.9501926,6416.0,0.05813164072051458,0.1,10.0,7.893099325426518e-15,25.0,4673814.5,0.016928848255368546
4,1119893.0,1053083.5,1188510.6,3.4613476,2.8735816,4.1136475,25664.0,0.04574545826442994,0.4,-0.3,39160.89930184977,50.0,1024895.1,0.008471003560381446
5,209451.3,195332.55,224148.3,5.2547245,4.462294,6.151662,102656.0,0.03371291159056383,0.5,-0.8,50347.29817708334,500.0,169166.92,0.004237135996393022
6,37873.188,34752.363,41133.906,8.857376,7.467968,10.460917,410624.0,0.036274751002336014,0.5,-1.0,18033.255859375,50.0,36066.51,0.0021189752192853914
7,6625.385,5973.3345,7328.5503,13.5854435,11.134627,16.512316,1642496.0,0.037418989497850996,0.9,-1.2,17132.89986149114,150.0,5664.606,0.0010595892481240078
8,1253.6875,1105.4517,1416.2067,20.776464,16.477352,26.031052,6569984.0,0.016896113689280234,0.3,-1.0,43.07952992400265,50.0,1145.294,0.0005298200128246353
9,269.56787,233.57718,308.94363,27.743181,21.335247,36.42776,26279936.0,0.011491806334876897,0.3,-1.0,7.42262846449102,200.0,197.33482,0.0002649163509945643
