layer,obs_var,var_lower,var_upper,obs_kurt,kurt_lower,kurt_upper,total_samples,kstest_stat_initial,initial_r,initial_eta,initial_scale,initial_exclude_cutoff,best_augmented_var,kstest_stat_cutoff_0.05,kstest_stat_best,best_r,best_eta,best_scale,best_exclude_cutoff,n_pval_0.05
2,5815.2295,5348.87,6287.3413,-0.44105434,-0.6022498,-0.25944608,1604.0,0.1004503816955179,20.0,20.0,5939.813261345963,0.0,5815.2295,0.033804382765303224,0.1004503816955179,20.0,20.0,5939.813261345963,0.0,189
3,1326.0748,1255.5797,1397.4866,0.7617812,0.54498166,0.9920333,6416.0,0.0586322927122921,4.3,2.1,1023.0366264786662,200.0,876.9287,0.016928848255368546,0.0586322927122921,4.3,2.1,1023.0366264786662,200.0,505
4,292.65924,276.62964,309.14212,2.6146507,2.1384532,3.3580117,25664.0,0.0452710171504178,4.7,-0.9,822.9432497861033,0.0,292.65924,0.008471003560381446,0.0452710171504178,4.7,-0.9,822.9432497861033,0.0,901
5,55.12661,51.47259,58.957115,5.036825,3.927359,7.03557,102656.0,0.033310905485591,0.7,-0.9,47.47807136342681,200.0,50.156105041503906,0.004237135996393022,0.033173189693734284,1.1,-0.97,103.86071586741829,175.0,1604
6,10.025225,9.217633,10.903786,8.688152,6.6357656,15.399898,410624.0,0.0331897313864728,1.2,-1.1,22.069011737680203,500.0,7.642522811889648,0.002118975219285392,0.03299459396264176,1.5,-1.11,25.365657105050182,500.0,1604
7,1.7853681,1.6083432,1.9869157,14.65172,10.383094,29.135918,1642496.0,0.0340229860235941,0.9,-1.2,4.615565006166891,150.0,1.4987186193466187,0.0010595892481240078,0.03242724788994328,1.4,-1.22,6.5070623613746275,175.0,1804
8,0.34394595,0.30202603,0.39602366,24.972425,15.453585,71.25662,6569984.0,0.0155300499165349,0.3,-1.0,0.0129373161514794,0.0,0.34394595,0.0005298200128246353,0.0155300499165349,0.3,-1.0,0.0129373161514794,0.0,7704
9,0.075907975,0.06491496,0.09170404,42.067,20.209116,144.26074,26279936.0,0.0103883289587256,0.2,-0.8,1.5782080219946424e-05,50.0,0.06978137791156769,0.0002649163509945643,0.01014408131056016,0.2,-0.81,1.7355932208037497e-05,25.0,18270
