layer,total_samples,initial_r,initial_eta,kstest_stat_initial,initial_exclude_cutoff,best_r,best_eta,best_scale,kstest_stat_best,best_exclude_cutoff,n_pval_0.05
2,1604.0,20.0,20.0,0.1004503816955179,0.0,20.0,20.0,5939.813261345963,0.1004503816955179,0.0,189
3,6416.0,4.3,2.1,0.0586322927122921,200.0,4.3,2.1,1023.0366264786662,0.0586322927122921,200.0,505
4,25664.0,4.7,-0.9,0.0452710171504178,0.0,4.7,-0.9,822.9432497861033,0.0452710171504178,0.0,901
5,102656.0,0.7,-0.9,0.033310905485591,200.0,1.1,-0.97,103.86071586741829,0.033173189693734284,175.0,1604
6,410624.0,1.2,-1.1,0.0331897313864728,500.0,1.5,-1.11,25.365657105050182,0.03299459396264176,500.0,1604
7,1642496.0,0.9,-1.2,0.0340229860235941,150.0,1.4,-1.22,6.5070623613746275,0.03242724788994328,175.0,1804
8,6569984.0,0.3,-1.0,0.0155300499165349,0.0,0.3,-1.0,0.0129373161514794,0.0155300499165349,0.0,7704
9,26279936.0,0.2,-0.8,0.0103883289587256,50.0,0.2,-0.81,1.7355932208037497e-05,0.01014408131056016,25.0,18270
