layer,total_samples,initial_r,initial_eta,kstest_stat_initial,initial_exclude_cutoff,best_r,best_eta,best_scale,kstest_stat_best,best_exclude_cutoff,n_pval_0.05
2,1604.0,0.6,20.0,0.0954215770075794,0.0,0.64,20.0,98013.52147906336,0.09538675816932896,0.0,200
3,6416.0,0.4,2.2,0.0580827753851189,75.0,0.4,2.2,13024.049166700826,0.0580827753851189,75.0,567
4,25664.0,0.4,-0.3,0.0457313700933486,50.0,0.4,-0.39,50224.03201353735,0.04565466452725203,0.0,901
5,102656.0,0.5,-0.8,0.0339013259148475,500.0,0.6,-0.87,100000.0,0.033840212901890265,600.0,1604
6,410624.0,0.5,-1.0,0.0371655519804743,75.0,0.6,-1.04,34935.388684020334,0.036778610326036576,25.0,1353
7,1642496.0,0.8,-1.2,0.0453062732790289,250.0,1.2,-1.23,22059.4807308451,0.04529999999981715,250.0,901
8,6569984.0,0.5,-1.2,0.0435699999999379,0.0,0.9,-1.26,4778.359499003838,0.0435699999996067,0.0,1012
9,26279936.0,0.8,-1.3,0.0703199999977994,0.0,0.64,-1.3,810.3952034818891,0.07031999999738975,0.0,378
