layer,total_samples,initial_r,initial_eta,kstest_stat_initial,initial_exclude_cutoff,best_r,best_eta,best_scale,kstest_stat_best,best_exclude_cutoff,n_pval_0.05
2,1604.0,2.7,-0.6,0.0902935798489498,0.0,3.0,-0.61,12664.9013971959,0.09027910784212173,0.0,225
3,6416.0,5.1,-1.1,0.0615683830391142,0.0,5.1,-1.1,5231.146890256962,0.0615683830391142,0.0,505
4,25664.0,2.9,-1.2,0.058183813856707,500.0,3.3,-1.2,792.563714693031,0.0581806804863888,525.0,567
5,102656.0,2.9,-1.3,0.0705699999999999,0.0,3.0,-1.33,402.695661105362,0.07056999999999986,100.0,378
6,410624.0,0.3,-1.3,0.0938499999999997,0.0,0.3,-1.3,2.403246310151809,0.0938499999999997,0.0,200
7,1642496.0,0.3,-1.3,0.1199099999999998,0.0,0.3,-1.3,0.4308311642993762,0.1199099999999998,0.0,126
8,6569984.0,0.3,-1.3,0.1441699999999998,0.0,0.3,-1.3,0.0857059850451889,0.1441699999999998,0.0,84
9,26279936.0,0.3,-1.3,0.1707599999999998,0.0,0.3,-1.3,0.0226654060108696,0.1707599999999998,0.0,61
