layer,obs_var,var_lower,var_upper,obs_kurt,kurt_lower,kurt_upper,total_samples
2,19887.977,18989.168,20804.418,0.22778773,0.029941017,0.5204196,7072
3,4668.4414,4451.619,4889.6553,1.2994676,1.0496199,1.5900817,28288
4,1089.8835,1030.5994,1150.8702,2.5366545,2.0416296,3.2691398,113152
5,255.23422,239.15054,274.19345,4.921184,3.046692,16.413427,452608
6,57.39555,53.469673,61.80651,5.756173,3.9394152,14.908526,1810432
7,12.64149,11.711289,13.718464,7.297262,4.753712,20.11045,7241728
8,2.804741,2.5608668,3.2792578,19.296017,5.5249133,118.46837,28966912
9,0.64467114,0.5788912,0.8541323,52.90137,6.520096,350.1214,115867648
10,0.15005894,0.13500552,0.17379427,20.92361,8.434821,94.10879,463470592
