layer,obs_var,var_lower,var_upper,obs_kurt,kurt_lower,kurt_upper,total_samples
2,16568.33,15498.675,17678.645,2.6359267,2.1566806,3.1459007,7072
3,3798.775,3564.8362,4040.8313,3.9016304,3.3266149,4.569647,28288
4,916.6849,852.525,983.6289,5.5940943,4.7659316,6.4944544,113152
5,213.94096,197.5606,231.04434,7.42986,6.336338,8.694106,452608
6,48.16814,44.09223,52.449684,9.292649,7.8661265,10.931915,1810432
7,10.809623,9.840361,11.834001,11.065596,9.409023,12.97084,7241728
8,2.4085655,2.1783097,2.6531596,12.751773,10.6672125,15.278035,28966912
9,0.58321714,0.52538264,0.64465284,13.87895,11.363679,16.987322,115867648
10,0.17127426,0.15455195,0.18935718,13.258211,10.6116705,16.273994,463470592
