layer,obs_var,var_lower,var_upper,obs_kurt,kurt_lower,kurt_upper,total_samples,kstest_stat_initial,initial_r,initial_eta,initial_scale,initial_exclude_cutoff,best_augmented_var,kstest_stat_cutoff_0.05,kstest_stat_best,best_r,best_eta,best_scale,best_exclude_cutoff,n_pval_0.05
2,19887.977,18989.168,20804.418,0.22778773,0.029941017,0.5204196,7072,0.0388039944310714,7.2,0.0,34059.95518335002,0.0,19887.977,0.01612577750721614,0.0388039944310714,7.2,0.0,34059.95518335002,0.0,1255
3,4668.4414,4451.619,4889.6553,1.2994676,1.0496199,1.5900817,28288,0.029660335276384,5.6,-0.5,8880.22163673922,100.0,4016.305419921875,0.008068854211971187,0.029659271398620624,6.0,-0.45,8132.902852214233,200.0,1989
4,1089.8835,1030.5994,1150.8702,2.5366545,2.0416296,3.2691398,113152,0.0247845973942471,1.1,-0.6,1343.7418958522603,25.0,1051.5126953125,0.0040359092726554024,0.02477726446956302,1.5,-0.66,1832.616622028385,75.0,2983
5,255.23422,239.15054,274.19345,4.921184,3.046692,16.413427,452608,0.014271335329615,0.6,-0.6,94.2894204748038,25.0,243.44776916503906,0.002018324026021024,0.014256442318444695,0.7,-0.66,153.0045801994052,75.0,8950
6,57.39555,53.469673,61.80651,5.756173,3.9394152,14.908526,1810432,0.0078068576512194,0.7,-0.8,41.521048424438405,150.0,55.12490463256836,0.0010092542162957218,0.007486595432499243,0.6,-0.75,26.942228124416495,50.0,31824
7,12.64149,11.711289,13.718464,7.297262,4.753712,20.11045,7241728,0.0064864733429133,0.6,-0.9,8.402031058804141,0.0,12.64148998260498,0.0005046501409454036,0.005183213738191084,0.6,-0.88,8.035124727687695,0.0,71604
8,2.804741,2.5608668,3.2792578,19.296017,5.5249133,118.46837,28966912,0.0062883862910583,0.8,-1.0,3.7506810955280696,150.0,2.5603678226470947,0.0002523308264179366,0.005191221498955345,0.7,-0.97,2.8476947003771453,100.0,71604
9,0.64467114,0.5788912,0.8541323,52.90137,6.520096,350.1214,115867648,0.0065233589731206,0.5,-0.9,0.2221457434423042,75.0,0.6446711421012878,0.00012616685191353853,0.005023547251684135,0.46,-0.9,0.17817575090785023,0.0,71604
10,0.15005894,0.13500552,0.17379427,20.92361,8.434821,94.10879,463470592,0.0054580573837997,0.4,-0.8,0.0148151379239506,100.0,0.15005894005298615,6.30837855989912e-05,0.003808448014955834,0.3,-0.65,0.0016187397169229831,0.0,127296
