layer,obs_var,var_lower,var_upper,obs_kurt,kurt_lower,kurt_upper,total_samples,kstest_stat_initial,initial_r,initial_eta,initial_scale,initial_exclude_cutoff,best_augmented_var,kstest_stat_cutoff_0.05
2,19887.977,18989.168,20804.418,0.22778773,0.029941017,0.5204196,7072,0.03880399443107141,7.2,0.0,34059.95518335002,0.0,19887.977,0.01612577750721614
3,4668.4414,4451.619,4889.6553,1.2994676,1.0496199,1.5900817,28288,0.029660335276384064,5.6,-0.5,8880.22163673922,100.0,4278.2285,0.008068854211971187
4,1089.8835,1030.5994,1150.8702,2.5366545,2.0416296,3.2691398,113152,0.024784597394247154,1.1,-0.6,1343.7418958522605,25.0,1073.3036,0.0040359092726554024
5,255.23422,239.15054,274.19345,4.921184,3.046692,16.413427,452608,0.014271335329615054,0.6,-0.6,94.2894204748038,25.0,249.50171,0.002018324026021024
6,57.39555,53.469673,61.80651,5.756173,3.9394152,14.908526,1810432,0.007806857651219468,0.7,-0.8,41.521048424438405,150.0,52.55832,0.0010092542162957218
7,12.64149,11.711289,13.718464,7.297262,4.753712,20.11045,7241728,0.0064864733429133015,0.6,-0.9,8.402031058804141,0.0,12.64149,0.0005046501409454036
8,2.804741,2.5608668,3.2792578,19.296017,5.5249133,118.46837,28966912,0.006288386291058323,0.8,-1.0,3.7506810955280696,150.0,2.4928715,0.0002523308264179366
9,0.64467114,0.5788912,0.8541323,52.90137,6.520096,350.1214,115867648,0.006523358973120619,0.5,-0.9,0.2221457434423042,75.0,0.58646476,0.00012616685191353853
10,0.15005894,0.13500552,0.17379427,20.92361,8.434821,94.10879,463470592,0.0054580573837997096,0.4,-0.8,0.014815137923950616,100.0,0.13355422,6.30837855989912e-05
