layer,total_samples,initial_r,initial_eta,kstest_stat_initial,initial_exclude_cutoff,best_r,best_eta,best_scale,kstest_stat_best,best_exclude_cutoff,n_pval_0.05
2,7072,7.2,0.0,0.0388039944310714,0.0,7.2,0.0,34059.95518335002,0.0388039944310714,0.0,1255
3,28288,5.6,-0.5,0.029660335276384,100.0,6.0,-0.45,8132.902852214233,0.029659271398620624,200.0,1989
4,113152,1.1,-0.6,0.0247845973942471,25.0,1.5,-0.66,1832.616622028385,0.02477726446956302,75.0,2983
5,452608,0.6,-0.6,0.014271335329615,25.0,0.7,-0.66,153.0045801994052,0.014256442318444695,75.0,8950
6,1810432,0.7,-0.8,0.0078068576512194,150.0,0.6,-0.75,26.942228124416495,0.007486595432499243,50.0,31824
7,7241728,0.6,-0.9,0.0064864733429133,0.0,0.6,-0.88,8.035124727687695,0.005183213738191084,0.0,71604
8,28966912,0.8,-1.0,0.0062883862910583,150.0,0.7,-0.97,2.8476947003771453,0.005191221498955345,100.0,71604
9,115867648,0.5,-0.9,0.0065233589731206,75.0,0.46,-0.9,0.17817575090785023,0.005023547251684135,0.0,71604
10,463470592,0.4,-0.8,0.0054580573837997,100.0,0.3,-0.65,0.0016187397169229831,0.003808448014955834,0.0,127296
