layer,obs_var,var_lower,var_upper,obs_kurt,kurt_lower,kurt_upper,total_samples
2,20586.12,19258.777,21997.203,4.579008,3.067372,6.877853,27208.0
3,5586.0425,5083.0303,6169.8623,12.162527,6.823176,25.538519,108832.0
4,1803.6252,1653.4755,1972.1727,9.5094,6.3862934,18.198275,333298.0
5,518.5317,474.7186,568.60645,10.222363,6.5263047,26.454138,1149538.0
6,123.44841,112.812614,135.50139,10.630472,6.9887776,22.231544,4251250.0
7,26.474886,23.729076,30.007523,18.564669,9.779378,60.50916,17005000.0
8,5.566022,4.8247104,6.9107633,45.4341,13.9184065,216.77681,68020000.0
9,1.0218027,0.85654026,1.4280809,105.147964,15.814442,464.5576,272080000.0
