layer,obs_var,var_lower,var_upper,obs_kurt,kurt_lower,kurt_upper,total_samples
2,20586.305,19258.834,21997.41,4.579431,3.0675697,6.8780694,27208.0
3,5586.0537,5083.0166,6169.916,12.162226,6.8231587,25.537256,108832.0
4,1803.6277,1653.4663,1972.1715,9.509389,6.386564,18.200993,333298.0
5,518.53485,474.7251,568.6128,10.223197,6.527225,26.45209,1149538.0
6,123.44854,112.81135,135.50153,10.628438,6.9884152,22.204712,4251250.0
7,26.475042,23.729494,30.003483,18.552206,9.779295,60.4411,17005000.0
8,5.5666294,4.8253117,6.9118633,45.449364,13.917338,216.89389,68020000.0
9,1.0223536,0.85707086,1.4287201,105.088615,15.796925,464.36914,272080000.0
