layer,obs_var,var_lower,var_upper,obs_kurt,kurt_lower,kurt_upper,total_samples,kstest_stat_initial,initial_r,initial_eta,initial_scale,initial_exclude_cutoff,best_augmented_var,kstest_stat_cutoff_0.05
2,20586.12,19258.777,21997.203,4.579008,3.067372,6.877853,27208.0,0.014079478815237523,6.9,-1.0,65090.97819905876,0.0,20586.12,0.008227320119627842
3,5586.0425,5083.0303,6169.8623,12.162527,6.823176,25.538519,108832.0,0.1330799999999998,0.6,-1.3,14964.664457442186,0.0,5586.0425,0.004115201248105526
4,1803.6252,1653.4755,1972.1727,9.5094,6.3862934,18.198275,333298.0,0.07779999999999981,0.6,-1.3,4831.80116869999,0.0,1803.6252,0.0023519198649528247
5,518.5317,474.7186,568.60645,10.222363,6.5263047,26.454138,1149538.0,0.04305986856967786,4.1,-1.3,2544.2571296261167,500.0,391.182,0.0012665428950382307
6,123.44841,112.812614,135.50139,10.630472,6.9887776,22.231544,4251250.0,0.013504212871368992,1.2,-1.2,429.11863705227745,75.0,113.42043,0.000658638529926002
7,26.474886,23.729076,30.007523,18.564669,9.779378,60.50916,17005000.0,0.012624469573605968,1.3,-1.2,78.086046309627,350.0,19.789452,0.00032932907101302186
8,5.566022,4.8247104,6.9107633,45.4341,13.9184065,216.77681,68020000.0,0.012392191981205003,0.4,-1.0,0.8666225791356568,200.0,4.2288737,0.00016466698639267335
9,1.0218027,0.85654026,1.4280809,105.147964,15.814442,464.5576,272080000.0,0.02532958641169336,1.1,-1.1,1.789810276935032,350.0,0.6597257,8.233410583957582e-05
