layer,obs_var,var_lower,var_upper,obs_kurt,kurt_lower,kurt_upper,total_samples
2,15745.2,14455.531,17095.566,2.2655892,1.637148,2.944787,4000
3,3624.9153,3413.434,3841.5784,3.2783217,2.7686408,3.8190064,16000
4,871.21185,815.0837,928.3541,4.4247704,3.7891114,5.131037,64000
5,209.99551,194.95876,225.60313,6.0352173,5.2038236,6.969785,256000
6,48.276875,44.52555,52.212353,7.575512,6.527391,8.725979,1024000
7,10.965419,10.046231,11.937503,9.237377,7.9318657,10.7087,4096000
8,2.502185,2.2790892,2.737546,10.60012,9.036708,12.381795,16384000
9,0.6231359,0.56616354,0.6834195,11.607404,9.769527,13.733749,65536000
10,0.18486173,0.16792317,0.20286076,11.508043,9.5448475,13.657074,262144000
