layer,total_samples,initial_r,initial_eta,kstest_stat_initial,initial_exclude_cutoff,best_r,best_eta,best_scale,kstest_stat_best,best_exclude_cutoff,n_pval_0.05
2,4000,20.0,-0.9,0.0447809475871616,0.0,20.0,-0.9,43029.50910691062,0.0447809475871616,0.0,948
3,16000,1.2,-1.0,0.0368802593093763,0.0,1.6,-1.03,10519.241769797944,0.036420557171703394,0.0,1422
4,64000,0.8,-1.1,0.031612806150074,0.0,1.2,-1.15,2850.719383832882,0.03069119624401523,0.0,2000
5,256000,0.8,-1.2,0.0269792514025496,0.0,1.1,-1.23,833.3110743715431,0.02666999999999986,0.0,2530
6,1024000,1.2,-1.3,0.0421399999999999,0.0,0.8,-1.26,150.83768100772147,0.04213999999999979,100.0,1000
7,4096000,1.4,-1.2,0.0743899999999997,0.0,1.4,-1.2,44.71180549456949,0.0743899999999997,0.0,315
8,16384000,0.3,-1.3,0.1170699999999997,0.0,0.3,-1.3,0.5647089566959785,0.1170699999999997,0.0,125
9,65536000,0.2,-0.3,0.1639399999999997,0.0,0.2,-0.3,2.060634670434172e-05,0.1639399999999997,0.0,69
10,262144000,0.2,-0.3,0.2109999999999998,0.0,0.2,-0.3,6.11315259621256e-06,0.2109999999999998,0.0,40
