layer,obs_var,var_lower,var_upper,obs_kurt,kurt_lower,kurt_upper,total_samples
2,,,,,,,0.0
3,8807488.0,8156726.0,9453774.0,-1.5391786,-1.6141417,-1.4371631,564.0
4,1420065.2,1367602.4,1473146.8,0.0743351,-0.063021764,0.2247136,22538.0
5,303251.5,285966.78,321202.03,3.0371113,2.55903,3.554282,296776.0
6,52552.902,48322.535,56985.35,8.241081,7.055655,9.565272,2880648.0
7,6895.833,6284.307,7549.581,10.646168,9.069577,12.356019,25362406.0
8,487.55313,439.29523,541.48,14.40287,10.788188,25.149405,213093688.0
