layer,obs_var,var_lower,var_upper,obs_kurt,kurt_lower,kurt_upper,total_samples
2,,,,,,,0
3,269730.25,256567.56,283191.78,-0.76290464,-0.86566836,-0.65041924,3396
4,175429.64,167353.88,183664.52,1.2484593,1.0724838,1.431778,98808
5,35103.453,33078.26,37192.094,3.1658778,2.7146711,3.6869678,524004
6,13483.666,12302.89,14720.538,10.163432,8.836062,11.496545,2418270
7,2081.284,1881.2584,2294.5935,12.7754755,10.799274,14.925213,10234344
8,127.3469,112.202866,150.38548,29.678112,10.853311,114.30361,42110360
9,5.91954,4.214583,11.399667,575.5202,13.528171,1555.1184,170911996
