band,obs_var,var_lower,var_upper,obs_kurt,kurt_lower,kurt_upper,total_samples
2,46.22061,39.145073,57.90718,56.20695,16.205118,208.39793,6072246.0
3,27.144825,21.643547,39.53216,149.3496,24.631004,563.8342,7196736.0
4,24.812845,19.491879,37.105,171.76357,33.82219,648.0228,8771022.0
5,9.532011,7.5980744,12.580185,96.01599,37.38979,304.95184,10345308.0
6,7.007609,5.5423965,9.9342785,131.84973,36.828697,489.47366,12369390.0
7,2.5746932,1.974285,3.8467588,181.73041,39.22469,641.87006,14843268.0
8,0.6557087,0.5115894,0.92288184,133.35944,37.701252,466.50696,17766942.0
9,0.20921832,0.15514137,0.3146993,198.30305,56.59324,644.243,28562046.0
