band,obs_var,var_lower,var_upper,obs_kurt,kurt_lower,kurt_upper,total_samples
2,75.15226,60.732834,97.02577,81.882385,27.052671,242.90886,14562240.0
3,29.10772,24.34782,36.671818,61.74617,21.34402,214.1877,14562240.0
4,17.577112,13.932903,26.527973,176.36232,27.630383,673.5382,14562240.0
5,14.257065,10.817461,23.351603,269.0964,40.78654,922.7592,58248960.0
6,4.401598,3.2767203,7.69476,352.8861,42.24724,1139.5686,29124480.0
7,1.025518,0.7784113,1.6713085,260.86484,39.63248,905.8516,29124480.0
8,0.38290453,0.2863003,0.64727926,305.83762,44.35128,1022.17114,29124480.0
9,0.2645141,0.18267952,0.4864876,457.25952,69.39836,1385.6442,29579550.0
