band,obs_var,var_lower,var_upper,obs_kurt,kurt_lower,kurt_upper,total_samples,initial_r,initial_eta,initial_scale,kstest_stat_initial,kstest_stat_cutoff_0.05
2,188702370.0,175675420.0,202653680.0,5.7695904,4.088155,8.210644,47614.0,0.27,0.6,53564.326107774024,0.012690982302627551,0.0062204080553092435
5,69923600.0,64311228.0,76257144.0,8.911055,5.4116364,14.530108,102030.0,0.29,0.1,100000.0,0.012989923393461833,0.004250109478285763
8,20197050.0,18480948.0,22247404.0,10.603689,5.844239,28.60345,326496.0,0.3,1e-09,48765.06662391538,0.010516829133731809,0.002376287493954915
11,5333559.0,4899587.0,5816535.0,9.182022,5.623513,17.436117,904666.0,0.35,-0.2,69096.348022513,0.009052552161787464,0.0014276807376072355
14,1659426.8,1519870.6,1827127.6,10.649116,5.9477906,27.891136,2727602.0,0.4,-0.44,81723.18284206,0.0074772238392391,0.0008222587962986603
17,407804.0,365984.3,503268.38,34.724663,6.520162,200.07347,8298440.0,0.54,-0.6,100000.0,0.004446591791671339,0.00047142713729943133
20,68779.05,58099.56,127261.59,315.78586,6.7074337,1304.6337,25140192.0,0.06,6.6,8.466925475204502e-32,0.002639319257128875,0.0002708547073073513
23,16060.07,14584.375,20486.271,39.690777,4.401589,247.7197,65734528.0,0.07,8.3,1.8264424289806938e-27,0.0014666853058579177,0.00016750507336682816
