band,total_samples,initial_r,initial_eta,kstest_stat_initial,best_r,best_eta,best_scale,kstest_stat_best,n_pval_0.05
2,47614.0,0.27,0.6,0.0126909823026275,0.277,0.55,78244.46856525495,0.012514909113782446,11903
5,102030.0,0.29,0.1,0.0129899233934618,0.288,0.11,91891.07749963895,0.012806693929513169,10759
8,326496.0,0.3,1e-09,0.0105168291337318,0.31,-0.039999999,71394.49521019199,0.00999707538097494,19368
11,904666.0,0.35,-0.2,0.0090525521617874,0.358,-0.24,87743.76746953363,0.008794389235841693,23851
14,2727602.0,0.4,-0.44,0.0074772238392391,0.4,-0.444,82351.4413596768,0.007376651138152557,34131
17,8298440.0,0.54,-0.6,0.0044465917916713,0.55,-0.58,100000.0,0.003716075495548754,129663
20,25140192.0,0.06,6.6,0.0026393192571288,0.059,6.69,1.312078013067516e-32,0.002407600524692022,331435
23,65734528.0,0.07,8.3,0.0014666853058579,0.07,8.31,1.8011925142510857e-27,0.001408217852049809,974943
