layer,obs_var,var_lower,var_upper,obs_kurt,kurt_lower,kurt_upper,total_samples
2,3357.5757,3073.3997,3656.8992,0.7951317,0.43595743,1.1921697,2446.0
3,923.19684,872.8182,975.9192,2.5778933,2.1601803,3.0580568,9784.0
4,209.2531,195.94174,223.1916,4.345831,3.5618749,5.326494,39136.0
5,47.51452,43.854885,51.692005,8.13523,5.5478168,20.23045,156544.0
6,10.080733,9.194115,11.096994,11.167927,7.7985854,24.65403,626176.0
7,2.032118,1.8152237,2.36596,23.20047,10.306706,104.07332,2504704.0
8,0.45194915,0.39567986,0.56276494,43.279724,12.66914,218.86574,10018816.0
9,0.1226421,0.106398895,0.16332857,67.21994,13.377203,364.26648,40075264.0
