layer,obs_var,var_lower,var_upper,obs_kurt,kurt_lower,kurt_upper,total_samples
2,13511695.0,12112047.0,15008854.0,2.2464085,1.4860377,3.2008686,2446.0
3,3590661.0,3372055.8,3819214.2,3.7013793,3.1514368,4.3012457,9784.0
4,789007.8,735945.9,844658.6,5.125396,4.3099427,6.0514307,39136.0
5,174915.48,161679.81,188707.89,7.0561333,5.999982,8.277245,156544.0
6,36822.06,33640.543,40166.113,9.884647,8.382548,11.583347,626176.0
7,7301.948,6583.3867,8069.086,13.495996,11.093697,16.474209,2504704.0
8,1585.7113,1414.8247,1768.1831,16.74865,13.617682,20.791958,10018816.0
9,419.4884,373.54138,469.06113,17.879675,14.476326,22.065405,40075264.0
