layer,obs_var,var_lower,var_upper,obs_kurt,kurt_lower,kurt_upper,total_samples,kstest_stat_initial,initial_r,initial_eta,initial_scale,initial_exclude_cutoff,best_augmented_var,kstest_stat_cutoff_0.05
2,13511695.0,12112047.0,15008854.0,2.2464085,1.4860377,3.2008686,2446.0,0.009658656716562242,0.2,3.6,0.8648169821531572,0.0,13511695.0,0.027391058317828124
3,3590661.0,3372055.8,3819214.2,3.7013793,3.1514368,4.3012457,9784.0,0.011895019923471861,0.3,0.3,5201.714801269381,0.0,3590661.0,0.01371292533206765
4,789007.8,735945.9,844658.6,5.125396,4.3099427,6.0514307,39136.0,0.012175421647668605,0.4,-0.6,53897.09168690805,0.0,789007.8,0.006860766614414416
5,174915.48,161679.81,188707.89,7.0561333,5.999982,8.277245,156544.0,0.008922381695818896,0.5,-1.0,87457.7421875,0.0,174915.48,0.0034314536386640306
6,36822.06,33640.543,40166.113,9.884647,8.382548,11.583347,626176.0,0.011521285663637859,0.4,-1.0,6895.0674861244825,100.0,33645.984,0.0017159936940756553
7,7301.948,6583.3867,8069.086,13.495996,11.093697,16.474209,2504704.0,0.016667217827962877,1.0,-1.2,18242.727864583332,350.0,5472.8184,0.0008580634771374716
8,1585.7113,1414.8247,1768.1831,16.74865,13.617682,20.791958,10018816.0,0.00693529484766529,0.5,-1.1,816.6319105360244,300.0,1175.95,0.000429048385014687
9,419.4884,373.54138,469.06113,17.879675,14.476326,22.065405,40075264.0,0.014459897817256095,0.3,-1.0,15.07612372492064,25.0,400.80737,0.0002145283527339156
