layer,obs_var,var_lower,var_upper,obs_kurt,kurt_lower,kurt_upper,total_samples,kstest_stat_initial,initial_r,initial_eta,initial_scale,initial_exclude_cutoff,best_augmented_var,kstest_stat_cutoff_0.05
2,2607.7039,2229.9812,3017.183,4.9911113,3.3802187,6.9790173,2006.0,0.011928296969387908,0.4,-0.3,99.63949059621417,0.0,2607.7039,0.030238176430869766
3,700.3883,643.2545,760.3826,6.4670324,5.4655123,7.5223217,8024.0,0.011621666652232854,1.3,-1.1,1788.01385569693,25.0,589.89264,0.015140345828992074
4,152.1059,139.8674,164.83636,8.331583,7.264995,9.463913,32096.0,0.016821928187389812,0.8,-1.2,309.1140918877516,150.0,116.91677,0.007575426642488798
5,33.285618,30.156353,36.543663,11.971251,10.282643,13.846713,128384.0,0.04528999999999983,1.1,-1.3,176.96046059274875,0.0,33.285618,0.0037890191408675262
6,6.8454914,6.120969,7.6172204,16.266815,13.779589,19.033224,513536.0,0.08517999999999981,1.1,-1.3,36.393535460870744,0.0,6.8454914,0.001894835072058157
7,1.4055825,1.2421837,1.5815611,20.266111,16.913345,24.123268,2054144.0,0.1304099999999998,0.3,-1.3,0.3172207570819437,0.0,1.4055825,0.0009474987921691133
8,0.3409299,0.2998605,0.38539192,21.674755,17.526941,26.375484,8216576.0,0.17661999999999978,1.1,-1.3,1.812527911402311,0.0,0.3409299,0.0004737696952028646
9,0.122646585,0.10958084,0.13676788,16.53657,13.105572,20.180882,32866304.0,0.22467999999999977,0.3,-1.3,0.02767965685042866,0.0,0.122646585,0.00023688992051635398
