layer,obs_var,var_lower,var_upper,obs_kurt,kurt_lower,kurt_upper,total_samples,kstest_stat_initial,initial_r,initial_eta,initial_scale,initial_exclude_cutoff,best_augmented_var,kstest_stat_cutoff_0.05,kstest_stat_best,best_r,best_eta,best_scale,best_exclude_cutoff,n_pval_0.05
2,2607.7039,2229.9812,3017.183,4.9911113,3.3802187,6.9790173,2006.0,0.0119282969693879,0.4,-0.3,99.63949059621416,0.0,2607.703857421875,0.030238176430869766,0.011782670887414137,0.5,-0.47,413.68485586361334,0.0,12847
3,700.3883,643.2545,760.3826,6.4670324,5.4655123,7.5223217,8024.0,0.0116216666522328,1.3,-1.1,1788.01385569693,25.0,700.3883056640625,0.015140345828992074,0.011374731163436347,0.87,-1.1,1508.0541600576275,0.0,13540
4,152.1059,139.8674,164.83636,8.331583,7.264995,9.463913,32096.0,0.0168219281873898,0.8,-1.2,309.1140918877516,150.0,113.11724090576172,0.007575426642488798,0.016606430707876374,1.0,-1.23,418.9527440954137,175.0,6769
5,33.285618,30.156353,36.543663,11.971251,10.282643,13.846713,128384.0,0.0452899999999998,1.1,-1.3,176.96046059274877,0.0,33.285618,0.0037890191408675262,0.0452899999999998,1.1,-1.3,176.96046059274877,0.0,898
6,6.8454914,6.120969,7.6172204,16.266815,13.779589,19.033224,513536.0,0.0851799999999998,1.1,-1.3,36.39353546087074,0.0,6.8454914,0.001894835072058157,0.0851799999999998,1.1,-1.3,36.39353546087074,0.0,250
7,1.4055825,1.2421837,1.5815611,20.266111,16.913345,24.123268,2054144.0,0.1304099999999998,0.3,-1.3,0.3172207570819437,0.0,1.4055825,0.0009474987921691133,0.1304099999999998,0.3,-1.3,0.3172207570819437,0.0,103
8,0.3409299,0.2998605,0.38539192,21.674755,17.526941,26.375484,8216576.0,0.1766199999999997,1.1,-1.3,1.812527911402311,0.0,0.3409299,0.0004737696952028646,0.1766199999999997,1.1,-1.3,1.812527911402311,0.0,57
9,0.122646585,0.10958084,0.13676788,16.53657,13.105572,20.180882,32866304.0,0.2246799999999997,0.3,-1.3,0.0276796568504286,0.0,0.122646585,0.00023688992051635398,0.2246799999999997,0.3,-1.3,0.0276796568504286,0.0,-1
