layer,obs_var,var_lower,var_upper,obs_kurt,kurt_lower,kurt_upper,total_samples,kstest_stat_initial,initial_r,initial_eta,initial_scale,initial_exclude_cutoff,best_augmented_var,kstest_stat_cutoff_0.05
2,3357.5757,3073.3997,3656.8992,0.7951317,0.43595743,1.1921697,2446.0,0.008887596425191102,1.8,0.1,4085.5057340335097,0.0,3357.5757,0.027391058317828124
3,923.19684,872.8182,975.9192,2.5778933,2.1601803,3.0580568,9784.0,0.007177685086094232,3.8,-0.8,2130.955260785468,25.0,842.42645,0.01371292533206765
4,209.2531,195.94174,223.1916,4.345831,3.5618749,5.326494,39136.0,0.006064411445590112,0.8,-0.9,256.42224076095863,0.0,209.2531,0.006860766614414416
5,47.51452,43.854885,51.692005,8.13523,5.5478168,20.23045,156544.0,0.005968826453744816,0.6,-1.0,40.34615434878357,0.0,47.51452,0.0034314536386640306
6,10.080733,9.194115,11.096994,11.167927,7.7985854,24.65403,626176.0,0.008223066049435901,0.6,-1.1,11.053157866657784,25.0,9.718743,0.0017159936940756553
7,2.032118,1.8152237,2.36596,23.20047,10.306706,104.07332,2504704.0,0.013007065843032906,1.2,-1.2,5.312685076737801,500.0,1.4041969,0.0008580634771374716
8,0.45194915,0.39567986,0.56276494,43.279724,12.66914,218.86574,10018816.0,0.004525916390923812,0.5,-1.1,0.25734195692671674,150.0,0.37057242,0.000429048385014687
9,0.1226421,0.106398895,0.16332857,67.21994,13.377203,364.26648,40075264.0,0.015042195017050286,0.3,-1.0,0.0046131074318259725,0.0,0.1226421,0.0002145283527339156
