layer,total_samples,initial_r,initial_eta,kstest_stat_initial,initial_exclude_cutoff,best_r,best_eta,best_scale,kstest_stat_best,best_exclude_cutoff,n_pval_0.05
2,2446.0,0.2,3.6,0.0096586567165622,0.0,0.19,3.9,0.20767980549002346,0.00949475670692601,0.0,20892
3,9784.0,0.3,0.3,0.0118950199234718,0.0,0.38,-0.1,70854.92424425039,0.010590632723524118,0.0,16510
4,39136.0,0.4,-0.6,0.0121754216476686,0.0,0.4,-0.6,53897.09168690805,0.0121754216476686,0.0,12382
5,156544.0,0.5,-1.0,0.0089223816958188,0.0,0.52,-1.0,99325.48292947536,0.007661383990142531,0.0,33021
6,626176.0,0.4,-1.0,0.0115212856636378,100.0,0.4,-1.01,7427.369892809508,0.011132664739110287,50.0,14676
7,2504704.0,1.0,-1.2,0.0166672178279628,350.0,1.0,-1.2,18518.333333333332,0.016246013612713106,325.0,7338
8,10018816.0,0.5,-1.1,0.0069352948476652,300.0,0.5,-1.12,948.9690972287123,0.005433251143580453,200.0,66042
9,40075264.0,0.3,-1.0,0.014459897817256,25.0,0.24,-0.9,1.4334005491157256,0.013692817513055455,0.0,9784
