band,obs_var,var_lower,var_upper,obs_kurt,kurt_lower,kurt_upper,total_samples
2,1168.4829,1082.4869,1261.6387,6.890563,4.5716095,9.890165,47614.0
5,467.1775,422.13397,521.6377,15.030487,7.1362314,30.144716,102030.0
8,126.59979,114.962166,140.4394,12.860019,6.7155547,27.600851,326496.0
11,29.448475,26.87175,32.462646,11.616289,6.2099423,26.865057,904666.0
14,8.48374,7.7240143,9.536135,14.224842,6.182292,52.53931,2727602.0
17,2.0968018,1.8672166,2.6642287,44.881523,6.9344287,256.24866,8298440.0
20,0.36145318,0.2992793,0.66626734,406.0705,7.254397,1292.8893,25140192.0
23,0.083664335,0.07487417,0.111108795,64.43537,4.8802795,358.10284,65734528.0
