band,obs_var,var_lower,var_upper,obs_kurt,kurt_lower,kurt_upper,total_samples
2,1179.3898,1097.9713,1266.5854,5.7695923,4.0881534,8.210641,47614.0
5,437.0224,401.9452,476.60712,8.911059,5.4116354,14.53011,102030.0
8,126.23157,115.50593,139.04625,10.603689,5.844242,28.60345,326496.0
11,33.334743,30.622417,36.353336,9.182022,5.6235123,17.436111,904666.0
14,10.371416,9.49919,11.419547,10.649118,5.9477906,27.891129,2727602.0
17,2.5487747,2.287402,3.1454275,34.724674,6.520165,200.0735,8298440.0
20,0.429869,0.36312225,0.795385,315.7859,6.7074366,1304.6344,25140192.0
23,0.10037543,0.09115234,0.1280392,39.690784,4.401588,247.71967,65734528.0
