band,total_samples,initial_r,initial_eta,kstest_stat_initial,initial_exclude_cutoff,best_r,best_eta,best_scale,kstest_stat_best,best_exclude_cutoff,n_pval_0.05
2,47614.0,3.9,-0.9,0.0051722990303366,100.0,3.9,-0.9,2902.359361982718,0.0051722990303366,100.0,71421
5,102030.0,2.0,-0.9,0.0077801502081085,350.0,2.0,-0.91,942.3017707576216,0.007546396977898828,275.0,32281
8,326496.0,1.6,-0.9,0.0060453802511553,250.0,1.5,-0.88,231.9957433103829,0.005457855270250611,275.0,61218
11,904666.0,1.7,-0.9,0.0058681010519771,300.0,1.5,-0.88,61.765907424349514,0.0051271161080572725,275.0,71557
14,2727602.0,0.8,-0.8,0.0052381777367478,100.0,1.0,-0.85,13.62163837139423,0.005065166847564556,200.0,71917
17,8298440.0,0.6,-0.6,0.003934395784608,150.0,0.72,-0.7,1.526252835795812,0.0035972122527738737,175.0,145870
20,25140192.0,0.1,3.9,0.0019297936930127,25.0,0.1,3.9,8.165636562969573e-19,0.0019297936930127,25.0,497155
23,65734528.0,0.1,6.0,0.0018116194015068,25.0,0.1,6.0,9.486053846759788e-21,0.0018116194015068,25.0,577744
