band,obs_var,var_lower,var_upper,obs_kurt,kurt_lower,kurt_upper,total_samples
2,67.16491,59.333786,76.13058,21.58937,12.557429,32.31125,34780.0
5,17.79649,15.9936695,19.869331,15.77504,9.753743,24.544487,88360.0
8,4.8634105,4.3651767,5.459583,17.182905,8.919768,32.610714,223720.0
11,1.2406572,1.104708,1.4140382,21.020573,8.948851,53.39664,585620.0
14,0.34665495,0.30401736,0.40642983,30.368248,8.558439,84.83023,1510580.0
17,0.14620654,0.1298583,0.18288599,46.799736,3.2223883,221.30309,2753260.0
