band,obs_var,var_lower,var_upper,obs_kurt,kurt_lower,kurt_upper,total_samples
2,25.858276,21.538898,31.256315,14.594198,4.382239,24.04522,3066.0
5,10.01428,9.1320505,11.021665,6.874814,3.0788999,11.377994,6570.0
8,4.32902,4.0027204,4.724129,8.480683,2.491161,16.310236,11972.0
11,1.9393346,1.7945055,2.1142485,8.111309,2.7078876,16.043634,22922.0
14,0.8768192,0.8113162,0.9542101,7.9587727,2.9160929,15.171096,42778.0
17,0.3707793,0.34292385,0.40426695,8.165107,2.9518015,15.523291,79278.0
20,0.17213468,0.15792136,0.19045652,11.482174,2.6870618,25.773785,150088.0
23,0.10694016,0.097771764,0.12059432,15.977695,1.80165,47.070816,283386.0
