layer,obs_var,var_lower,var_upper,obs_kurt,kurt_lower,kurt_upper,total_samples
2,150198.14,85009.77,248359.05,411.54047,85.16719,581.20276,9000
3,33515.44,19958.848,52689.242,366.28464,101.323944,561.9773,36000
4,8690.679,4650.4634,15441.654,584.8118,124.45956,1337.5199,144000
5,1600.9783,772.0278,3722.795,1309.71,95.39149,3193.552,576000
6,339.47144,152.13828,1059.4952,2686.0984,93.13986,4761.9736,2304000
7,87.09768,35.839172,371.94412,4825.4297,72.40149,6356.898,9216000
8,29.885605,15.551421,79.539055,1686.6677,80.563995,3720.5022,36864000
9,8.939856,4.773542,23.292429,1590.2899,83.61861,3577.24,147456000
10,1.3529184,0.68768775,4.30009,2542.2495,78.12596,4648.803,589824000
