layer,obs_var,var_lower,var_upper,obs_kurt,kurt_lower,kurt_upper,total_samples
2,161819.64,90448.336,265462.47,406.82886,93.0983,569.43286,9000
3,35163.082,20590.877,55928.176,390.05563,114.36412,589.3294,36000
4,8889.306,4699.874,15865.669,603.66144,125.17488,1322.3918,144000
5,1590.5566,799.098,3580.4836,1145.9966,98.6932,2949.1147,576000
6,337.1814,159.30692,943.2819,1974.2212,93.32898,4078.3552,2304000
7,89.04948,36.446495,380.84512,4822.4634,74.93379,6366.721,9216000
8,29.89991,15.517658,79.58376,1665.2314,80.39739,3766.8037,36864000
9,8.9464035,4.6577797,23.561337,1678.9768,83.47112,3627.4712,147456000
10,1.4020758,0.6607728,4.7970724,3477.3516,75.77573,5091.4414,589824000
