layer,obs_var,var_lower,var_upper,obs_kurt,kurt_lower,kurt_upper,total_samples,kstest_stat_initial,initial_r,initial_eta,initial_scale,initial_exclude_cutoff,best_augmented_var,kstest_stat_cutoff_0.05
2,161819.64,90448.336,265462.47,406.82886,93.0983,569.43286,9000,0.013274325732263392,0.1,2.7,9.034764442822073e-13,50.0,41892.18,0.014296961166644029
3,35163.082,20590.877,55928.176,390.05563,114.36412,589.3294,36000,0.012066145388955007,0.1,1.9,1.2304429492390662e-12,200.0,8560.96,0.007153161548533642
4,8889.306,4699.874,15865.669,603.66144,125.17488,1322.3918,144000,0.0088120529294184,0.1,1.7,4.348604342455966e-13,500.0,1769.119,0.003577744605964338
5,1590.5566,799.098,3580.4836,1145.9966,98.6932,2949.1147,576000,0.006998524047515775,0.1,1.7,9.15422729440959e-14,350.0,372.41644,0.001789162458327746
6,337.1814,159.30692,943.2819,1974.2212,93.32898,4078.3552,2304000,0.0048073813222822,0.1,2.4,3.440760057797722e-15,300.0,81.66627,0.0008946536675937644
7,89.04948,36.446495,380.84512,4822.4634,74.93379,6366.721,9216000,0.0031048919438453337,0.1,2.9,3.232358755391238e-16,200.0,22.871632,0.00044734493084683295
8,29.89991,15.517658,79.58376,1665.2314,80.39739,3766.8037,36864000,0.0023015962858180528,0.1,2.5,3.5246346355410235e-16,150.0,10.510755,0.00022367698811616015
9,8.9464035,4.6577797,23.561337,1678.9768,83.47112,3627.4712,147456000,0.004051473322959409,0.1,2.1,2.5337344988494294e-16,200.0,2.9331908,0.00011183962453501836
10,1.4020758,0.6607728,4.7970724,3477.3516,75.77573,5091.4414,589824000,0.004585008548723318,0.1,1.8,7.916499847484746e-17,200.0,0.42270723,5.5920094864633584e-05
