layer,total_samples,initial_r,initial_eta,kstest_stat_initial,initial_exclude_cutoff,best_r,best_eta,best_scale,kstest_stat_best,best_exclude_cutoff,n_pval_0.05
2,9000,0.1,2.7,0.0132743257322633,50.0,0.1,2.7,9.034764442822072e-13,0.0132743257322633,50.0,10125
3,36000,0.1,1.9,0.012066145388955,200.0,0.09,2.3,2.1691135509205218e-15,0.01194078220753203,200.0,13500
4,144000,0.1,1.7,0.0088120529294184,500.0,0.09,1.8,1.993014815409121e-15,0.007413677356342779,400.0,34171
5,576000,0.1,1.7,0.0069985240475157,350.0,0.11,1.4,1.2361961970221713e-11,0.006617381628687635,375.0,40500
6,2304000,0.1,2.4,0.0048073813222822,300.0,0.1,2.4,3.440760057797722e-15,0.0048073813222822,300.0,81000
7,9216000,0.1,2.9,0.0031048919438453,200.0,0.09,3.3,5.6960678349255615e-19,0.0028066916768044736,175.0,243000
8,36864000,0.1,2.5,0.002301596285818,150.0,0.09,2.6,1.3645305540163533e-18,0.0017156451105398984,100.0,648000
9,147456000,0.1,2.1,0.0040514733229594,200.0,0.09,2.4,5.916864424881934e-19,0.0035666203039222966,175.0,144000
10,589824000,0.1,1.8,0.0045850085487233,200.0,0.09,2.2,1.3966967656169372e-19,0.004417886459025078,200.0,91125
