layer,obs_var,var_lower,var_upper,obs_kurt,kurt_lower,kurt_upper,total_samples
2,1128046.6,0.0,2227615.0,-1.0498539,,,4
3,405653.5,396542.34,414685.5,-1.2403457,-1.2744715,-1.2039047,20050
4,136507.84,130978.3,142054.8,0.49469757,0.34235775,0.6936868,180942
5,30482.424,28617.07,32450.988,3.9116683,2.8086467,5.5795603,922650
6,13984.172,12737.206,15299.851,10.70763,9.402235,12.093122,4185552
7,1169.7737,1043.9502,1302.5985,16.788366,13.570639,21.554005,17688454
8,50.38604,41.927715,70.69757,114.181786,14.985191,479.17944,72685058
9,2.1556256,1.5228231,4.3764863,680.6124,18.725904,1771.1183,295085108
