layer,obs_var,var_lower,var_upper,obs_kurt,kurt_lower,kurt_upper,total_samples
2,16321.058,14916.327,17780.176,2.6677594,2.0731885,3.3197734,4000
3,3735.8347,3500.5798,3978.689,4.202596,3.5767865,4.859324,16000
4,917.37213,852.2137,984.0755,5.8395634,4.950387,6.7883,64000
5,212.27618,195.98265,229.26471,7.2756567,6.1609554,8.570845,256000
6,48.77562,44.69534,53.100693,9.204264,7.8020906,10.804636,1024000
7,11.013726,10.023782,12.058185,10.845081,9.240297,12.691315,4096000
8,2.455592,2.2215004,2.703405,12.503619,10.508622,14.84083,16384000
9,0.59372205,0.53521633,0.6561004,13.844849,11.390659,16.80751,65536000
10,0.17304152,0.15611807,0.19111525,13.411034,10.76786,16.448565,262144000
