layer,obs_var,var_lower,var_upper,obs_kurt,kurt_lower,kurt_upper,total_samples,kstest_stat_initial,initial_r,initial_eta,initial_scale,initial_exclude_cutoff,best_augmented_var,kstest_stat_cutoff_0.05
2,16321.058,14916.327,17780.176,2.6677594,2.0731885,3.3197734,4000,0.06688304102830095,1.3,-0.9,34392.36165791325,0.0,16321.058,0.02143129655391987
3,3735.8347,3500.5798,3978.689,4.202596,3.5767865,4.859324,16000,0.04471670517286175,2.8,-1.1,12745.700339456813,25.0,3450.0532,0.010726238002182146
4,917.37213,852.2137,984.0755,5.8395634,4.950387,6.7883,64000,0.03228516066118675,5.4,-1.2,3727.9905415316216,150.0,804.9407,0.0053657448373593646
5,212.27618,195.98265,229.26471,7.2756567,6.1609554,8.570845,256000,0.026198774351836818,0.8,-1.2,461.4385776333319,350.0,174.53073,0.0026835261713661143
6,48.77562,44.69534,53.100693,9.204264,7.8020906,10.804636,1024000,0.03975999999999985,0.9,-1.3,224.30633606441586,0.0,48.77562,0.001341926185121823
7,11.013726,10.023782,12.058185,10.845081,9.240297,12.691315,4096000,0.07311999999999985,0.9,-1.3,50.64925065106857,0.0,11.013726,0.0006710038250523961
8,2.455592,2.2215004,2.703405,12.503619,10.508622,14.84083,16384000,0.11938999999999977,0.3,-1.3,0.5541935111285954,0.0,2.455592,0.0003355120903509215
9,0.59372205,0.53521633,0.6561004,13.844849,11.390659,16.80751,65536000,0.16940999999999978,0.3,-1.3,0.13399494545638754,0.0,0.59372205,0.00016775858896935606
10,0.17304152,0.15611807,0.19111525,13.411034,10.76786,16.448565,262144000,0.2185499999999998,0.3,-1.3,0.03905310498113883,0.0,0.17304152,8.387993035035688e-05
