band,obs_var,var_lower,var_upper,obs_kurt,kurt_lower,kurt_upper,total_samples
2,48.250786,40.307575,63.148674,75.686005,17.59214,302.7029,12280680.0
3,24.235703,20.098476,31.970747,81.36131,21.45818,321.6208,14554880.0
4,13.895195,10.797428,21.302078,197.42278,32.530052,719.05493,17738760.0
5,6.58448,4.900143,10.819572,283.5238,43.697994,941.2123,20922640.0
6,6.0322323,3.9573016,14.774129,1254.3708,50.026764,2755.1409,25016200.0
7,2.389057,1.6909568,4.371481,446.72513,47.72926,1344.3022,30019440.0
8,0.5902045,0.4263797,0.99089444,318.72754,46.73836,1013.571,35932360.0
9,0.17405684,0.10880429,0.42883974,1292.7217,67.847275,2879.3745,57764680.0
