layer,obs_var,var_lower,var_upper,obs_kurt,kurt_lower,kurt_upper,total_samples
2,18950.691,18034.914,19884.934,0.55505085,0.36105868,0.7702634,7072
3,4388.5615,4176.722,4603.7246,1.5552163,1.2926258,1.8435738,28288
4,1007.04407,950.2357,1065.6443,2.9100027,2.3949275,3.5977478,113152
5,229.10472,214.61365,244.35306,4.434873,3.4855626,6.8281875,452608
6,50.963154,47.393555,54.79156,5.817626,4.4352617,10.859207,1810432
7,11.331628,10.483869,12.258407,7.224944,5.307698,14.322908,7241728
8,2.5346262,2.3310552,2.771307,9.098009,5.9570007,24.061966,28966912
9,0.6009948,0.5484076,0.6718575,12.860447,6.7389584,48.073174,115867648
10,0.14660835,0.13184373,0.16958246,20.812674,8.569079,91.79867,463470592
