layer,obs_var,var_lower,var_upper,obs_kurt,kurt_lower,kurt_upper,total_samples
2,16152.299,15163.058,17184.785,2.1895828,1.6910279,2.7794101,7072
3,3716.8225,3499.967,3940.9233,3.2907796,2.783693,3.847228,28288
4,887.48834,830.31726,946.8844,4.398097,3.7404292,5.131297,113152
5,211.72504,196.67157,227.34566,6.1131716,5.274835,7.0565176,452608
6,48.3484,44.56604,52.30467,7.6327734,6.558509,8.822694,1810432
7,10.903346,9.993153,11.864951,9.288355,7.9706855,10.772074,7241728
8,2.4840217,2.2628677,2.7171185,10.681176,9.084271,12.524168,28966912
9,0.62000614,0.5630089,0.6801284,11.587433,9.71927,13.787443,115867648
10,0.1850205,0.16804893,0.20313956,11.347553,9.393023,13.472745,463470592
