layer,obs_var,var_lower,var_upper,obs_kurt,kurt_lower,kurt_upper,total_samples,kstest_stat_initial,initial_r,initial_eta,initial_scale,initial_exclude_cutoff,best_augmented_var,kstest_stat_cutoff_0.05,kstest_stat_best,best_r,best_eta,best_scale,best_exclude_cutoff,n_pval_0.05
2,18950.691,18034.914,19884.934,0.55505085,0.36105868,0.7702634,7072,0.0493070237032837,4.5,-0.3,35417.58893291316,0.0,18950.691,0.01612577750721614,0.0493070237032837,4.5,-0.3,35417.58893291316,0.0,745
3,4388.5615,4176.722,4603.7246,1.5552163,1.2926258,1.8435738,28288,0.0387697148721769,0.2,2.9,0.0005274991988169,50.0,4081.3984375,0.008068854211971187,0.03876934054620973,0.22,2.6,0.004581001832908982,75.0,1255
4,1007.04407,950.2357,1065.6443,2.9100027,2.3949275,3.5977478,113152,0.0308123465977989,0.9,-0.6,897.7676591623247,150.0,952.6739501953125,0.0040359092726554024,0.030788392592425107,1.0,-0.64,1107.7604072038519,125.0,1989
5,229.10472,214.61365,244.35306,4.434873,3.4855626,6.8281875,452608,0.0181095363859946,0.4,-0.4,9.98014485914045,75.0,211.66647338867188,0.002018324026021024,0.0180950680206457,0.47,-0.5,26.912685082870293,150.0,5661
6,50.963154,47.393555,54.79156,5.817626,4.4352617,10.859207,1810432,0.0090901090803188,0.5,-0.7,11.595779198866625,75.0,48.23844,0.0010092542162957218,0.0090901090803188,0.5,-0.7,11.595779198866625,75.0,21216
7,11.331628,10.483869,12.258407,7.224944,5.307698,14.322908,7241728,0.0063925094069422,0.5,-0.8,3.2782787368411115,25.0,11.33162784576416,0.0005046501409454036,0.0051047063704852125,0.48,-0.8,2.883176924318174,0.0,71604
8,2.5346262,2.3310552,2.771307,9.098009,5.9570007,24.061966,28966912,0.0056777953275131,0.5,-0.9,0.9600856990525216,0.0,2.5346262454986572,0.0002523308264179366,0.0038911008385307255,0.5,-0.88,0.9125238499059107,0.0,127296
9,0.6009948,0.5484076,0.6718575,12.860447,6.7389584,48.073174,115867648,0.0053992785943259,0.4,-0.8,0.0666682132247849,0.0,0.6009948253631592,0.00012616685191353853,0.005294320368271155,0.4,-0.81,0.06849876867688452,0.0,63648
10,0.14660835,0.13184373,0.16958246,20.812674,8.569079,91.79867,463470592,0.0052279483005672,0.4,-0.8,0.0144597434295492,100.0,0.1466083526611328,6.30837855989912e-05,0.0035734238469729007,0.3,-0.65,0.001581516990600017,0.0,143208
