layer,obs_var,var_lower,var_upper,obs_kurt,kurt_lower,kurt_upper,total_samples,kstest_stat_initial,initial_r,initial_eta,initial_scale,initial_exclude_cutoff,best_augmented_var,kstest_stat_cutoff_0.05
2,15745.2,14455.531,17095.566,2.2655892,1.637148,2.944787,4000,0.04478094758716167,20.0,-0.9,43029.50910691062,0.0,15745.2,0.02143129655391987
3,3624.9153,3413.434,3841.5784,3.2783217,2.7686408,3.8190064,16000,0.03688025930937633,1.2,-1.0,8508.59777288743,0.0,3624.9153,0.010726238002182146
4,871.21185,815.0837,928.3541,4.4247704,3.7891114,5.131037,64000,0.03161280615007406,0.8,-1.1,1680.1716518105288,0.0,871.21185,0.0053657448373593646
5,209.99551,194.95876,225.60313,6.0352173,5.2038236,6.969785,256000,0.026979251402549642,0.8,-1.2,555.2032618203812,0.0,209.99551,0.0026835261713661143
6,48.276875,44.52555,52.212353,7.575512,6.527391,8.725979,1024000,0.0421399999999999,1.2,-1.3,268.7243392803871,0.0,48.276875,0.001341926185121823
7,10.965419,10.046231,11.937503,9.237377,7.9318657,10.7087,4096000,0.07438999999999979,1.4,-1.2,44.71180549456949,0.0,10.965419,0.0006710038250523961
8,2.502185,2.2790892,2.737546,10.60012,9.036708,12.381795,16384000,0.11706999999999979,0.3,-1.3,0.5647089566959785,0.0,2.502185,0.0003355120903509215
9,0.6231359,0.56616354,0.6834195,11.607404,9.769527,13.733749,65536000,0.16393999999999975,0.2,-0.3,2.0606346704341718e-05,0.0,0.6231359,0.00016775858896935606
10,0.18486173,0.16792317,0.20286076,11.508043,9.5448475,13.657074,262144000,0.2109999999999998,0.2,-0.3,6.11315259621256e-06,0.0,0.18486173,8.387993035035688e-05
