layer,obs_var,var_lower,var_upper,obs_kurt,kurt_lower,kurt_upper,total_samples,kstest_stat_initial,initial_r,initial_eta,initial_scale,initial_exclude_cutoff,best_augmented_var,kstest_stat_cutoff_0.05
2,16152.299,15163.058,17184.785,2.1895828,1.6910279,2.7794101,7072,0.05099005621668451,6.7,-0.9,45294.039822140265,0.0,16152.299,0.01612577750721614
3,3716.8225,3499.967,3940.9233,3.2907796,2.783693,3.847228,28288,0.038512715025157296,1.2,-1.0,8344.336966925375,25.0,3554.9353,0.008068854211971187
4,887.48834,830.31726,946.8844,4.398097,3.7404292,5.131297,113152,0.03191631378038218,0.8,-1.1,1657.8824972330742,50.0,859.65436,0.0040359092726554024
5,211.72504,196.67157,227.34566,6.1131716,5.274835,7.0565176,452608,0.028716603871181356,2.1,-1.2,759.5603661806366,500.0,167.8562,0.002018324026021024
6,48.3484,44.56604,52.30467,7.6327734,6.558509,8.822694,1810432,0.04245999999999989,1.2,-1.3,269.1224732259795,0.0,48.3484,0.0010092542162957218
7,10.903346,9.993153,11.864951,9.288355,7.9706855,10.772074,7241728,0.07398999999999983,0.9,-1.3,50.14164106313417,0.0,10.903346,0.0005046501409454036
8,2.4840217,2.2628677,2.7171185,10.681176,9.084271,12.524168,28966912,0.11609999999999976,0.3,-1.3,0.5606097161156057,0.0,2.4840217,0.0002523308264179366
9,0.62000614,0.5630089,0.6801284,11.587433,9.71927,13.787443,115867648,0.16239999999999977,0.3,-1.3,0.1399269070347231,0.0,0.62000614,0.00012616685191353853
10,0.1850205,0.16804893,0.20313956,11.347553,9.393023,13.472745,463470592,0.20918999999999977,0.3,-1.3,0.041756597808934585,0.0,0.1850205,6.30837855989912e-05
