layer,total_samples,initial_r,initial_eta,kstest_stat_initial,initial_exclude_cutoff,best_r,best_eta,best_scale,kstest_stat_best,best_exclude_cutoff,n_pval_0.05
2,7072,4.5,-0.3,0.0493070237032837,0.0,4.5,-0.3,35417.58893291316,0.0493070237032837,0.0,745
3,28288,0.2,2.9,0.0387697148721769,50.0,0.22,2.6,0.004581001832908982,0.03876934054620973,75.0,1255
4,113152,0.9,-0.6,0.0308123465977989,150.0,1.0,-0.64,1107.7604072038519,0.030788392592425107,125.0,1989
5,452608,0.4,-0.4,0.0181095363859946,75.0,0.47,-0.5,26.912685082870293,0.0180950680206457,150.0,5661
6,1810432,0.5,-0.7,0.0090901090803188,75.0,0.5,-0.7,11.595779198866625,0.0090901090803188,75.0,21216
7,7241728,0.5,-0.8,0.0063925094069422,25.0,0.48,-0.8,2.883176924318174,0.0051047063704852125,0.0,71604
8,28966912,0.5,-0.9,0.0056777953275131,0.0,0.5,-0.88,0.9125238499059107,0.0038911008385307255,0.0,127296
9,115867648,0.4,-0.8,0.0053992785943259,0.0,0.4,-0.81,0.06849876867688452,0.005294320368271155,0.0,63648
10,463470592,0.4,-0.8,0.0052279483005672,100.0,0.3,-0.65,0.001581516990600017,0.0035734238469729007,0.0,143208
