band,obs_var,var_lower,var_upper,obs_kurt,kurt_lower,kurt_upper,total_samples
2,47.934204,40.173992,61.838142,69.32387,17.527838,271.03995,6140340.0
3,24.12413,20.134203,30.49683,63.719444,21.582247,220.89024,7277440.0
4,13.89197,10.805857,21.127653,190.73625,32.597515,696.60114,8869380.0
5,6.549565,4.8859806,10.703461,276.4464,43.39535,923.4576,10461320.0
6,5.914977,3.9628022,13.562206,1004.21686,50.077206,2401.4893,12508100.0
7,2.3890026,1.692021,4.3703,446.06754,47.692844,1343.4393,15009720.0
8,0.581719,0.42573994,0.9166382,248.0363,46.790474,799.5235,17966180.0
9,0.17106144,0.10937306,0.39300582,1026.5903,67.486694,2494.3418,28882340.0
