band,obs_var,var_lower,var_upper,obs_kurt,kurt_lower,kurt_upper,total_samples,kstest_stat_initial,initial_r,initial_eta,initial_scale,initial_exclude_cutoff,best_augmented_var,kstest_stat_cutoff_0.05
2,47.934204,40.173992,61.838142,69.32387,17.527838,271.03995,6140340.0,0.0014716769900623428,0.4,-1.0,8.262817193448555,50.0,40.320217,0.0005480416806852005
3,24.12413,20.134203,30.49683,63.719444,21.582247,220.89024,7277440.0,0.0026762115670772024,0.3,-1.0,0.9074143762017144,0.0,24.12413,0.0005034104599250908
4,13.89197,10.805857,21.127653,190.73625,32.597515,696.60114,8869380.0,0.005030618642757112,0.3,-1.0,0.3121584553053161,200.0,8.298911,0.00045600203671459334
5,6.549565,4.8859806,10.703461,276.4464,43.39535,923.4576,10461320.0,0.002705836009673168,0.1,-0.2,2.7911476917856455e-12,0.0,6.549565,0.00041987651957878886
6,5.914977,3.9628022,13.562206,1004.21686,50.077206,2401.4893,12508100.0,0.003902455535156878,0.2,-0.7,0.0004078197692121778,200.0,2.7405488,0.0003839905784907003
7,2.3890026,1.692021,4.3703,446.06754,47.692844,1343.4393,15009720.0,0.0036132309852704436,0.1,0.0,2.5547610399170066e-13,25.0,1.8182249,0.00035053489639874766
8,0.581719,0.42573994,0.9166382,248.0363,46.790474,799.5235,17966180.0,0.002922921459324712,0.1,0.2,2.008587014086847e-14,75.0,0.38715965,0.00032039878800077195
9,0.17106144,0.10937306,0.39300582,1026.5903,67.486694,2494.3418,28882340.0,0.0029707901458237707,0.1,0.3,2.5097813412906448e-15,150.0,0.07683342,0.00025269997996634847
