band,obs_var,var_lower,var_upper,obs_kurt,kurt_lower,kurt_upper,total_samples,kstest_stat_initial,initial_r,initial_eta,initial_scale,initial_exclude_cutoff,best_augmented_var,kstest_stat_cutoff_0.05
2,47.93421,40.173996,61.838135,69.32385,17.527843,271.03998,100000.0,0.0014716769892845205,0.4,-1.0,8.262817193448555,50.0,40.320217,0.004293014618329405
3,24.124132,20.134201,30.496834,63.71943,21.582245,220.89035,100000.0,0.0026762091906100127,0.3,-1.0,0.9074144479454644,0.0,24.124132,0.004293014618329405
4,13.89197,10.805856,21.127657,190.73625,32.597515,696.60114,100000.0,0.0050306186428592525,0.3,-1.0,0.3121584553053161,200.0,8.298911,0.004293014618329405
5,6.549565,4.88598,10.70346,276.4464,43.39534,923.45746,100000.0,0.002705396027424478,0.1,-0.2,2.7911476917856455e-12,0.0,6.549565,0.004293014618329405
6,5.914977,3.9628022,13.562205,1004.21674,50.077187,2401.4893,100000.0,0.0039024449008874095,0.2,-0.7,0.00040781980469113303,200.0,2.740549,0.004293014618329405
7,2.3890028,1.692021,4.3703,446.0674,47.692844,1343.4396,100000.0,0.0036132309852704436,0.1,0.0,2.5547610399170066e-13,25.0,1.8182249,0.004293014618329405
8,0.581719,0.42574,0.9166382,248.03627,46.790474,799.52344,100000.0,0.002922925510683405,0.1,0.2,2.0085871687015092e-14,75.0,0.38715968,0.004293014618329405
9,0.17106143,0.10937308,0.39300576,1026.5905,67.48669,2494.341,100000.0,0.0029707901458237707,0.1,0.3,2.5097813412906448e-15,150.0,0.07683342,0.004293014618329405
