band,obs_var,var_lower,var_upper,obs_kurt,kurt_lower,kurt_upper,total_samples,kstest_stat_initial,initial_r,initial_eta,initial_scale,initial_exclude_cutoff,best_augmented_var,kstest_stat_cutoff_0.05,kstest_stat_best,best_r,best_eta,best_scale,best_exclude_cutoff,n_pval_0.05
2,47.93421,40.173996,61.838135,69.32385,17.527843,271.03998,100000.0,0.0014716769892845,0.4,-1.0,8.262817193448555,50.0,42.42277145385742,0.004293014618329405,0.0010929989029328513,0.4,-1.02,9.339370614979236,25.0,1621827.0
3,24.124132,20.134201,30.496834,63.71943,21.582245,220.89035,100000.0,0.00267620919061,0.3,-1.0,0.9074144479454644,0.0,21.377643585205078,0.004293014618329405,0.0018937384291434212,0.32,-1.0,1.2550571612829227,25.0,506250.0
4,13.89197,10.805856,21.127657,190.73625,32.597515,696.60114,100000.0,0.0050306186428592,0.3,-1.0,0.3121584553053161,200.0,8.89330005645752,0.004293014618329405,0.004241396657107321,0.29,-1.0,0.2602210343283692,150.0,100000.0
5,6.549565,4.88598,10.70346,276.4464,43.39534,923.45746,100000.0,0.0027053960274244,0.1,-0.2,2.791147691785645e-12,0.0,4.797337532043457,0.004293014618329405,0.0019321512365927124,0.14,-0.5,3.440608456701238e-07,50.0,506250.0
6,5.914977,3.9628022,13.562205,1004.21674,50.077187,2401.4893,100000.0,0.0039024449008874,0.2,-0.7,0.0004078198046911,200.0,3.3446385860443115,0.004293014618329405,0.0025831077745074836,0.15,-0.5,1.165234480449411e-06,100.0,284764.0
7,2.3890028,1.692021,4.3703,446.0674,47.692844,1343.4396,100000.0,0.0036132309852704,0.1,0.0,2.5547610399170066e-13,25.0,1.5280863046646118,0.004293014618329405,0.002502969162766955,0.12,-0.2,3.600744995349162e-10,75.0,284764.0
8,0.581719,0.42574,0.9166382,248.03627,46.790474,799.52344,100000.0,0.0029229255106834,0.1,0.2,2.008587168701509e-14,75.0,0.38715967535972595,0.004293014618329405,0.002531000257984351,0.09,0.4,7.4400719892554e-17,75.0,284764.0
9,0.17106143,0.10937308,0.39300576,1026.5905,67.48669,2494.341,100000.0,0.0029707901458237,0.1,0.3,2.5097813412906448e-15,150.0,0.07683342,0.004293014618329405,0.0029707901458237,0.1,0.3,2.5097813412906448e-15,150.0,213573.0
