band,total_samples,initial_r,initial_eta,kstest_stat_initial,initial_exclude_cutoff,best_r,best_eta,best_scale,kstest_stat_best,best_exclude_cutoff,n_pval_0.05
2,6140340.0,0.4,-1.0,0.0014716769900623,50.0,0.4,-1.02,9.339370614979236,0.0010929989029328513,25.0,1535085
3,7277440.0,0.3,-1.0,0.0026762115670772,0.0,0.32,-1.0,1.2550571612829227,0.0018937384291434212,25.0,511695
4,8869380.0,0.3,-1.0,0.0050306186427571,200.0,0.29,-1.0,0.2602210343283692,0.004241396657107321,150.0,103938
5,10461320.0,0.1,-0.2,0.0027058360096731,0.0,0.14,-0.5,3.440608456701238e-07,0.0019321512365927124,50.0,490374
6,12508100.0,0.2,-0.7,0.0039024555351568,200.0,0.15,-0.5,1.1652346465741157e-06,0.0025831067539822707,100.0,278269
7,15009720.0,0.1,0.0,0.0036132309852704,25.0,0.12,-0.2,3.600744995349162e-10,0.002502969162766955,75.0,296820
8,17966180.0,0.1,0.2,0.0029229214593247,75.0,0.09,0.4,7.440071416542285e-17,0.00253100093448729,75.0,280721
9,28882340.0,0.1,0.3,0.0029707901458237,150.0,0.1,0.3,2.5097813412906448e-15,0.0029707901458237,150.0,214182
