layer,obs_var,var_lower,var_upper,obs_kurt,kurt_lower,kurt_upper,total_samples
2,35140656.0,0.0,46657070.0,-1.8925973,,,4.0
3,2194723.8,2157541.0,2231273.2,-1.5777732,-1.605638,-1.5440341,20050.0
4,178325.16,170864.75,186004.97,0.72104454,0.33647853,1.2570308,180942.0
5,97229.5,90138.92,104590.195,6.273305,5.5593953,7.0242887,922650.0
6,33316.914,30328.71,36467.617,10.891587,9.727513,12.124202,4185552.0
7,7128.5874,6485.3955,7798.5454,10.925105,9.5789795,12.388499,17688454.0
8,719.8787,650.7919,795.55206,12.979091,10.335731,20.882729,72685058.0
9,62.99376,54.916595,72.645584,27.372496,15.878567,56.05747,295085108.0
