layer,obs_var,var_lower,var_upper,obs_kurt,kurt_lower,kurt_upper,total_samples,kstest_stat_initial,initial_r,initial_eta,initial_scale,initial_exclude_cutoff,best_augmented_var,kstest_stat_cutoff_0.05
2,35140656.0,0.0,46657070.0,-1.8925973,,,4.0,0.29903335551069465,0.6,20.0,88852.5815111626,0.0,35140656.0,0.6239385421352037
3,2194723.8,2157541.0,2231273.2,-1.5777732,-1.605638,-1.5440341,20050.0,0.14204333162407407,0.9,20.0,64407.78282215654,0.0,2194723.8,0.009582872263187355
4,178325.16,170864.75,186004.97,0.72104454,0.33647853,1.2570308,180942.0,0.019374906087038846,3.2,20.0,99928.07251046685,0.0,178325.16,0.0031918031669481294
5,97229.5,90138.92,104590.195,6.273305,5.5593953,7.0242887,922650.0,0.006394727090331882,0.2,1.7,0.04670812438187995,200.0,86899.53,0.001413700107204172
6,33316.914,30328.71,36467.617,10.891587,9.727513,12.124202,4185552.0,0.008356742681167597,1.0,-1.0,47616.9296875,500.0,23808.465,0.000663787213541094
7,7128.5874,6485.3955,7798.5454,10.925105,9.5789795,12.388499,17688454.0,0.008644912781006417,0.5,-1.0,3254.74169921875,100.0,6509.4834,0.0003229042054228249
8,719.8787,650.7919,795.55206,12.979091,10.335731,20.882729,72685058.0,0.005546063530160961,0.5,-1.0,311.0787658691406,150.0,622.15753,0.00015929512734900233
9,62.99376,54.916595,72.645584,27.372496,15.878567,56.05747,295085108.0,0.00422693699302612,0.3,-0.8,0.9444010111143052,75.0,54.45492,7.905959132202486e-05
