band,obs_var,var_lower,var_upper,obs_kurt,kurt_lower,kurt_upper,total_samples
12,99689617172784.06,66229059773843.74,147696711808431.47,245.11134005406203,101.72778984078269,492.1164327113703,226080.0
13,215458794299978.12,190645509252891.84,243319239422309.44,20.625635989841193,14.44490412336865,30.813666299236147,224640.0
15,514050157731089.6,471371139242155.8,560131438333596.1,9.209839106545983,6.454118562943766,13.178456638745827,113760.0
16,496681875141706.7,461695716049996.0,536786093358626.6,6.420677367185146,3.8810252001282173,14.932693744000115,901440.0
