band,obs_var,var_lower,var_upper,obs_kurt,kurt_lower,kurt_upper,total_samples,kstest_stat_initial,initial_r,initial_eta,initial_scale,initial_exclude_cutoff,best_augmented_var,kstest_stat_cutoff_0.05
12,99689617172784.06,66229059773843.74,147696711808431.47,245.11134005406203,101.72778984078268,492.1164327113703,226080.0,0.014549517976605753,0.3,0.6,10000000000.0,0.0,99689617172784.06,0.002855538176275251
13,215458794299978.1,190645509252891.84,243319239422309.44,20.625635989841197,14.44490412336865,30.813666299236147,224640.0,0.021726025399565967,0.1,-0.1,48.89568971960402,25.0,202994695166352.3,0.002864673548188499
15,514050157731089.6,471371139242155.8,560131438333596.1,9.209839106545983,6.454118562943766,13.178456638745828,113760.0,0.020764322777519162,0.2,0.0,7029340207.891796,0.0,514050157731089.6,0.00402511364049989
16,496681875141706.7,461695716049996.0,536786093358626.6,6.420677367185146,3.881025200128217,14.932693744000115,901440.0,0.010965114049038022,0.2,1.4,413699399.3569168,0.0,496681875141706.7,0.0014302327594031751
