band,obs_var,var_lower,var_upper,obs_kurt,kurt_lower,kurt_upper,total_samples,kstest_stat_initial,initial_r,initial_eta,initial_scale,initial_exclude_cutoff,best_augmented_var,kstest_stat_cutoff_0.05,kstest_stat_best,best_r,best_eta,best_scale,best_exclude_cutoff,n_pval_0.05,param_gaussian,kstest_stat_gaussian,kstest_pval_gaussian,param_laplace,kstest_stat_laplace,kstest_pval_laplace,param_t,kstest_stat_t,kstest_pval_t,kstest_pval_gengamma
12,99689617172784.06,66229059773843.74,147696711808431.47,245.11134005406203,101.72778984078268,492.1164327113703,226080.0,0.0178495612656786,0.2,5.7,100000.0,0.0,99689617172784.06,0.0028555381762752,0.0178495612656786,0.2,5.7,100000.0,0.0,5959,1000000.0,0.175334,0.0,1000000.0,0.13347,0.0,1000000.0,0.107834,0.0,5.3269544e-63
13,215458794299978.1,190645509252891.84,243319239422309.44,20.6256359898412,14.44490412336865,30.813666299236147,224640.0,0.0217260253995659,0.1,-0.1,48.89568971960402,25.0,215458794299978.1,0.0028646735481884,0.0206735117149488,0.1,-0.13,61.37240809302775,0.0,4441,1000000.0,0.203789,0.0,1000000.0,0.157647,0.0,1000000.0,0.133621,0.0,7.836905199999997e-84
15,514050157731089.6,471371139242155.8,560131438333596.1,9.209839106545983,6.454118562943766,13.178456638745828,113760.0,0.0246520573198327,0.1,1.7,0.1263567190621149,0.0,514050157731089.6,0.0040251136404998,0.0243509440024435,0.11,1.3,23.148808613100936,0.0,2997,1000000.0,0.355927,0.0,1000000.0,0.320044,0.0,1000000.0,0.296933,0.0,4.951665399999999e-59
16,496681875141706.7,461695716049996.0,536786093358626.6,6.420677367185146,3.881025200128217,14.932693744000115,901440.0,0.0116196083534096,0.1,4.6,0.0003450230625198,0.0,496681875141706.7,0.0014302327594031,0.0116196083534096,0.1,4.6,0.0003450230625198,0.0,14085,1000000.0,0.404662,0.0,1000000.0,0.370899,0.0,1000000.0,0.347932,0.0,3.803019999999998e-106
