band,obs_var,var_lower,var_upper,obs_kurt,kurt_lower,kurt_upper,total_samples,kstest_stat_initial,initial_r,initial_eta,initial_scale,initial_exclude_cutoff,best_augmented_var,kstest_stat_cutoff_0.05
12,99689617172784.06,66229059773843.74,147696711808431.47,245.11134005406203,101.72778984078268,492.1164327113703,226080.0,0.024311074178864023,0.1,1.9,0.0027433116958838033,500.0,19086932558195.15,0.002855538176275251
13,215458794299978.1,190645509252891.84,243319239422309.44,20.625635989841197,14.44490412336865,30.813666299236147,224640.0,0.021726025399565967,0.1,-0.1,48.89568971960402,25.0,202994695166352.3,0.002864673548188499
15,514050157731089.6,471371139242155.8,560131438333596.1,9.209839106545983,6.454118562943766,13.178456638745828,113760.0,0.007055591565595376,1.8,-1.1,1442337300375282.5,300.0,418011978602201.1,0.00402511364049989
16,496681875141706.7,461695716049996.0,536786093358626.6,6.420677367185146,3.881025200128217,14.932693744000115,901440.0,0.0026895543982812242,1.3,-0.8,843383367922598.2,100.0,458350736020973.2,0.0014302327594031751
