band,total_samples,initial_r,initial_eta,kstest_stat_initial,initial_exclude_cutoff,best_r,best_eta,best_scale,kstest_stat_best,best_exclude_cutoff,n_pval_0.05
12,226080.0,0.2,1.4,0.0185171407582218,0.0,0.2,1.4,10000000.0,0.0185171407582218,0.0,5298
13,224640.0,0.1,-0.1,0.0217260253995659,25.0,0.1,-0.13,61.37240809302775,0.0206735117149488,0.0,4441
15,113760.0,0.1,1.7,0.0246520573198327,0.0,0.11,1.3,23.148808613100936,0.02435094400244353,0.0,2997
16,901440.0,0.1,4.6,0.0116196083534096,0.0,0.1,4.6,0.0003450230625198,0.0116196083534096,0.0,14085
