band,total_samples,initial_r,initial_eta,kstest_stat_initial,initial_exclude_cutoff,best_r,best_eta,best_scale,kstest_stat_best,best_exclude_cutoff,n_pval_0.05
12,226080.0,0.1,1.9,0.024311074178864,500.0,0.11,2.0,0.1239378641221754,0.02112826973882853,600.0,3973
13,224640.0,0.1,-0.1,0.0217260253995659,25.0,0.1,-0.13,61.37240809302775,0.0206735117149488,0.0,4441
15,113760.0,1.8,-1.1,0.0070555915655953,300.0,1.6,-1.09,1320973236537916.2,0.006578993459720961,375.0,42660
16,901440.0,1.3,-0.8,0.0026895543982812,100.0,1.6,-0.84,1005623404523816.4,0.00209156006614164,100.0,427831
