layer,obs_var,var_lower,var_upper,obs_kurt,kurt_lower,kurt_upper,total_samples
2,3088.5344,2887.4592,3298.7156,2.7685986,2.209898,3.3856242,7072
3,792.0867,742.7345,843.8129,4.083745,3.2696645,5.292534,28288
4,200.47195,186.6445,214.9701,5.4112253,4.4635587,6.504961,113152
5,46.75399,43.33534,50.34399,6.6373577,5.396938,8.449866,452608
6,10.640573,9.781947,11.545038,8.3031435,6.574237,11.259625,1810432
7,2.464533,2.2551098,2.6891885,9.776408,7.5898876,14.029722,7241728
8,0.6216006,0.56625646,0.6835456,11.310019,8.002231,23.276373,28966912
9,0.18984902,0.17347907,0.20793484,10.419234,7.3808794,20.614819,115867648
10,0.080307364,0.07403513,0.087240465,8.073637,5.3218737,15.430704,463470592
