layer,obs_var,var_lower,var_upper,obs_kurt,kurt_lower,kurt_upper,total_samples
2,3449.695,3263.865,3639.9626,1.1926718,0.88295805,1.5498166,7072
3,867.4882,820.1123,916.63513,2.6446443,2.1021013,3.2728083,28288
4,209.87933,197.062,223.249,3.820908,3.000432,5.0082574,113152
5,48.43228,45.25036,51.816227,5.043663,3.7007852,7.540477,452608
6,10.927447,10.120596,11.875928,7.3690615,4.528679,21.109055,1810432
7,2.4652214,2.274167,2.6972868,8.731874,5.125608,26.469643,7241728
8,0.59070027,0.54210114,0.6573826,11.407647,5.552621,44.33329,28966912
9,0.15208478,0.13750596,0.17952147,23.063757,6.875375,129.79622,115867648
10,0.040011525,0.034466505,0.059623275,133.46672,9.899276,708.01984,463470592
