layer,obs_var,var_lower,var_upper,obs_kurt,kurt_lower,kurt_upper,total_samples,kstest_stat_initial,initial_r,initial_eta,initial_scale,initial_exclude_cutoff,best_augmented_var,kstest_stat_cutoff_0.05
2,3449.695,3263.865,3639.9626,1.1926718,0.88295805,1.5498166,7072,0.00555567845796584,5.0,-0.5,7139.707762437198,0.0,3449.695,0.01612577750721614
3,867.4882,820.1123,916.63513,2.6446443,2.1021013,3.2728083,28288,0.0029397161116239134,1.5,-0.7,1572.6746802466992,0.0,867.4882,0.008068854211971187
4,209.87933,197.062,223.249,3.820908,3.000432,5.0082574,113152,0.00373028558231904,1.1,-0.8,322.3294362054264,50.0,202.93071,0.0040359092726554024
5,48.43228,45.25036,51.816227,5.043663,3.7007852,7.540477,452608,0.003333004020935615,1.1,-0.9,85.47746046438587,50.0,46.470867,0.002018324026021024
6,10.927447,10.120596,11.875928,7.3690615,4.528679,21.109055,1810432,0.0035511394049513173,0.6,-0.8,5.878454072677432,0.0,10.927447,0.0010092542162957218
7,2.4652214,2.274167,2.6972868,8.731874,5.125608,26.469643,7241728,0.0033437213982550062,0.7,-0.9,2.27749849400937,25.0,2.3826454,0.0005046501409454036
8,0.59070027,0.54210114,0.6573826,11.407647,5.552621,44.33329,28966912,0.004046075121492465,0.6,-0.9,0.3926026134001863,0.0,0.59070027,0.0002523308264179366
9,0.15208478,0.13750596,0.17952147,23.063757,6.875375,129.79622,115867648,0.005430989490077753,0.3,-0.5,0.001086060917293177,0.0,0.15208478,0.00012616685191353853
10,0.040011525,0.034466505,0.059623275,133.46672,9.899276,708.01984,463470592,0.0031343689265734276,0.4,-0.8,0.00403393834934421,25.0,0.036364798,6.30837855989912e-05
