layer,obs_var,var_lower,var_upper,obs_kurt,kurt_lower,kurt_upper,total_samples,kstest_stat_initial,initial_r,initial_eta,initial_scale,initial_exclude_cutoff,best_augmented_var,kstest_stat_cutoff_0.05,kstest_stat_best,best_r,best_eta,best_scale,best_exclude_cutoff,n_pval_0.05
2,3449.695,3263.865,3639.9626,1.1926718,0.88295805,1.5498166,7072,0.0055556784579658,5.0,-0.5,7139.707762437198,0.0,3449.695,0.01612577750721614,0.0055556784579658,5.0,-0.5,7139.707762437198,0.0,60415
3,867.4882,820.1123,916.63513,2.6446443,2.1021013,3.2728083,28288,0.0029397161116239,1.5,-0.7,1572.6746802466992,0.0,867.4882,0.008068854211971187,0.0029397161116239,1.5,-0.7,1572.6746802466992,0.0,214812
4,209.87933,197.062,223.249,3.820908,3.000432,5.0082574,113152,0.003730285582319,1.1,-0.8,322.3294362054264,50.0,209.87933349609375,0.0040359092726554024,0.003327614864300832,1.0,-0.79,295.6046950649208,0.0,169728
5,48.43228,45.25036,51.816227,5.043663,3.7007852,7.540477,452608,0.0033330040209356,1.1,-0.9,85.47746046438587,50.0,48.432281494140625,0.002018324026021024,0.0024014384040964565,0.8,-0.82,51.48672164801981,0.0,322218
6,10.927447,10.120596,11.875928,7.3690615,4.528679,21.109055,1810432,0.0035511394049513,0.6,-0.8,5.878454072677432,0.0,10.927447319030762,0.0010092542162957218,0.002777323633118167,0.62,-0.8,6.4306423606706264,0.0,241663
7,2.4652214,2.274167,2.6972868,8.731874,5.125608,26.469643,7241728,0.003343721398255,0.7,-0.9,2.27749849400937,25.0,2.465221405029297,0.0005046501409454036,0.0022587180348536684,0.6,-0.85,1.46881744436773,0.0,381888
8,0.59070027,0.54210114,0.6573826,11.407647,5.552621,44.33329,28966912,0.0040460751214924,0.6,-0.9,0.3926026134001863,0.0,0.5683850646018982,0.0002523308264179366,0.003921159486610648,0.62,-0.9,0.4113009685421874,25.0,120831
9,0.15208478,0.13750596,0.17952147,23.063757,6.875375,129.79622,115867648,0.0054309894900777,0.3,-0.5,0.0010860609172931,0.0,0.15208478271961212,0.00012616685191353853,0.0035747999521225093,0.4,-0.76,0.015184496865296288,0.0,143208
10,0.040011525,0.034466505,0.059623275,133.46672,9.899276,708.01984,463470592,0.0031343689265734,0.4,-0.8,0.0040339383493442,25.0,0.04001152515411377,6.30837855989912e-05,0.0012127579628115615,0.29,-0.6,0.0002792465585647102,0.0,1288872
