layer,obs_var,var_lower,var_upper,obs_kurt,kurt_lower,kurt_upper,total_samples,kstest_stat_initial,initial_r,initial_eta,initial_scale,initial_exclude_cutoff,best_augmented_var,kstest_stat_cutoff_0.05
2,3088.5344,2887.4592,3298.7156,2.7685986,2.209898,3.3856242,7072,0.008792199573502413,1.4,-0.8,5986.076831891699,0.0,3088.5344,0.01612577750721614
3,792.0867,742.7345,843.8129,4.083745,3.2696645,5.292534,28288,0.007428552916679543,1.2,-1.0,1859.2287954591159,0.0,792.0867,0.008068854211971187
4,200.47195,186.6445,214.9701,5.4112253,4.4635587,6.504961,113152,0.009937081900030176,1.0,-1.1,490.14785766601574,25.0,196.05914,0.0040359092726554024
5,46.75399,43.33534,50.34399,6.6373577,5.396938,8.449866,452608,0.01687999999999995,1.3,-1.2,184.48385108344308,0.0,46.75399,0.002018324026021024
6,10.640573,9.781947,11.545038,8.3031435,6.574237,11.259625,1810432,0.036719999999999864,2.0,-1.3,67.97589024083995,0.0,10.640573,0.0010092542162957218
7,2.464533,2.2551098,2.6891885,9.776408,7.5898876,14.029722,7241728,0.07140999999999975,1.1,-1.3,13.102503102268493,0.0,2.464533,0.0005046501409454036
8,0.6216006,0.56625646,0.6835456,11.310019,8.002231,23.276373,28966912,0.11531999999999976,1.1,-1.3,3.304692554753412,0.0,0.6216006,0.0002523308264179366
9,0.18984902,0.17347907,0.20793484,10.419234,7.3808794,20.614819,115867648,0.16193999999999975,1.1,-1.3,1.0093178990249025,0.0,0.18984902,0.00012616685191353853
10,0.080307364,0.07403513,0.087240465,8.073637,5.3218737,15.430704,463470592,0.20881999999999978,0.7,-0.3,0.03195034469973805,0.0,0.080307364,6.30837855989912e-05
