layer,total_samples,initial_r,initial_eta,kstest_stat_initial,initial_exclude_cutoff,best_r,best_eta,best_scale,kstest_stat_best,best_exclude_cutoff,n_pval_0.05
2,7072,1.4,-0.8,0.0087921995735024,0.0,1.7,-0.84,6965.564614710607,0.0076599406662697656,0.0,30207
3,28288,1.2,-1.0,0.0074285529166795,0.0,1.6,-1.04,2340.5553287716134,0.006643598460544409,0.0,42432
4,113152,1.0,-1.1,0.0099370819000301,25.0,1.4,-1.14,678.2398591005256,0.009197238484601855,25.0,21216
5,452608,1.3,-1.2,0.0168799999999999,0.0,1.21,-1.2,165.0954890081945,0.016879999999999895,100.0,6712
6,1810432,2.0,-1.3,0.0367199999999998,0.0,2.0,-1.3,67.97589024083995,0.0367199999999998,0.0,1326
7,7241728,1.1,-1.3,0.0714099999999997,0.0,1.1,-1.3,13.102503102268493,0.0714099999999997,0.0,372
8,28966912,1.1,-1.3,0.1153199999999997,0.0,1.1,-1.3,3.304692554753412,0.1153199999999997,0.0,138
9,115867648,1.1,-1.3,0.1619399999999997,0.0,1.1,-1.3,1.0093178990249023,0.1619399999999997,0.0,67
10,463470592,0.7,-0.3,0.2088199999999997,0.0,0.7,-0.3,0.031950344699738,0.2088199999999997,0.0,-1
