layer,obs_var,var_lower,var_upper,obs_kurt,kurt_lower,kurt_upper,total_samples
2,18739654.0,16634008.0,21014328.0,1.273592,0.50580037,2.1743295,1604.0
3,4449792.0,4165360.5,4741459.5,2.0609627,1.6287713,2.5208268,6416.0
4,947308.3,890394.44,1005686.4,3.5056877,2.9520874,4.13785,25664.0
5,186964.67,174069.0,200447.3,5.6087475,4.736248,6.6007357,102656.0
6,33712.516,30860.092,36716.133,9.509533,7.8243,11.492226,410624.0
7,5919.6514,5323.6787,6567.9644,14.504868,11.675694,18.431257,1642496.0
8,1124.6721,987.38684,1276.3682,22.566565,17.52404,29.029783,6569984.0
9,243.90544,210.06128,281.21924,30.251938,22.803614,40.82105,26279936.0
