layer,obs_var,var_lower,var_upper,obs_kurt,kurt_lower,kurt_upper,total_samples
2,5235.6953,4600.435,5912.441,1.7904034,1.101095,2.5579567,1604.0
3,1197.4944,1106.5167,1291.9746,3.843563,3.1465273,4.5945487,6416.0
4,262.8788,244.10567,282.3826,5.889385,4.99722,6.8727865,25664.0
5,51.52013,47.273403,55.98181,8.923638,7.587403,10.445083,102656.0
6,9.412067,8.465264,10.413596,14.319405,11.934687,17.031158,410624.0
7,1.6749111,1.477736,1.892187,20.908186,16.948547,25.525684,1642496.0
8,0.3342319,0.2884316,0.38514495,29.12447,22.604416,36.447254,6569984.0
9,0.090521306,0.07801527,0.104349546,30.205315,22.523632,38.595387,26279936.0
