layer,obs_var,var_lower,var_upper,obs_kurt,kurt_lower,kurt_upper,total_samples
2,18737086.0,16631866.0,21011642.0,1.2733316,0.5056445,2.174177,1604.0
3,4449250.5,4164826.8,4740873.0,2.0607414,1.628691,2.5203402,6416.0
4,947199.3,890294.7,1005569.06,3.5054545,2.9519072,4.137545,25664.0
5,186943.55,174050.1,200424.02,5.6085453,4.7362027,6.600096,102656.0
6,33708.8,30856.814,36712.105,9.508907,7.8231936,11.491508,410624.0
7,5918.908,5323.038,6567.153,14.504515,11.675112,18.427963,1642496.0
8,1124.5022,987.2154,1276.168,22.562904,17.52207,29.015575,6569984.0
9,243.88858,210.05013,281.1806,30.241226,22.797102,40.793995,26279936.0
