layer,obs_var,var_lower,var_upper,obs_kurt,kurt_lower,kurt_upper,total_samples,kstest_stat_initial,initial_r,initial_eta,initial_scale,initial_exclude_cutoff,best_augmented_var,kstest_stat_cutoff_0.05
2,18737086.0,16631866.0,21011642.0,1.2733316,0.5056445,2.174177,1604.0,0.011919956055208208,0.4,4.3,20679.97380683447,0.0,18737086.0,0.033804382765303224
3,4449250.5,4164826.8,4740873.0,2.0607414,1.628691,2.5203402,6416.0,0.010670699141418383,0.4,0.9,38042.93610945076,0.0,4449250.5,0.016928848255368546
4,947199.3,890294.7,1005569.06,3.5054545,2.9519072,4.137545,25664.0,0.009806696925973357,0.4,-0.1,26232.297953370027,0.0,947199.3,0.008471003560381446
5,186943.55,174050.1,200424.02,5.6085453,4.7362027,6.600096,102656.0,0.008668227947416951,0.5,-0.8,55637.9603794643,0.0,186943.55,0.004237135996393022
6,33708.8,30856.814,36712.105,9.508907,7.8231936,11.491508,410624.0,0.013622073100563348,0.5,-1.0,15648.5556640625,75.0,31297.111,0.0021189752192853914
7,5918.908,5323.038,6567.153,14.504515,11.675112,18.427963,1642496.0,0.02528267817395291,1.1,-1.2,15689.232442024246,350.0,4379.429,0.0010595892481240078
8,1124.5022,987.2154,1276.168,22.562904,17.52207,29.015575,6569984.0,0.00939161178165826,0.2,-0.7,0.13416221255347843,150.0,901.57007,0.0005298200128246353
9,243.88858,210.05013,281.1806,30.241226,22.797102,40.793995,26279936.0,0.0055927457980199935,0.2,-0.8,0.04903161797693045,75.0,207.05899,0.0002649163509945643
