layer,obs_var,var_lower,var_upper,obs_kurt,kurt_lower,kurt_upper,total_samples,kstest_stat_initial,initial_r,initial_eta,initial_scale,initial_exclude_cutoff,best_augmented_var,kstest_stat_cutoff_0.05,kstest_stat_best,best_r,best_eta,best_scale,best_exclude_cutoff,n_pval_0.05
2,18737086.0,16631866.0,21011642.0,1.2733316,0.5056445,2.174177,1604.0,0.0119199560552082,0.4,4.3,20679.97380683447,0.0,18737086.0,0.033804382765303224,0.011861222045293107,0.43,3.9,46363.76704095804,0.0,13699.0
3,4449250.5,4164826.8,4740873.0,2.0607414,1.628691,2.5203402,6416.0,0.0106706991414183,0.4,0.9,38042.93610945076,0.0,4449250.5,0.016928848255368546,0.010205685096966732,0.44,0.7,88491.08088432375,0.0,18270.0
4,947199.3,890294.7,1005569.06,3.5054545,2.9519072,4.137545,25664.0,0.0098066969259733,0.4,-0.1,26232.297953370027,0.0,947199.3125,0.008471003560381446,0.008519496757272038,0.48,-0.3,96337.61475148646,0.0,25664.0
5,186943.55,174050.1,200424.02,5.6085453,4.7362027,6.600096,102656.0,0.0086682279474169,0.5,-0.8,55637.9603794643,0.0,186943.546875,0.004237135996393022,0.007833894646434136,0.5,-0.81,56918.629544209005,0.0,28872.0
6,33708.8,30856.814,36712.105,9.508907,7.8231936,11.491508,410624.0,0.0136220731005633,0.5,-1.0,15648.5556640625,75.0,29728.201171875,0.0021189752192853914,0.013117848937097887,0.5,-0.99,14428.363993338671,150.0,10827.0
7,5918.908,5323.038,6567.153,14.504515,11.675112,18.427963,1642496.0,0.0252826781739529,1.1,-1.2,15689.232442024246,350.0,4134.4375,0.0010595892481240078,0.024924169963877807,1.21,-1.2,15716.09480947254,450.0,3043.0
8,1124.5022,987.2154,1276.168,22.562904,17.52207,29.015575,6569984.0,0.0093916117816582,0.2,-0.7,0.1341622125534784,150.0,953.5518188476562,0.0005298200128246353,0.006655264012714213,0.26,-0.9,7.148605878587043,100.0,43308.0
9,243.88858,210.05013,281.1806,30.241226,22.797102,40.793995,26279936.0,0.0055927457980199,0.2,-0.8,0.0490316179769304,75.0,243.88858032226562,0.0002649163509945643,0.004186194864117532,0.2,-0.85,0.07422357139142129,0.0,102656.0
