layer,obs_var,var_lower,var_upper,obs_kurt,kurt_lower,kurt_upper,total_samples,kstest_stat_initial,initial_r,initial_eta,initial_scale,initial_exclude_cutoff,best_augmented_var,kstest_stat_cutoff_0.05
2,4556.487,4147.997,4977.0703,-0.026528597,-0.29509333,0.28687066,1604.0,0.016126149430279513,20.0,20.0,4654.1036520739335,0.0,4556.487,0.033804382765303224
3,1161.0072,1095.3795,1227.6161,1.1373706,0.8990878,1.3884593,6416.0,0.007125069358290825,1.8,-0.4,1832.446604649285,0.0,1161.0072,0.016928848255368546
4,252.51627,238.15823,267.31534,2.9763393,2.4256144,3.6197274,25664.0,0.0029511289489050907,1.3,-0.8,464.63985334193745,0.0,252.51627,0.008471003560381446
5,50.500397,46.9592,54.587986,6.440341,4.289891,17.047192,102656.0,0.0058843379711697175,0.9,-1.0,89.54552259740157,0.0,50.500397,0.004237135996393022
6,9.076106,8.316699,9.948125,10.011231,6.9892526,23.975563,410624.0,0.011065130593433448,0.5,-1.0,4.1496992111206055,100.0,8.299398,0.0021189752192853914
7,1.6036589,1.4429604,1.7845241,14.847038,10.665081,29.707792,1642496.0,0.020204766141292574,0.9,-1.2,4.139416708911523,150.0,1.3686045,0.0010595892481240078
8,0.3109507,0.27123028,0.3646193,30.184402,16.230587,101.46674,6569984.0,0.008001894392981157,0.2,-0.7,4.026433896450769e-05,75.0,0.27057636,0.0005298200128246353
9,0.06928644,0.058848906,0.08462621,46.84064,21.88785,169.41975,26279936.0,0.004161954892747011,0.2,-0.8,1.4994871066343227e-05,25.0,0.06332287,0.0002649163509945643
