layer,obs_var,var_lower,var_upper,obs_kurt,kurt_lower,kurt_upper,total_samples,kstest_stat_initial,initial_r,initial_eta,initial_scale,initial_exclude_cutoff,best_augmented_var,kstest_stat_cutoff_0.05
2,5235.6953,4600.435,5912.441,1.7904034,1.101095,2.5579567,1604.0,0.013695467977054121,2.4,-0.7,11445.988862750588,0.0,5235.6953,0.033804382765303224
3,1197.4944,1106.5167,1291.9746,3.843563,3.1465273,4.5945487,6416.0,0.012742304737335508,6.4,-1.1,4439.801390526701,0.0,1197.4944,0.016928848255368546
4,262.8788,244.10567,282.3826,5.889385,4.99722,6.8727865,25664.0,0.02026636913774338,4.2,-1.2,846.560550803079,250.0,181.68648,0.008471003560381446
5,51.52013,47.273403,55.98181,8.923638,7.587403,10.445083,102656.0,0.04298999999999975,1.1,-1.3,273.90286127403624,0.0,51.52013,0.004237135996393022
6,9.412067,8.465264,10.413596,14.319405,11.934687,17.031158,410624.0,0.07571999999999984,0.9,-1.3,43.283640015673605,0.0,9.412067,0.002118975219285392
7,1.6749111,1.477736,1.892187,20.908186,16.948547,25.525684,1642496.0,0.10932999999999976,0.3,-1.3,0.3780045372514814,0.0,1.6749111,0.0010595892481240078
8,0.3342319,0.2884316,0.38514495,29.12447,22.604416,36.447254,6569984.0,0.13926999999999978,0.3,-1.3,0.07543157157393984,0.0,0.3342319,0.0005298200128246353
9,0.090521306,0.07801527,0.104349546,30.205315,22.523632,38.595387,26279936.0,0.16890999999999978,0.3,-1.3,0.02042942068056412,0.0,0.090521306,0.0002649163509945643
