layer,obs_var,var_lower,var_upper,obs_kurt,kurt_lower,kurt_upper,total_samples,kstest_stat_initial,initial_r,initial_eta,initial_scale,initial_exclude_cutoff,best_augmented_var,kstest_stat_cutoff_0.05
2,18739654.0,16634008.0,21014328.0,1.273592,0.50580037,2.1743295,1604.0,0.01179801592554236,0.4,4.4,19857.38731258438,0.0,18739654.0,0.033804382765303224
3,4449792.0,4165360.5,4741459.5,2.0609627,1.6287713,2.5208268,6416.0,0.01068655439052335,0.4,0.9,38047.56615891713,0.0,4449792.0,0.016928848255368546
4,947308.3,890394.44,1005686.4,3.5056877,2.9520874,4.13785,25664.0,0.009794207382576303,0.4,-0.1,26235.31666383485,0.0,947308.3,0.008471003560381446
5,186964.67,174069.0,200447.3,5.6087475,4.736248,6.6007357,102656.0,0.008674115719928877,0.5,-0.8,55644.247581845244,0.0,186964.67,0.004237135996393022
6,33712.516,30860.092,36716.133,9.509533,7.8243,11.492226,410624.0,0.014159500051316276,0.5,-1.0,15650.20703125,75.0,31300.414,0.002118975219285392
7,5919.6514,5323.6787,6567.9644,14.504868,11.675694,18.431257,1642496.0,0.029376403489036418,0.8,-1.2,14582.91341397553,50.0,5515.721,0.0010595892481240078
8,1124.6721,987.38684,1276.3682,22.566565,17.52404,29.029783,6569984.0,0.030479999999940777,0.6,-1.2,1841.7787944952056,0.0,1124.6721,0.0005298200128246353
9,243.90544,210.06128,281.21924,30.251938,22.803614,40.82105,26279936.0,0.061049999997088156,0.8,-1.3,997.8324503482924,0.0,243.90544,0.0002649163509945643
