layer,total_samples,initial_r,initial_eta,kstest_stat_initial,initial_exclude_cutoff,best_r,best_eta,best_scale,kstest_stat_best,best_exclude_cutoff,n_pval_0.05
2,1604.0,0.4,4.3,0.0119199560552082,0.0,0.43,3.9,46363.76704095804,0.011861222045293107,0.0,13699.0
3,6416.0,0.4,0.9,0.0106706991414183,0.0,0.44,0.7,88491.08088432375,0.010205685096966732,0.0,18270.0
4,25664.0,0.4,-0.1,0.0098066969259733,0.0,0.48,-0.3,96337.61475148646,0.008519496757272038,0.0,25664.0
5,102656.0,0.5,-0.8,0.0086682279474169,0.0,0.5,-0.81,56918.629544209005,0.007833894646434136,0.0,28872.0
6,410624.0,0.5,-1.0,0.0136220731005633,75.0,0.5,-0.99,14428.363993338671,0.013117848937097887,150.0,10827.0
7,1642496.0,1.1,-1.2,0.0252826781739529,350.0,1.21,-1.2,15716.09480947254,0.024924169963877807,450.0,3043.0
8,6569984.0,0.2,-0.7,0.0093916117816582,150.0,0.26,-0.9,7.148605878587043,0.006655264012714213,100.0,43308.0
9,26279936.0,0.2,-0.8,0.0055927457980199,75.0,0.2,-0.85,0.07422357139142129,0.004186194864117532,0.0,102656.0
