layer,total_samples,initial_r,initial_eta,kstest_stat_initial,initial_exclude_cutoff,best_r,best_eta,best_scale,kstest_stat_best,best_exclude_cutoff,n_pval_0.05
2,1604.0,2.4,-0.7,0.0136954679770541,0.0,2.4,-0.7,11445.988862750588,0.0136954679770541,0.0,10273
3,6416.0,6.4,-1.1,0.0127423047373355,0.0,6.4,-1.1,4439.801390526701,0.0127423047373355,0.0,10827
4,25664.0,4.2,-1.2,0.0202663691377433,250.0,4.2,-1.2,846.560550803079,0.0202663691377433,250.0,4566
5,102656.0,1.1,-1.3,0.0429899999999997,0.0,1.1,-1.3,273.90286127403624,0.0429899999999997,0.0,1012
6,410624.0,0.9,-1.3,0.0757199999999998,0.0,0.9,-1.3,43.283640015673605,0.0757199999999998,0.0,318
7,1642496.0,0.3,-1.3,0.1093299999999997,0.0,0.3,-1.3,0.3780045372514814,0.1093299999999997,0.0,150
8,6569984.0,0.3,-1.3,0.1392699999999997,0.0,0.3,-1.3,0.0754315715739398,0.1392699999999997,0.0,94
9,26279936.0,0.3,-1.3,0.1689099999999997,0.0,0.3,-1.3,0.0204294206805641,0.1689099999999997,0.0,61
