layer,total_samples,initial_r,initial_eta,kstest_stat_initial,initial_exclude_cutoff,best_r,best_eta,best_scale,kstest_stat_best,best_exclude_cutoff,n_pval_0.05
2,1604.0,0.4,4.4,0.0117980159255423,0.0,0.42,4.1,34926.28323838834,0.011739915829683367,0.0,13699.0
3,6416.0,0.4,0.9,0.0106865543905233,0.0,0.44,0.7,88501.85077024023,0.01022151967768592,0.0,18270.0
4,25664.0,0.4,-0.1,0.0097942073825763,0.0,0.48,-0.3,96348.70090819006,0.00850741372078656,0.0,25664.0
5,102656.0,0.5,-0.8,0.0086741157199288,0.0,0.5,-0.81,56925.06146480333,0.007816102238119127,0.0,28872.0
6,410624.0,0.5,-1.0,0.0141595000513162,75.0,0.5,-0.99,14429.856042819356,0.013834491169385288,150.0,9624.0
7,1642496.0,0.8,-1.2,0.0293764034890364,50.0,0.79,-1.2,14348.742473770062,0.02937320184070874,50.0,2029.0
8,6569984.0,0.6,-1.2,0.0304799999999407,0.0,0.9,-1.24,3345.703166348579,0.03047999999967599,100.0,2029.0
9,26279936.0,0.8,-1.3,0.0610499999970881,0.0,0.74,-1.3,805.6719466780968,0.0610499999967386,50.0,505.0
