layer,obs_var,var_lower,var_upper,obs_kurt,kurt_lower,kurt_upper,total_samples,kstest_stat_initial,initial_r,initial_eta,initial_scale,initial_exclude_cutoff,best_augmented_var,kstest_stat_cutoff_0.05
2,1905.9329,1698.2545,2134.568,4.3134627,2.497993,6.1975365,3180.0,0.01960099603216159,0.2,3.2,0.00017813731547142414,0.0,1905.9329,0.024030335482930112
3,610.39087,574.2987,648.5519,3.67414,2.8058507,4.6804533,12720.0,0.0031506821694508025,0.3,1.5,0.19835657476130544,0.0,610.39087,0.01202851450611388
4,172.2832,161.49796,183.4968,4.112916,3.2683253,5.234512,50880.0,0.0055694458241813405,0.5,0.0,13.870890299479166,25.0,166.45068,0.006017563498360196
5,40.23418,37.397793,43.23092,5.9877186,4.6441326,7.6893578,203520.0,0.002663156988417792,0.5,-0.4,5.461936105381358,50.0,38.45203,0.0030096044936828606
6,8.0334015,7.3787665,8.72893,8.447668,6.2493076,11.777606,814080.0,0.0038486088689406728,0.4,-0.5,0.4205551127409679,50.0,7.59273,0.0015050074551751034
7,1.5048453,1.3684424,1.6531262,11.57085,8.417268,17.668781,3256320.0,0.004634082901676995,0.2,0.0,2.0577893314001682e-05,0.0,1.5048453,0.0007525549699048645
8,0.24826278,0.22295238,0.27842653,16.53434,10.476642,35.571274,13025280.0,0.005233748688188933,0.1,1.8,4.407315365004156e-17,25.0,0.23533179,0.0003762902880576396
