layer,total_samples,initial_r,initial_eta,kstest_stat_initial,initial_exclude_cutoff,best_r,best_eta,best_scale,kstest_stat_best,best_exclude_cutoff,n_pval_0.05
2,3180.0,0.2,3.2,0.0196009960321615,0.0,0.2,3.2,0.0001781373154714,0.0196009960321615,0.0,4770
3,12720.0,0.3,1.5,0.0031506821694508,0.0,0.34,1.1,1.09643509275256,0.003042048727539326,0.0,206293
4,50880.0,0.5,0.0,0.0055694458241813,25.0,0.6,-0.17,34.78714888749093,0.005463061686327153,50.0,64395
5,203520.0,0.5,-0.4,0.0026631569884177,50.0,0.47,-0.4,4.323501240254641,0.001755757327753682,0.0,579555
6,814080.0,0.4,-0.5,0.0038486088689406,50.0,0.34,-0.4,0.12407464199969394,0.0026803711360197102,0.0,257580
7,3256320.0,0.2,0.0,0.0046340829016769,0.0,0.23,-0.2,0.00027800486909653003,0.0037374231566977834,0.0,128790
8,13025280.0,0.1,1.8,0.0052337486881889,25.0,0.09,2.1,1.0206629942607278e-19,0.0049353373193025685,25.0,76320
