band,obs_var,var_lower,var_upper,obs_kurt,kurt_lower,kurt_upper,total_samples
2,1477.6981,1373.1227,1589.9102,6.1201763,4.479359,8.864679,47614.0
5,613.39966,560.56464,673.3799,10.62453,6.5598454,16.423002,102030.0
8,177.00272,161.60426,194.4774,10.694184,6.5626287,22.191257,326496.0
11,42.97564,39.382267,46.911724,9.706752,6.305946,16.889559,904666.0
14,12.346855,11.270123,13.649725,11.606633,6.6025305,31.444622,2727602.0
17,3.0356157,2.7154095,3.7937293,39.583656,7.2798157,243.68773,8298440.0
20,0.49730793,0.42955288,0.78189677,156.6641,7.4384747,791.2456,25140192.0
23,0.12028828,0.10906798,0.15054002,34.890343,5.1961946,215.31126,65734528.0
