band,obs_var,var_lower,var_upper,obs_kurt,kurt_lower,kurt_upper,total_samples
12,5508293276452.431,5093988891094.902,5989048806917.988,7.87985372867888,3.6650360057611113,15.332332768170986,95040.0
13,149683613175581.75,109608360362029.2,207705204354870.78,155.80984570103948,66.61815107380919,370.9992769280928,132480.0
15,367686314594300.0,336056749824909.2,401547558551486.7,9.960976807585494,7.388113998626477,13.704437549776191,263520.0
16,670761994598361.8,620578102415104.8,725552687820817.5,7.182518140528092,5.025764812733923,11.81313179647243,370080.0
