band,total_samples,initial_r,initial_eta,kstest_stat_initial,initial_exclude_cutoff,best_r,best_eta,best_scale,kstest_stat_best,best_exclude_cutoff,n_pval_0.05
12,95040.0,0.2,13.0,0.0024851275115372,150.0,0.2,13.0,2102.848420457479,0.0024851275115372,150.0,304470
13,132480.0,0.2,5.7,0.0321940157624974,0.0,0.2,5.7,100000.0,0.0321940157624974,0.0,1746
15,263520.0,0.1,0.9,0.0252853018001317,0.0,0.12,0.5,4886.670190712298,0.02374555895604724,0.0,3294
16,370080.0,0.1,3.0,0.0157239635366709,0.0,0.11,2.6,1.3876211406518024,0.01557315568501072,0.0,7317
