layer,obs_var,var_lower,var_upper,obs_kurt,kurt_lower,kurt_upper,total_samples
2,179850.66,104860.61,313803.4,501.38205,36.68115,756.9423,9000.0
3,48278.0,29689.33,75753.01,352.49054,90.264786,561.8886,36000.0
4,13505.898,6427.192,29259.107,1066.3428,112.37998,2700.4614,144000.0
5,3324.956,1098.1461,15512.162,6607.1772,86.60463,7123.8887,576000.0
6,902.73755,217.95872,6909.1416,18939.143,76.74329,8727.642,2304000.0
7,249.88872,58.955738,1795.4227,19071.887,51.21546,8606.342,9216000.0
8,57.43218,22.249529,277.4075,8527.047,61.02367,6916.6597,36864000.0
9,14.412285,5.9026465,62.396603,6442.5083,77.11661,6425.3364,147456000.0
10,2.1628764,0.81148475,9.683873,7078.995,80.46081,6695.154,589824000.0
