layer,obs_var,var_lower,var_upper,obs_kurt,kurt_lower,kurt_upper,total_samples
2,179849.67,104861.12,313799.06,501.3695,36.67976,756.9309,9000
3,48276.574,29688.229,75748.94,352.49057,90.25023,561.88666,36000
4,13505.842,6427.289,29258.977,1066.3346,112.39475,2700.871,144000
5,3324.6624,1098.2966,15507.862,6605.851,86.61034,7123.145,576000
6,902.7078,217.9197,6910.355,18930.713,76.71586,8727.086,2304000
7,249.83038,58.962917,1794.096,19065.924,51.230747,8605.309,9216000
8,57.42237,22.250046,277.0447,8522.205,61.003616,6912.4277,36864000
9,14.4263115,5.903421,62.549038,6464.1855,77.16946,6431.98,147456000
10,2.1553957,0.8125307,9.592564,6981.0283,80.40247,6665.1416,589824000
