layer,obs_var,var_lower,var_upper,obs_kurt,kurt_lower,kurt_upper,total_samples,kstest_stat_initial,initial_r,initial_eta,initial_scale,initial_exclude_cutoff,best_augmented_var,kstest_stat_cutoff_0.05
2,179850.66,104860.61,313803.4,501.38205,36.68115,756.9423,9000.0,0.011226391220584109,0.2,0.2,0.6076969277413482,25.0,74067.336,0.014296961166644029
3,48278.0,29689.33,75753.01,352.49054,90.264786,561.8886,36000.0,0.010554533423327683,0.1,1.6,4.795890035926744e-12,150.0,14752.112,0.007153161548533642
4,13505.898,6427.192,29259.107,1066.3428,112.37998,2700.4614,144000.0,0.0068319376310044255,0.1,1.2,3.266185520002852e-12,350.0,3012.7075,0.003577744605964338
5,3324.956,1098.1461,15512.162,6607.1772,86.60463,7123.8887,576000.0,0.006038651345006585,0.1,1.7,1.261949318856734e-13,350.0,513.39197,0.001789162458327746
6,902.73755,217.95872,6909.1416,18939.143,76.74329,8727.642,2304000.0,0.0039034461095115436,0.1,2.3,6.6790782764041124e-15,250.0,125.50101,0.0008946536675937644
7,249.88872,58.955738,1795.4227,19071.887,51.21546,8606.342,9216000.0,0.0029100000000000237,0.1,2.6,1.1593881728502426e-15,150.0,43.217403,0.00044734493084683295
8,57.43218,22.249529,277.4075,8527.047,61.02367,6916.6597,36864000.0,0.003380000000000105,0.1,2.2,1.2483054680648615e-15,75.0,18.46526,0.00022367698811616015
9,14.412285,5.9026465,62.396603,6442.5083,77.11661,6425.3364,147456000.0,0.005909999999999971,0.1,2.2,2.9889210972097736e-16,100.0,4.42129,0.00011183962453501836
10,2.1628764,0.81148475,9.683873,7078.995,80.46081,6695.154,589824000.0,0.02680999999999334,0.3,-0.7,0.01068964611838881,25.0,0.85257107,5.5920094864633584e-05
