layer,obs_var,var_lower,var_upper,obs_kurt,kurt_lower,kurt_upper,total_samples,kstest_stat_initial,initial_r,initial_eta,initial_scale,initial_exclude_cutoff,best_augmented_var,kstest_stat_cutoff_0.05
2,179849.67,104861.12,313799.06,501.3695,36.67976,756.9309,9000,0.011223031021615815,0.2,0.2,0.6077027607381624,25.0,74068.05,0.014296961166644029
3,48276.574,29688.229,75748.94,352.49057,90.25023,561.88666,36000,0.010553798603412212,0.1,1.6,4.795897655423598e-12,150.0,14752.136,0.007153161548533642
4,13505.842,6427.289,29258.977,1066.3346,112.39475,2700.871,144000,0.006804824502901791,0.1,1.2,3.266162492694206e-12,350.0,3012.6863,0.003577744605964338
5,3324.6624,1098.2966,15507.862,6605.851,86.61034,7123.145,576000,0.006046386688303151,0.1,1.7,1.2619619212257047e-13,350.0,513.3971,0.001789162458327746
6,902.7078,217.9197,6910.355,18930.713,76.71586,8727.086,2304000,0.003902944733172875,0.1,2.3,6.6790750281545504e-15,250.0,125.500946,0.0008946536675937644
7,249.83038,58.962917,1794.096,19065.924,51.230747,8605.309,9216000,0.0028344454169968447,0.1,2.6,1.159408742473178e-15,150.0,43.21817,0.00044734493084683295
8,57.42237,22.250046,277.0447,8522.205,61.003616,6912.4277,36864000,0.0020965447576800633,0.2,0.5,6.623528934977986e-05,150.0,15.912366,0.00022367698811616015
9,14.4263115,5.903421,62.549038,6464.1855,77.16946,6431.98,147456000,0.0029921100258080147,0.1,2.4,1.6949245251646493e-16,150.0,4.022895,0.00011183962453501836
10,2.1553957,0.8125307,9.592564,6981.0283,80.40247,6665.1416,589824000,0.005529460057404123,0.1,2.8,7.97205334086696e-18,300.0,0.45765728,5.5920094864633584e-05
