layer,obs_var,var_lower,var_upper,obs_kurt,kurt_lower,kurt_upper,total_samples,kstest_stat_initial,initial_r,initial_eta,initial_scale,initial_exclude_cutoff,best_augmented_var,kstest_stat_cutoff_0.05
2,181299.02,101527.92,290782.22,377.2548,142.30005,530.95166,9000,0.01379296714770939,0.1,2.7,9.706100707830394e-13,50.0,45005.016,0.014296961166644029
3,38790.293,21575.71,67724.6,543.3528,122.41325,1044.5923,36000,0.009005929363847032,0.1,1.8,1.877370504572405e-12,150.0,10024.355,0.007153161548533642
4,9777.153,4939.1294,17951.637,703.4225,122.04025,1327.8564,144000,0.0070046289742188295,0.1,1.4,1.2716956933645177e-12,350.0,2181.5383,0.003577744605964338
5,1796.3098,838.0557,4289.6875,1421.5957,90.04052,3420.6614,576000,0.0059047689993557695,0.1,1.6,1.3969531885654376e-13,300.0,429.70148,0.001789162458327746
6,385.14337,175.53122,1132.5692,2320.823,86.76239,4401.831,2304000,0.004297702104541723,0.1,2.2,6.658721046725833e-15,250.0,98.497536,0.0008946536675937644
7,101.0854,41.34504,424.74213,4763.65,67.00212,6338.221,9216000,0.0030623937503934107,0.1,2.6,7.686785718929632e-16,150.0,28.653296,0.00044734493084683295
8,34.40324,17.91937,89.39241,1599.72,74.53908,3571.9424,36864000,0.0025042915722614523,0.1,2.1,1.1648903740928573e-15,100.0,13.485414,0.00022367698811616015
9,9.8905525,5.2710567,25.139685,1503.5704,80.86954,3415.0884,147456000,0.004429446248820801,0.1,2.0,3.7154885000918644e-16,200.0,3.3454201,0.00011183962453501836
10,1.4373621,0.71361643,4.495828,2671.0093,76.31533,4559.324,589824000,0.006147324336817639,0.1,1.7,1.1202927438408124e-16,200.0,0.4557626,5.5920094864633584e-05
