layer,total_samples,initial_r,initial_eta,kstest_stat_initial,initial_exclude_cutoff,best_r,best_eta,best_scale,kstest_stat_best,best_exclude_cutoff,n_pval_0.05
2,9000.0,0.1,2.7,0.0137464791361733,50.0,0.1,2.7,9.706194219732242e-13,0.0137464791361733,50.0,10125
3,36000.0,0.1,1.8,0.0090303926089313,150.0,0.09,2.0,6.112825695037221e-15,0.008750612450706075,125.0,24322
4,144000.0,0.1,1.4,0.0069646057756864,350.0,0.09,1.7,3.1052904736071765e-15,0.0067413836060266075,325.0,40500
5,576000.0,0.1,1.6,0.0059123032860831,300.0,0.1,1.6,1.3969775947661724e-13,0.0059123032860831,300.0,54000
6,2304000.0,0.1,2.2,0.004299079505978,250.0,0.1,2.2,6.658660701711917e-15,0.004299079505978,250.0,102514
7,9216000.0,0.1,2.6,0.0030675110331882,150.0,0.1,2.7,5.94941791495305e-16,0.002767474944029402,175.0,243000
8,36864000.0,0.1,2.1,0.0030299999999999,100.0,0.12,1.7,5.663263175815241e-12,0.0030299999999965355,150.0,205030
9,147456000.0,0.1,1.8,0.0059799999999998,150.0,0.12,1.4,2.996180732187713e-12,0.005979999999982444,250.0,54000
10,589824000.0,0.3,-0.8,0.0251799999999868,25.0,0.59,-1.0,0.4159151932988486,0.025179999999979774,125.0,2845
