layer,obs_var,var_lower,var_upper,obs_kurt,kurt_lower,kurt_upper,total_samples
2,6478.6787,5772.31,7230.018,1.0497274,0.43074852,1.783846,1604
3,1529.7378,1423.6766,1639.9105,2.8596635,2.275824,3.5287774,6416
4,339.4857,316.21985,363.47443,5.235465,4.50357,6.032421,25664
5,63.58722,58.617455,68.78918,7.750703,6.729813,8.848345,102656
6,11.852705,10.731796,13.030606,12.358775,10.602479,14.330383,410624
7,2.146013,1.9083741,2.4043765,17.992706,14.9841585,21.382133,1642496
8,0.44138673,0.3866096,0.50158334,23.1817,18.53658,28.330587,6569984
9,0.130896,0.11578714,0.14740558,20.175617,15.38418,25.395407,26279936
