layer,obs_var,var_lower,var_upper,obs_kurt,kurt_lower,kurt_upper,total_samples
2,5985.273,5503.828,6472.603,-0.43295908,-0.5961032,-0.24845201,1604
3,1380.4263,1307.0726,1454.9208,0.76522875,0.5311625,1.0235487,6416
4,306.0096,289.18155,323.3141,2.6727533,2.1769876,3.4693444,25664
5,57.69551,53.856068,61.713856,5.086591,3.9219277,7.1174507,102656
6,10.505858,9.662853,11.4177475,8.542816,6.6264415,14.38097,410624
7,1.8675501,1.6834221,2.0757315,14.345919,10.306082,27.592405,1642496
8,0.35447773,0.3109748,0.41029716,26.125399,15.367449,82.588196,6569984
9,0.07698516,0.06588678,0.09285645,41.475616,20.096338,141.56783,26279936
