layer,obs_var,var_lower,var_upper,obs_kurt,kurt_lower,kurt_upper,total_samples
2,24789962.0,22334212.0,27337038.0,0.43576193,0.032407917,0.89932066,1604
3,5422982.0,5098264.5,5754792.0,1.5459895,1.1987625,1.9211601,6416
4,1175513.2,1104954.6,1248216.9,3.5416894,2.9229167,4.2301445,25664
5,220082.22,205182.27,235584.72,5.2927017,4.484963,6.221855,102656
6,39896.27,36596.555,43339.543,8.9068365,7.516291,10.530184,410624
7,6966.3735,6281.43,7704.541,13.543694,11.132702,16.415705,1642496
8,1295.5549,1142.669,1463.1243,20.680162,16.469147,25.764788,6569984
9,274.07608,237.55666,313.99933,27.580788,21.251253,36.107666,26279936
