layer,obs_var,var_lower,var_upper,obs_kurt,kurt_lower,kurt_upper,total_samples,kstest_stat_initial,initial_r,initial_eta,initial_scale,initial_exclude_cutoff,best_augmented_var,kstest_stat_cutoff_0.05
2,5985.273,5503.828,6472.603,-0.43295908,-0.5961032,-0.24845201,1604,0.10414500929027276,20.0,20.0,6113.499679472066,0.0,5985.273,0.033804382765303224
3,1380.4263,1307.0726,1454.9208,0.76522875,0.5311625,1.0235487,6416,0.05879062249221867,3.1,-0.4,2594.9140125642107,0.0,1380.4263,0.016928848255368546
4,306.0096,289.18155,323.3141,2.6727533,2.1769876,3.4693444,25664,0.043799777415680474,1.7,-0.8,580.0344638030583,100.0,269.36,0.008471003560381446
5,57.69551,53.856068,61.713856,5.086591,3.9219277,7.1174507,102656,0.03378258690739072,1.8,-1.0,135.22555146030217,500.0,47.053566,0.004237135996393022
6,10.505858,9.662853,11.4177475,8.542816,6.6264415,14.38097,410624,0.030579224492996326,0.5,-1.0,4.465240478515625,250.0,8.930481,0.002118975219285392
7,1.8675501,1.6834221,2.0757315,14.345919,10.306082,27.592405,1642496,0.028419978512758237,1.2,-1.2,5.334087347266956,350.0,1.4098537,0.0010595892481240078
8,0.35447773,0.3109748,0.41029716,26.125399,15.367449,82.588196,6569984,0.014447296640617946,0.2,-0.7,4.276619071052188e-05,150.0,0.2873888,0.0005298200128246353
9,0.07698516,0.06588678,0.09285645,41.475616,20.096338,141.56783,26279936,0.010087179905097332,0.2,-0.7,8.328192468200412e-06,200.0,0.055965453,0.0002649163509945643
