layer,obs_var,var_lower,var_upper,obs_kurt,kurt_lower,kurt_upper,total_samples,kstest_stat_initial,initial_r,initial_eta,initial_scale,initial_exclude_cutoff,best_augmented_var,kstest_stat_cutoff_0.05,kstest_stat_best,best_r,best_eta,best_scale,best_exclude_cutoff,n_pval_0.05
2,24789962.0,22334212.0,27337038.0,0.43576193,0.032407917,0.89932066,1604,0.1005454963893274,0.6,20.0,62681.01879667879,0.0,24789962.0,0.033804382765303224,0.10042579320471506,0.63,20.0,90140.02146747908,0.0,189
3,5422982.0,5098264.5,5754792.0,1.5459895,1.1987625,1.9211601,6416,0.0594345698227775,0.4,0.7,56320.22653881619,0.0,5422982.0,0.016928848255368546,0.059423049716101184,0.38,0.8,34515.031889472484,0.0,505
4,1175513.2,1104954.6,1248216.9,3.5416894,2.9229167,4.2301445,25664,0.0441365695014506,0.4,-0.4,53693.87289653496,0.0,1175513.25,0.008471003560381446,0.04401086956805811,0.4,-0.39,52711.982645412776,0.0,901
5,220082.22,205182.27,235584.72,5.2927017,4.484963,6.221855,102656,0.0343749072710782,0.4,-0.8,24413.668250375908,0.0,220082.21875,0.004237135996393022,0.034168669716801714,0.53,-0.9,100000.0,0.0,1604
6,39896.27,36596.555,43339.543,8.9068365,7.516291,10.530184,410624,0.0323001052288298,0.5,-1.0,17739.6953125,150.0,33548.546875,0.002118975219285392,0.03200791763006211,0.6,-1.03,30917.32106189626,250.0,1804
7,6966.3735,6281.43,7704.541,13.543694,11.132702,16.415705,1642496,0.0303980879310953,1.2,-1.2,18169.08282280691,500.0,4567.5322265625,0.0010595892481240078,0.02900060569080426,1.0,-1.18,14273.538208007809,600.0,2281
8,1295.5549,1142.669,1463.1243,20.680162,16.469147,25.764788,6569984,0.0158880437658858,0.2,-0.7,0.1427982693626767,250.0,959.6043701171875,0.0005298200128246353,0.013255095561802044,0.3,-0.95,29.172683069905087,250.0,10827
9,274.07608,237.55666,313.99933,27.580788,21.251253,36.107666,26279936,0.0113902431772079,0.1,0.0,3.611985064411988e-11,25.0,274.0760803222656,0.0002649163509945643,0.009643801944265284,0.13,-0.4,1.7798802171370237e-06,0.0,19248
