layer,total_samples,initial_r,initial_eta,kstest_stat_initial,initial_exclude_cutoff,best_r,best_eta,best_scale,kstest_stat_best,best_exclude_cutoff,n_pval_0.05
2,1604,0.6,20.0,0.1005454963893274,0.0,0.63,20.0,90140.02146747908,0.10042579320471506,0.0,189
3,6416,0.4,0.7,0.0594345698227775,0.0,0.38,0.8,34515.031889472484,0.059423049716101184,0.0,505
4,25664,0.4,-0.4,0.0441365695014506,0.0,0.4,-0.39,52711.982645412776,0.04401086956805811,0.0,901
5,102656,0.4,-0.8,0.0343749072710782,0.0,0.53,-0.9,100000.0,0.034168669716801714,0.0,1604
6,410624,0.5,-1.0,0.0323001052288298,150.0,0.6,-1.03,30917.32106189626,0.03200791763006211,250.0,1804
7,1642496,1.2,-1.2,0.0303980879310953,500.0,1.0,-1.18,14273.538208007809,0.02900060569080426,600.0,2281
8,6569984,0.2,-0.7,0.0158880437658858,250.0,0.3,-0.95,29.172683069905087,0.013255095561802044,250.0,10827
9,26279936,0.1,0.0,0.0113902431772079,25.0,0.13,-0.4,1.7798802171370237e-06,0.009643801944265284,0.0,19248
