layer,total_samples,initial_r,initial_eta,kstest_stat_initial,initial_exclude_cutoff,best_r,best_eta,best_scale,kstest_stat_best,best_exclude_cutoff,n_pval_0.05
2,1604,20.0,20.0,0.1041450092902727,0.0,20.0,20.0,6113.499679472066,0.1041450092902727,0.0,168
3,6416,3.1,-0.4,0.0587906224922186,0.0,3.1,-0.4,2594.9140125642107,0.0587906224922186,0.0,505
4,25664,1.7,-0.8,0.0437997774156804,100.0,1.8,-0.84,706.1718905040001,0.043762785666767445,0.0,1012
5,102656,1.8,-1.0,0.0337825869073907,500.0,1.78,-1.0,136.76806083080413,0.033715015716823726,450.0,1604
6,410624,0.5,-1.0,0.0305792244929963,250.0,0.9,-1.08,18.162994676794074,0.02982835655002175,350.0,2029
7,1642496,1.2,-1.2,0.0284199785127582,350.0,1.0,-1.18,4.177788645029067,0.026351372905277115,450.0,2706
8,6569984,0.2,-0.7,0.0144472966406179,150.0,0.28,-0.9,0.0038680680059122135,0.01300404959834417,225.0,10827
9,26279936,0.2,-0.7,0.0100871799050973,200.0,0.2,-0.7,8.551628949741523e-06,0.009966009556363675,175.0,19248
