layer,obs_var,var_lower,var_upper,obs_kurt,kurt_lower,kurt_upper,total_samples
2,,,,,,,0.0
3,170305.0,164909.47,175804.86,-0.46448135,-0.5405973,-0.38306567,19544.0
4,269349.47,260584.97,278149.56,-0.4157846,-0.52919036,-0.26244545,177766.0
5,89765.79,85311.62,94332.43,1.8166356,1.3928096,2.3457212,820632.0
6,27723.137,25801.26,29725.77,5.616802,4.7112503,6.6877313,3670424.0
7,5939.0757,5490.067,6403.1216,7.063244,6.07343,8.459994,15384514.0
8,762.6138,692.95807,839.2668,11.767686,8.738594,18.807537,62976002.0
9,72.97091,64.01033,83.24985,23.847502,14.8211775,42.472622,254776200.0
