layer,obs_var,var_lower,var_upper,obs_kurt,kurt_lower,kurt_upper,total_samples,kstest_stat_initial,initial_r,initial_eta,initial_scale,initial_exclude_cutoff,best_augmented_var,kstest_stat_cutoff_0.05,kstest_stat_best,best_r,best_eta,best_scale,best_exclude_cutoff,n_pval_0.05
2,,,,,,,0.0,1.0,,,,,,,1.0,,,,,-1
3,170305.0,164909.47,175804.86,-0.46448135,-0.5405973,-0.38306567,19544.0,0.0213793922287139,3.3,20.0,98104.24030612846,0.0,170305.0,0.009706021896506337,0.0213793922287139,3.3,20.0,98104.24030612846,0.0,4122
4,269349.47,260584.97,278149.56,-0.4157846,-0.52919036,-0.26244545,177766.0,0.0240109631742873,2.2,20.0,96788.5806786114,0.0,269349.47,0.003220181317494518,0.0240109631742873,2.2,20.0,96788.5806786114,0.0,3123
5,89765.79,85311.62,94332.43,1.8166356,1.3928096,2.3457212,820632.0,0.0029287396344158,1.3,0.2,75896.22711271535,50.0,86815.734375,0.0014989881740439803,0.002831574196401787,1.52,0.1,92684.25532453936,75.0,230802
6,27723.137,25801.26,29725.77,5.616802,4.7112503,6.6877313,3670424.0,0.0041539234467909,1.3,-0.8,44293.57699448683,250.0,24632.0859375,0.0007088353466666655,0.0038445721726027976,1.1,-0.75,36644.98146920815,200.0,129037
7,5939.0757,5490.067,6403.1216,7.063244,6.07343,8.459994,15384514.0,0.0045303102148509,0.7,-0.9,5144.353461421388,150.0,5311.80615234375,0.0003462388787131613,0.004483789146872197,0.7,-0.89,4975.2990480291555,175.0,90142
8,762.6138,692.95807,839.2668,11.767686,8.738594,18.807537,62976002.0,0.0038242654584052,0.4,-0.8,77.57911260202968,75.0,732.8817749023438,0.000171134296658041,0.002816803306889437,0.4,-0.83,88.26610466662616,25.0,246000
9,72.97091,64.01033,83.24985,23.847502,14.8211775,42.472622,254776200.0,0.0034939646303872,0.2,-0.4,0.0031415459641139,25.0,72.97090911865234,8.508412696542748e-05,0.001953726503903075,0.21,-0.5,0.009795906737070644,0.0,497609
