layer,obs_var,var_lower,var_upper,obs_kurt,kurt_lower,kurt_upper,total_samples
2,4959.2,4501.66,5433.337,0.11354208,-0.21055761,0.48309413,1604.0
3,1249.2715,1178.4479,1321.5568,1.1665072,0.8688035,1.5462334,6416.0
4,275.89917,259.89938,292.39215,3.1909962,2.5704339,3.9319873,25664.0
5,55.947193,51.955376,60.4428,6.5635557,4.458304,15.560853,102656.0
6,9.981964,9.148952,10.926109,9.866473,7.0121164,21.962605,410624.0
7,1.7352297,1.5611906,1.9309093,14.819962,10.680965,27.631258,1642496.0
8,0.32205138,0.28140253,0.37642917,29.10527,15.796762,96.12254,6569984.0
9,0.070038885,0.05956869,0.08547339,46.21003,21.442106,169.01591,26279936.0
