layer,obs_var,var_lower,var_upper,obs_kurt,kurt_lower,kurt_upper,total_samples
2,5760.59,5051.5103,6509.545,1.8483901,1.233752,2.558711,1604.0
3,1337.9724,1231.9003,1448.5521,4.3927827,3.6507342,5.226452,6416.0
4,292.76678,270.932,315.37997,6.5403585,5.6608157,7.5020137,25664.0
5,56.56823,51.691597,61.698933,9.980118,8.59611,11.518097,102656.0
6,10.226131,9.16699,11.350366,15.382189,12.93581,18.139929,410624.0
7,1.8166217,1.5972836,2.056023,21.873476,17.925816,26.40196,1642496.0
8,0.3594082,0.3107154,0.41375875,28.525167,21.904778,36.118137,6569984.0
9,0.10792003,0.094772145,0.12246282,23.077887,16.506086,30.518826,26279936.0
