layer,obs_var,var_lower,var_upper,obs_kurt,kurt_lower,kurt_upper,total_samples
2,20139482.0,17840774.0,22610454.0,1.3474822,0.54739314,2.3117354,1604
3,4751489.5,4453670.0,5056027.5,1.8717437,1.474008,2.307781,6416
4,1025518.2,963894.0,1088945.5,3.5517244,2.9706354,4.2144623,25664
5,205026.2,190943.11,219683.66,5.5410976,4.7242293,6.4539256,102656
6,36748.89,33675.242,39979.176,9.241623,7.692896,11.054368,410624
7,6361.043,5725.3706,7050.686,14.259533,11.564115,17.877516,1642496
8,1161.0775,1021.4455,1315.0781,21.809298,16.949747,28.048672,6569984
9,246.13762,212.34569,283.34686,29.576992,22.2463,40.07196,26279936
