layer,obs_var,var_lower,var_upper,obs_kurt,kurt_lower,kurt_upper,total_samples,kstest_stat_initial,initial_r,initial_eta,initial_scale,initial_exclude_cutoff,best_augmented_var,kstest_stat_cutoff_0.05,kstest_stat_best,best_r,best_eta,best_scale,best_exclude_cutoff,n_pval_0.05
2,20139482.0,17840774.0,22610454.0,1.3474822,0.54739314,2.3117354,1604,0.0132848590287334,0.3,8.1,172.02714105004466,0.0,20139482.0,0.033804382765303224,0.01294865614530799,0.55,7.9,100000.0,0.0,11556
3,4751489.5,4453670.0,5056027.5,1.8717437,1.474008,2.307781,6416,0.0094432845345412,0.4,1.1,33925.69133786622,0.0,4751489.5,0.016928848255368546,0.0094432845345412,0.4,1.1,33925.69133786622,0.0,21654
4,1025518.2,963894.0,1088945.5,3.5517244,2.9706354,4.2144623,25664,0.0102933256166094,0.4,-0.1,28401.307197000304,0.0,1025518.1875,0.008471003560381446,0.009353195487943777,0.47,-0.3,94330.29959169305,0.0,21654
5,205026.2,190943.11,219683.66,5.5410976,4.7242293,6.4539256,102656,0.0088940003402785,0.5,-0.8,58860.58407738096,50.0,205026.203125,0.004237135996393022,0.00782791472713229,0.5,-0.83,65386.59367425691,0.0,28872
6,36748.89,33675.242,39979.176,9.241623,7.692896,11.054368,410624,0.0104774533117278,0.5,-1.0,15797.1298828125,200.0,32536.359375,0.002118975219285392,0.009957202890698014,0.49,-1.0,15188.505842766494,150.0,19248
7,6361.043,5725.3706,7050.686,14.259533,11.564115,17.877516,1642496,0.019521986241644,0.5,-1.1,3617.2658284505214,200.0,4866.35595703125,0.0010595892481240078,0.017647726115404216,0.7,-1.15,8875.004855294135,300.0,6088
8,1161.0775,1021.4455,1315.0781,21.809298,16.949747,28.048672,6569984,0.0051011600519511,0.2,-0.7,0.1634593963623047,25.0,1161.0775146484375,0.0005298200128246353,0.004448365122884823,0.2,-0.72,0.18891756268318768,0.0,97443
9,246.13762,212.34569,283.34686,29.576992,22.2463,40.07196,26279936,0.0143076272100394,0.1,0.0,3.2276231903884805e-11,25.0,209.3943328857422,0.0002649163509945643,0.014071705589027705,0.11,-0.1,1.725853598918606e-09,75.0,9624
