layer,obs_var,var_lower,var_upper,obs_kurt,kurt_lower,kurt_upper,total_samples,kstest_stat_initial,initial_r,initial_eta,initial_scale,initial_exclude_cutoff,best_augmented_var,kstest_stat_cutoff_0.05
2,20139482.0,17840774.0,22610454.0,1.3474822,0.54739314,2.3117354,1604,0.01328485902873347,0.3,8.1,172.02714105004466,0.0,20139482.0,0.033804382765303224
3,4751489.5,4453670.0,5056027.5,1.8717437,1.474008,2.307781,6416,0.009443284534541296,0.4,1.1,33925.69133786622,0.0,4751489.5,0.016928848255368546
4,1025518.2,963894.0,1088945.5,3.5517244,2.9706354,4.2144623,25664,0.01029332561660945,0.4,-0.1,28401.307197000304,0.0,1025518.2,0.008471003560381446
5,205026.2,190943.11,219683.66,5.5410976,4.7242293,6.4539256,102656,0.00889400034027854,0.5,-0.8,58860.58407738096,50.0,197771.56,0.004237135996393022
6,36748.89,33675.242,39979.176,9.241623,7.692896,11.054368,410624,0.010477453311727822,0.5,-1.0,15797.1298828125,200.0,31594.26,0.002118975219285392
7,6361.043,5725.3706,7050.686,14.259533,11.564115,17.877516,1642496,0.01952198624164403,0.5,-1.1,3617.2658284505214,200.0,5208.863,0.0010595892481240078
8,1161.0775,1021.4455,1315.0781,21.809298,16.949747,28.048672,6569984,0.0051011600519511174,0.2,-0.7,0.1634593963623047,25.0,1098.4471,0.0005298200128246353
9,246.13762,212.34569,283.34686,29.576992,22.2463,40.07196,26279936,0.01430762721003942,0.1,0.0,3.2276231903884805e-11,25.0,229.71013,0.0002649163509945643
