layer,obs_var,var_lower,var_upper,obs_kurt,kurt_lower,kurt_upper,total_samples,kstest_stat_initial,initial_r,initial_eta,initial_scale,initial_exclude_cutoff,best_augmented_var,kstest_stat_cutoff_0.05
2,4959.2,4501.66,5433.337,0.11354208,-0.21055761,0.48309413,1604.0,0.015804725000758857,20.0,20.0,5065.444644164166,0.0,4959.2,0.033804382765303224
3,1249.2715,1178.4479,1321.5568,1.1665072,0.8688035,1.5462334,6416.0,0.004635198692820863,4.1,-0.6,2719.601284287853,0.0,1249.2715,0.016928848255368546
4,275.89917,259.89938,292.39215,3.1909962,2.5704339,3.9319873,25664.0,0.003926357369681832,1.2,-0.8,475.7790313425865,0.0,275.89917,0.008471003560381446
5,55.947193,51.955376,60.4428,6.5635557,4.458304,15.560853,102656.0,0.005435919695845337,0.9,-1.0,94.80015597623392,50.0,53.463818,0.004237135996393022
6,9.981964,9.148952,10.926109,9.866473,7.0121164,21.962605,410624.0,0.00785061957812927,0.5,-1.0,4.824704647064209,25.0,9.649409,0.0021189752192853914
7,1.7352297,1.5611906,1.9309093,14.819962,10.680965,27.631258,1642496.0,0.016140044612492577,0.5,-1.1,0.9912980927361384,200.0,1.4274693,0.0010595892481240078
8,0.32205138,0.28140253,0.37642917,29.10527,15.796762,96.12254,6569984.0,0.004265868065059769,0.2,-0.7,4.7924311920290904e-05,0.0,0.32205138,0.0005298200128246353
9,0.070038885,0.05956869,0.08547339,46.21003,21.442106,169.01591,26279936.0,0.014592181954994454,0.1,0.1,5.142335155539374e-15,50.0,0.060996715,0.0002649163509945643
