layer,total_samples,initial_r,initial_eta,kstest_stat_initial,initial_exclude_cutoff,best_r,best_eta,best_scale,kstest_stat_best,best_exclude_cutoff,n_pval_0.05
2,1604,0.3,8.1,0.0132848590287334,0.0,0.55,7.9,100000.0,0.01294865614530799,0.0,11556
3,6416,0.4,1.1,0.0094432845345412,0.0,0.4,1.1,33925.69133786622,0.0094432845345412,0.0,21654
4,25664,0.4,-0.1,0.0102933256166094,0.0,0.47,-0.3,94330.29959169305,0.009353195487943777,0.0,21654
5,102656,0.5,-0.8,0.0088940003402785,50.0,0.5,-0.83,65386.59367425691,0.00782791472713229,0.0,28872
6,410624,0.5,-1.0,0.0104774533117278,200.0,0.49,-1.0,15188.505842766494,0.009957202890698014,150.0,19248
7,1642496,0.5,-1.1,0.019521986241644,200.0,0.7,-1.15,8875.004855294135,0.017647726115404216,300.0,6088
8,6569984,0.2,-0.7,0.0051011600519511,25.0,0.2,-0.72,0.18891756268318768,0.004448365122884823,0.0,97443
9,26279936,0.1,0.0,0.0143076272100394,25.0,0.11,-0.1,1.725853598918606e-09,0.014071705589027705,75.0,9624
