layer,total_samples,initial_r,initial_eta,kstest_stat_initial,initial_exclude_cutoff,best_r,best_eta,best_scale,kstest_stat_best,best_exclude_cutoff,n_pval_0.05
2,1604.0,3.2,-0.9,0.0130545528625743,0.0,3.2,-0.9,15974.437215201922,0.0130545528625743,0.0,10273
3,6416.0,1.2,-1.1,0.015520580631289,0.0,1.5,-1.12,4542.707056891372,0.014330995723903617,0.0,9133
4,25664.0,8.4,-1.3,0.0322630922693264,0.0,8.4,-1.3,1853.0614352118987,0.0322630922693264,0.0,1804
5,102656.0,0.2,-1.0,0.0728199999999998,0.0,0.2,-1.04,0.04759018217735356,0.07281999999999977,100.0,337
6,410624.0,0.3,-1.3,0.1207199999999997,0.0,0.3,-1.3,2.307898005460867,0.1207199999999997,0.0,126
7,1642496.0,0.2,-0.3,0.1665099999999997,0.0,0.2,-0.3,6.00734676318193e-05,0.1665099999999997,0.0,67
8,6569984.0,0.3,-1.3,0.2045099999999998,0.0,0.3,-1.3,0.0811135151514523,0.2045099999999998,0.0,-1
9,26279936.0,0.3,-1.3,0.2411699999999997,0.0,0.3,-1.3,0.0243560743838085,0.2411699999999997,0.0,-1
