band,obs_var,var_lower,var_upper,obs_kurt,kurt_lower,kurt_upper,total_samples
2,236431730.0,219699650.0,254385660.0,6.1201754,4.4793596,8.86468,47614.0
5,98143970.0,89690344.0,107740780.0,10.624524,6.5598454,16.423,102030.0
8,28320434.0,25856682.0,31116386.0,10.694184,6.562628,22.191256,326496.0
11,6876102.5,6301162.5,7505876.5,9.706751,6.305944,16.889555,904666.0
14,1975496.8,1803219.6,2183956.0,11.606632,6.6025286,31.44463,2727602.0
17,485698.53,434465.53,606996.75,39.58366,7.2798166,243.68784,8298440.0
20,79569.28,68728.46,125103.484,156.66399,7.4384756,791.2451,25140192.0
23,19246.125,17450.877,24086.408,34.890354,5.1961956,215.3113,65734528.0
