layer,obs_var,var_lower,var_upper,obs_kurt,kurt_lower,kurt_upper,total_samples
2,8947.795,8423.27,9485.26,1.7861032,1.4689538,2.1105647,7072
3,2426.9932,2289.9526,2569.2441,2.9467788,2.4348543,3.534806,28288
4,662.26794,619.7718,706.4989,4.3735785,3.584346,5.3225865,113152
5,169.68248,157.8377,182.34773,5.9450254,4.6037955,10.143304,452608
6,40.75692,37.647247,44.07921,7.3103485,5.6090093,12.056628,1810432
7,9.277283,8.508139,10.167212,9.862153,6.6185045,24.898218,7241728
8,2.0576713,1.8742888,2.2958813,13.016489,7.3377395,43.76051,28966912
9,0.47608036,0.42943627,0.54961526,19.649048,8.255743,92.689224,115867648
10,0.11386799,0.10120189,0.1358097,29.511372,10.192913,143.4073,463470592
