layer,obs_var,var_lower,var_upper,obs_kurt,kurt_lower,kurt_upper,total_samples,kstest_stat_initial,initial_r,initial_eta,initial_scale,initial_exclude_cutoff,best_augmented_var,kstest_stat_cutoff_0.05
2,7790.2036,7240.751,8362.238,3.5864468,2.9839501,4.231508,7072,0.008495948569433254,2.7,-0.9,18491.648939049483,25.0,6783.377,0.01612577750721614
3,2234.2837,2080.9932,2395.051,5.3558235,4.455471,6.4124446,28288,0.007203603714934559,5.3,-1.1,7238.4356114802795,75.0,1943.1561,0.008068854211971187
4,638.87396,591.0691,689.0665,6.7616205,5.7092113,7.893443,113152,0.009239034090187226,5.6,-1.2,2671.0232651204346,150.0,577.36993,0.0040359092726554024
5,167.09065,153.89722,180.88266,8.065557,6.8798547,9.426676,452608,0.016338137826782895,2.1,-1.2,576.376881272291,500.0,127.37425,0.002018324026021024
6,40.694473,37.159416,44.400337,9.906796,8.442844,11.551066,1810432,0.036969999999999725,8.4,-1.3,257.5748445033607,0.0,40.694473,0.0010092542162957218
7,9.36135,8.50015,10.273288,11.739269,10.019879,13.679085,7241728,0.07296999999999976,8.4,-1.3,59.252475640188926,0.0,9.36135,0.0005046501409454036
8,2.115491,1.9083122,2.3354113,13.406422,11.301486,15.836908,28966912,0.11644999999999983,2.4,-1.4,25.687698912931925,0.0,2.115491,0.0002523308264179366
9,0.5217419,0.4693516,0.57723665,14.213186,11.762451,17.053818,115867648,0.16242999999999974,0.7,-1.0,0.6227262410881617,0.0,0.5217419,0.00012616685191353853
10,0.15781987,0.14258868,0.1742597,12.945014,10.431262,15.683745,463470592,0.21020999999999979,0.3,-1.3,0.035617785547361336,0.0,0.15781987,6.30837855989912e-05
