layer,obs_var,var_lower,var_upper,obs_kurt,kurt_lower,kurt_upper,total_samples,kstest_stat_initial,initial_r,initial_eta,initial_scale,initial_exclude_cutoff,best_augmented_var,kstest_stat_cutoff_0.05
2,8947.795,8423.27,9485.26,1.7861032,1.4689538,2.1105647,7072,0.010593492395898296,3.4,-0.4,15412.241475168094,25.0,8086.087,0.01612577750721614
3,2426.9932,2289.9526,2569.2441,2.9467788,2.4348543,3.534806,28288,0.005256886950388895,0.9,-0.6,2306.624894373599,0.0,2426.9932,0.008068854211971187
4,662.26794,619.7718,706.4989,4.3735785,3.584346,5.3225865,113152,0.004464182771599656,0.8,-0.8,658.0492914094214,50.0,639.8162,0.0040359092726554024
5,169.68248,157.8377,182.34773,5.9450254,4.6037955,10.143304,452608,0.004558673230634802,0.7,-0.9,158.25172728902174,25.0,165.55785,0.002018324026021024
6,40.75692,37.647247,44.07921,7.3103485,5.6090093,12.056628,1810432,0.0055478592194722065,0.4,-0.7,3.503943564644039,0.0,40.75692,0.0010092542162957218
7,9.277283,8.508139,10.167212,9.862153,6.6185045,24.898218,7241728,0.005659682871556659,0.4,-0.8,1.02912676794859,0.0,9.277283,0.0005046501409454036
8,2.0576713,1.8742888,2.2958813,13.016489,7.3377395,43.76051,28966912,0.00527019401014206,0.3,-0.6,0.019228677267131407,0.0,2.0576713,0.0002523308264179366
9,0.47608036,0.42943627,0.54961526,19.649048,8.255743,92.689224,115867648,0.006161219501265691,0.3,-0.6,0.004241885853572364,25.0,0.45392653,0.00012616685191353853
10,0.11386799,0.10120189,0.1358097,29.511372,10.192913,143.4073,463470592,0.009498083655396783,0.3,-0.5,0.000618566444144351,300.0,0.08661995,6.30837855989912e-05
