layer,obs_var,var_lower,var_upper,obs_kurt,kurt_lower,kurt_upper,total_samples,kstest_stat_initial,initial_r,initial_eta,initial_scale,initial_exclude_cutoff,best_augmented_var,kstest_stat_cutoff_0.05
2,7731.795,7003.013,8498.28,3.6752124,2.8778286,4.5770555,4000,0.019340200632248727,3.9,-0.9,17449.226530944434,25.0,6227.26,0.02143129655391987
3,2171.8284,2023.8219,2327.2812,5.422065,4.453827,6.5850816,16000,0.006780973438102356,2.7,-1.1,7277.783192973519,25.0,1975.3864,0.010726238002182146
4,631.4177,583.9287,680.3857,6.8568363,5.760458,8.061496,64000,0.00945822272890795,6.7,-1.2,2612.1243248874025,100.0,568.0376,0.0053657448373593646
5,167.3547,153.82925,181.46889,8.247364,7.0261936,9.638812,256000,0.016542549629366743,0.8,-1.2,358.53504194416115,350.0,135.60934,0.0026835261713661143
6,41.306942,37.73571,45.09278,9.972962,8.525195,11.562271,1024000,0.03743999999999981,1.1,-1.3,219.60522160731418,0.0,41.306942,0.001341926185121823
7,9.5000925,8.616517,10.435153,11.767166,10.08344,13.645998,4096000,0.07346999999999981,1.1,-1.3,50.50652069239875,0.0,9.5000925,0.0006710038250523961
8,2.1396968,1.9296218,2.362008,13.323641,11.275318,15.623882,16384000,0.11756999999999973,1.1,-1.3,11.375535814394288,0.0,2.1396968,0.0003355120903509215
9,0.52442455,0.47183806,0.58028525,14.296133,11.851704,17.148954,65536000,0.1640499999999998,1.1,-1.3,2.7880633284003133,0.0,0.52442455,0.00016775858896935606
10,0.15829888,0.14300992,0.17463891,13.106958,10.595962,15.865153,262144000,0.21200999999999975,0.2,-0.3,5.234751318182256e-06,0.0,0.15829888,8.387993035035688e-05
