layer,total_samples,initial_r,initial_eta,kstest_stat_initial,initial_exclude_cutoff,best_r,best_eta,best_scale,kstest_stat_best,best_exclude_cutoff,n_pval_0.05
2,7072,3.4,-0.4,0.0105934923958982,25.0,3.4,-0.4,15412.241475168094,0.0105934923958982,25.0,15912
3,28288,0.9,-0.6,0.0052568869503888,0.0,0.9,-0.61,2334.3441457453446,0.004762571898626611,0.0,80554
4,113152,0.8,-0.8,0.0044641827715996,50.0,0.75,-0.8,603.9187705343139,0.0033038142599538523,0.0,169728
5,452608,0.7,-0.9,0.0045586732306348,25.0,0.6,-0.85,101.09947362583026,0.004354537583411311,0.0,95472
6,1810432,0.4,-0.7,0.0055478592194722,0.0,0.5,-0.86,13.965501597053123,0.004138706271511583,0.0,113152
7,7241728,0.4,-0.8,0.0056596828715566,0.0,0.4,-0.79,1.0019369105355962,0.004945718144717837,0.0,76461
8,28966912,0.3,-0.6,0.005270194010142,0.0,0.3,-0.6,0.0192286772671314,0.005270194010142,0.0,63648
9,115867648,0.3,-0.6,0.0061612195012656,25.0,0.3,-0.64,0.0049876764800080835,0.004694819063427502,0.0,84864
10,463470592,0.3,-0.5,0.0094980836553967,300.0,0.26,-0.4,0.00012650488263841802,0.009451359877617138,200.0,21216
