layer,total_samples,initial_r,initial_eta,kstest_stat_initial,initial_exclude_cutoff,best_r,best_eta,best_scale,kstest_stat_best,best_exclude_cutoff,n_pval_0.05
2,7072,2.7,-0.9,0.0084959485694332,25.0,2.7,-0.9,18491.648939049483,0.0084959485694332,25.0,26851
3,28288,5.3,-1.1,0.0072036037149345,75.0,5.3,-1.1,7238.435611480279,0.0072036037149345,75.0,35802
4,113152,5.6,-1.2,0.0092390340901872,150.0,5.6,-1.2,2671.023265120434,0.0092390340901872,150.0,21216
5,452608,2.1,-1.2,0.0163381378267828,500.0,1.7,-1.24,603.4432079281702,0.015989999999999893,600.0,7072
6,1810432,8.4,-1.3,0.0369699999999997,0.0,8.4,-1.3,257.5748445033607,0.0369699999999997,0.0,1326
7,7241728,8.4,-1.3,0.0729699999999997,0.0,8.4,-1.3,59.252475640188926,0.0729699999999997,0.0,331
8,28966912,2.4,-1.4,0.1164499999999998,0.0,2.4,-1.4,25.687698912931925,0.1164499999999998,0.0,138
9,115867648,0.7,-1.0,0.1624299999999997,0.0,0.7,-1.0,0.6227262410881617,0.1624299999999997,0.0,67
10,463470592,0.3,-1.3,0.2102099999999997,0.0,0.3,-1.3,0.0356177855473613,0.2102099999999997,0.0,-1
