layer,obs_var,var_lower,var_upper,obs_kurt,kurt_lower,kurt_upper,total_samples
2,5961.2866,5451.368,6480.8755,-0.21616197,-0.416669,-0.000942437,1604
3,1395.3053,1316.4747,1475.4133,1.1246772,0.86038804,1.4120353,6416
4,303.52496,286.1118,321.35355,3.0588317,2.5780659,3.607385,25664
5,56.94941,52.949753,61.349445,6.1560144,4.5728645,12.388952,102656
6,10.206708,9.360462,11.113865,9.196087,7.2687416,14.028964,410624
7,1.8130561,1.6291888,2.025285,15.560154,10.84943,32.48941,1642496
8,0.34284762,0.30100295,0.39607334,25.704681,15.145402,79.468124,6569984
9,0.074812025,0.06399719,0.09049587,42.37573,19.983353,147.34677,26279936
