layer,obs_var,var_lower,var_upper,obs_kurt,kurt_lower,kurt_upper,total_samples
2,24365186.0,21908090.0,26923102.0,0.5419905,0.1238152,1.0140958,1604
3,5465157.0,5114688.5,5825972.0,2.089871,1.6585752,2.5394025,6416
4,1159475.1,1087606.5,1233323.8,3.8932729,3.292641,4.5726514,25664
5,216027.23,200727.61,231961.4,6.00692,5.1614795,6.92756,102656
6,38536.945,35254.0,41972.152,9.600989,8.144252,11.247905,410624
7,6725.0586,6051.5205,7454.0503,14.223818,11.752707,17.135258,1642496
8,1247.3678,1100.4884,1408.489,20.637285,16.28976,26.222551,6569984
9,265.2155,229.84688,304.001,27.692387,21.159983,36.833717,26279936
