layer,obs_var,var_lower,var_upper,obs_kurt,kurt_lower,kurt_upper,total_samples,kstest_stat_initial,initial_r,initial_eta,initial_scale,initial_exclude_cutoff,best_augmented_var,kstest_stat_cutoff_0.05
2,5961.2866,5451.368,6480.8755,-0.21616197,-0.416669,-0.000942437,1604,0.08839529743172037,20.0,20.0,6088.999475296242,0.0,5961.2866,0.033804382765303224
3,1395.3053,1316.4747,1475.4133,1.1246772,0.86038804,1.4120353,6416,0.0654235681852589,5.0,-0.5,2334.373191960314,75.0,1127.8999,0.016928848255368546
4,303.52496,286.1118,321.35355,3.0588317,2.5780659,3.607385,25664,0.0440300047452683,1.2,-0.9,602.4595001530204,0.0,303.52496,0.008471003560381446
5,56.94941,52.949753,61.349445,6.1560144,4.5728645,12.388952,102656,0.030237652651293634,0.6,-0.9,33.837861693610556,200.0,50.911617,0.004237135996393022
6,10.206708,9.360462,11.113865,9.196087,7.2687416,14.028964,410624,0.026643026326812758,0.5,-1.0,4.416304588317871,200.0,8.832609,0.002118975219285392
7,1.8130561,1.6291888,2.025285,15.560154,10.84943,32.48941,1642496,0.02666539865346923,0.5,-1.1,1.116386221514808,100.0,1.6075962,0.0010595892481240078
8,0.34284762,0.30100295,0.39607334,25.704681,15.145402,79.468124,6569984,0.011907124103199052,0.3,-0.9,0.006110773192741944,300.0,0.24521895,0.0005298200128246353
9,0.074812025,0.06399719,0.09049587,42.37573,19.983353,147.34677,26279936,0.008998585829859906,0.2,-0.7,8.538141403169859e-06,150.0,0.05737631,0.0002649163509945643
