layer,obs_var,var_lower,var_upper,obs_kurt,kurt_lower,kurt_upper,total_samples,kstest_stat_initial,initial_r,initial_eta,initial_scale,initial_exclude_cutoff,best_augmented_var,kstest_stat_cutoff_0.05,kstest_stat_best,best_r,best_eta,best_scale,best_exclude_cutoff,n_pval_0.05
2,24365186.0,21908090.0,26923102.0,0.5419905,0.1238152,1.0140958,1604,0.0890093859019605,0.4,4.4,25818.456164940853,0.0,24365186.0,0.033804382765303224,0.08898319464213827,0.41,4.3,33787.78005757588,0.0,225
3,5465157.0,5114688.5,5825972.0,2.089871,1.6585752,2.5394025,6416,0.0654150211714175,0.4,0.2,99951.90941718331,0.0,5465157.0,0.016928848255368546,0.06539595611991389,0.38,0.3,61326.8094185513,0.0,450
4,1159475.1,1087606.5,1233323.8,3.8932729,3.292641,4.5726514,25664,0.0443998764964114,0.4,-0.5,58639.6624175703,50.0,1159475.125,0.008471003560381446,0.04428961635104656,0.41,-0.6,90718.36429102324,0.0,901
5,216027.23,200727.61,231961.4,6.00692,5.1614795,6.92756,102656,0.0306465905198637,0.5,-0.9,80189.65435606061,25.0,202267.328125,0.004237135996393022,0.030635845111609827,0.51,-0.9,82097.86024942102,100.0,2029
6,38536.945,35254.0,41972.152,9.600989,8.144252,11.247905,410624,0.0284439745849124,0.5,-1.0,16071.6123046875,250.0,30507.181640625,0.002118975219285392,0.0282043471096598,0.5,-0.99,14806.436439829644,350.0,2406
7,6725.0586,6051.5205,7454.0503,14.223818,11.752707,17.135258,1642496,0.0291464182076243,0.5,-1.1,3828.0463324652783,200.0,5230.53173828125,0.0010595892481240078,0.026983230474730557,0.7,-1.15,9539.169551693785,275.0,2406
8,1247.3678,1100.4884,1408.489,20.637285,16.28976,26.222551,6569984,0.0130243213981203,0.4,-1.0,157.97490723871874,500.0,810.1091918945312,0.0005298200128246353,0.011824045642697623,0.38,-1.0,129.07844607840502,425.0,12832
9,265.2155,229.84688,304.001,27.692387,21.159983,36.833717,26279936,0.0104956774925279,0.2,-0.7,0.0288995856330508,200.0,199.70216369628906,0.0002649163509945643,0.008756213694212978,0.2,-0.72,0.03249330518598952,175.0,24360
