layer,obs_var,var_lower,var_upper,obs_kurt,kurt_lower,kurt_upper,total_samples,kstest_stat_initial,initial_r,initial_eta,initial_scale,initial_exclude_cutoff,best_augmented_var,kstest_stat_cutoff_0.05
2,4960.0605,4438.326,5507.744,0.79639745,0.34387663,1.3604878,1604,0.08655351390962496,20.0,-0.6,10719.059428619621,0.0,4960.0605,0.033804382765303224
3,1155.3766,1079.4088,1233.8789,2.312551,1.8336959,2.8687797,6416,0.06219647438950626,1.3,-1.0,2863.516067552907,0.0,1155.3766,0.016928848255368546
4,257.6842,241.10733,274.6613,4.344342,3.768512,4.9660463,25664,0.06338386427080228,2.2,-1.2,693.7033276333016,500.0,152.37642,0.008471003560381446
5,48.98825,45.344227,52.79227,6.8478365,5.980144,7.775355,102656,0.08508999999999983,0.9,-1.3,225.28417154095726,0.0,48.98825,0.004237135996393022
6,9.1129465,8.28588,9.973906,11.082257,9.552177,12.782046,410624,0.11697999999999975,0.3,-1.3,2.056667391775113,0.0,9.1129465,0.0021189752192853914
7,1.6576499,1.4826708,1.8464237,15.98064,13.392615,18.882812,1642496,0.14933999999999975,0.3,-1.3,0.3741089054336426,0.0,1.6576499,0.0010595892481240078
8,0.36143407,0.32003,0.40673256,19.3498,15.584743,23.532715,6569984,0.17893999999999977,0.3,-1.3,0.08157072686031784,0.0,0.36143407,0.0005298200128246353
9,0.11543549,0.1035493,0.1283032,15.442711,11.818598,19.337395,26279936,0.20934999999999976,0.3,-1.3,0.026052210975693667,0.0,0.11543549,0.0002649163509945643
