layer,obs_var,var_lower,var_upper,obs_kurt,kurt_lower,kurt_upper,total_samples,kstest_stat_initial,initial_r,initial_eta,initial_scale,initial_exclude_cutoff,best_augmented_var,kstest_stat_cutoff_0.05,kstest_stat_best,best_r,best_eta,best_scale,best_exclude_cutoff,n_pval_0.05
2,4960.0605,4438.326,5507.744,0.79639745,0.34387663,1.3604878,1604,0.0865535139096249,20.0,-0.6,10719.05942861962,0.0,4960.0605,0.033804382765303224,0.0865535139096249,20.0,-0.6,10719.05942861962,0.0,252
3,1155.3766,1079.4088,1233.8789,2.312551,1.8336959,2.8687797,6416,0.0621964743895062,1.3,-1.0,2863.516067552907,0.0,1155.3765869140625,0.016928848255368546,0.061157510634192114,1.7,-1.03,3427.933771611801,0.0,505
4,257.6842,241.10733,274.6613,4.344342,3.768512,4.9660463,25664,0.0633838642708022,2.2,-1.2,693.7033276333016,500.0,161.5185546875,0.008471003560381446,0.06337824616956761,1.76,-1.2,707.5768752715885,425.0,450
5,48.98825,45.344227,52.79227,6.8478365,5.980144,7.775355,102656,0.0850899999999998,0.9,-1.3,225.2841715409573,0.0,45.766334533691406,0.004237135996393022,0.08508999999999978,0.8,-1.26,154.03084991096915,100.0,252
6,9.1129465,8.28588,9.973906,11.082257,9.552177,12.782046,410624,0.1169799999999997,0.3,-1.3,2.056667391775113,0.0,9.1129465,0.0021189752192853914,0.1169799999999997,0.3,-1.3,2.056667391775113,0.0,126
7,1.6576499,1.4826708,1.8464237,15.98064,13.392615,18.882812,1642496,0.1493399999999997,0.3,-1.3,0.3741089054336426,0.0,1.6576499,0.0010595892481240078,0.1493399999999997,0.3,-1.3,0.3741089054336426,0.0,84
8,0.36143407,0.32003,0.40673256,19.3498,15.584743,23.532715,6569984,0.1789399999999997,0.3,-1.3,0.0815707268603178,0.0,0.36143407,0.0005298200128246353,0.1789399999999997,0.3,-1.3,0.0815707268603178,0.0,55
9,0.11543549,0.1035493,0.1283032,15.442711,11.818598,19.337395,26279936,0.2093499999999997,0.3,-1.3,0.0260522109756936,0.0,0.11543549,0.0002649163509945643,0.2093499999999997,0.3,-1.3,0.0260522109756936,0.0,40
