layer,total_samples,initial_r,initial_eta,kstest_stat_initial,initial_exclude_cutoff,best_r,best_eta,best_scale,kstest_stat_best,best_exclude_cutoff,n_pval_0.05
2,1604,0.4,4.4,0.0890093859019605,0.0,0.41,4.3,33787.78005757588,0.08898319464213827,0.0,225
3,6416,0.4,0.2,0.0654150211714175,0.0,0.38,0.3,61326.8094185513,0.06539595611991389,0.0,450
4,25664,0.4,-0.5,0.0443998764964114,50.0,0.41,-0.6,90718.36429102324,0.04428961635104656,0.0,901
5,102656,0.5,-0.9,0.0306465905198637,25.0,0.51,-0.9,82097.86024942102,0.030635845111609827,100.0,2029
6,410624,0.5,-1.0,0.0284439745849124,250.0,0.5,-0.99,14806.436439829644,0.0282043471096598,350.0,2406
7,1642496,0.5,-1.1,0.0291464182076243,200.0,0.7,-1.15,9539.169551693785,0.026983230474730557,275.0,2406
8,6569984,0.4,-1.0,0.0130243213981203,500.0,0.38,-1.0,129.07844607840502,0.011824045642697623,425.0,12832
9,26279936,0.2,-0.7,0.0104956774925279,200.0,0.2,-0.72,0.03249330518598952,0.008756213694212978,175.0,24360
