layer,total_samples,initial_r,initial_eta,kstest_stat_initial,initial_exclude_cutoff,best_r,best_eta,best_scale,kstest_stat_best,best_exclude_cutoff,n_pval_0.05
2,1604,20.0,20.0,0.0883952974317203,0.0,20.0,20.0,6088.999475296242,0.0883952974317203,0.0,225
3,6416,5.0,-0.5,0.0654235681852589,75.0,5.0,-0.5,2334.373191960314,0.0654235681852589,75.0,450
4,25664,1.2,-0.9,0.0440300047452683,0.0,1.2,-0.9,602.4595001530204,0.0440300047452683,0.0,901
5,102656,0.6,-0.9,0.0302376526512936,200.0,0.7,-0.94,53.517157280366916,0.030139104075768974,175.0,2029
6,410624,0.5,-1.0,0.0266430263268127,200.0,0.6,-1.03,7.733346495507775,0.02641217122471662,300.0,2706
7,1642496,0.5,-1.1,0.0266653986534692,100.0,0.7,-1.15,2.7643850408168547,0.024536471433437956,175.0,3208
8,6569984,0.3,-0.9,0.011907124103199,300.0,0.3,-0.91,0.006738253690108359,0.011616947158880508,225.0,14436
9,26279936,0.2,-0.7,0.0089985858298599,150.0,0.2,-0.7,8.794873775470824e-06,0.008730190208784516,125.0,24360
