band,obs_var,var_lower,var_upper,obs_kurt,kurt_lower,kurt_upper,total_samples
2,35.93035,30.706068,46.672894,65.41619,13.719309,295.32263,6119361.0
3,24.80002,19.868608,36.96691,162.3033,23.848286,629.8865,7252576.0
4,22.749765,17.699577,34.964066,197.49574,34.756207,726.18604,8839077.0
5,12.425893,9.770795,17.02929,119.05834,39.76542,404.6953,10425578.0
6,11.137615,8.458925,17.432486,220.1776,43.897568,770.97736,12465365.0
7,4.457747,3.3105261,7.184396,260.92682,46.247795,878.4081,14958438.0
8,0.9892978,0.73634744,1.6202347,274.10986,43.866005,922.87164,17904797.0
9,0.28713587,0.20304245,0.5487104,512.6027,57.122345,1514.2034,28783661.0
