band,total_samples,initial_r,initial_eta,kstest_stat_initial,initial_exclude_cutoff,best_r,best_eta,best_scale,kstest_stat_best,best_exclude_cutoff,n_pval_0.05
12,190080.0,0.2,7.0,0.0037732435466997,200.0,0.2,7.3,36495.94303525458,0.003732314395668044,225.0,135319
13,264960.0,0.1,0.4,0.0266234148011594,500.0,0.09,0.7,0.006294666719305328,0.023365388153003985,600.0,3492
15,527040.0,0.8,-0.7,0.0015477150998868,25.0,0.7,-0.64,331760019318141.5,0.0009551492946713314,0.0,2001105
16,740160.0,0.7,-0.2,0.0011923766430014,50.0,0.48,0.2,28122195111117.176,0.000678262052005385,0.0,4215442
