layer,obs_var,var_lower,var_upper,obs_kurt,kurt_lower,kurt_upper,total_samples
2,13502075.0,11987898.0,15172384.0,3.100391,1.8299354,5.1344,2446.0
3,3447639.2,3229932.5,3675683.0,4.1678433,3.5386453,4.870342,9784.0
4,758014.94,704789.5,813991.75,5.7562923,4.913027,6.670988,39136.0
5,164981.94,151889.77,178637.2,8.015415,6.8690844,9.292083,156544.0
6,33715.67,30681.133,36920.094,10.94233,9.218015,13.001374,626176.0
7,6779.082,6095.314,7509.089,14.3074,11.770871,17.419378,2504704.0
8,1519.4929,1354.1931,1696.0492,17.094757,13.822737,21.362839,10018816.0
9,410.26575,365.09473,459.01,18.097282,14.613295,22.422264,40075264.0
