layer,obs_var,var_lower,var_upper,obs_kurt,kurt_lower,kurt_upper,total_samples
2,3211.4238,2928.3223,3511.4233,1.0598788,0.62130105,1.5690969,2446.0
3,857.0314,810.16986,906.2433,2.617209,2.2111886,3.058348,9784.0
4,197.2127,184.25183,210.78947,4.790658,4.023893,5.67148,39136.0
5,43.87797,40.37514,47.718258,8.546988,6.123334,15.112149,156544.0
6,9.091447,8.256768,10.093617,12.850716,8.426986,34.071804,626176.0
7,1.8677659,1.6645408,2.1766253,23.932655,10.824783,104.95468,2504704.0
8,0.43242708,0.37777144,0.54381543,46.787807,12.730021,237.70323,10018816.0
9,0.11995748,0.10395697,0.16033457,68.99418,13.447647,371.6875,40075264.0
