layer,obs_var,var_lower,var_upper,obs_kurt,kurt_lower,kurt_upper,total_samples
2,3123.4316,2741.7898,3530.8418,2.869104,1.829535,4.0076365,2006.0
3,894.99677,828.5767,964.32965,4.982239,4.2953887,5.704269,8024.0
4,194.38014,179.79698,209.50452,6.9725485,6.006501,7.9937787,32096.0
5,43.71259,39.96047,47.598522,9.601091,8.292334,11.081115,128384.0
6,9.350029,8.443188,10.310682,13.153883,11.286221,15.224113,513536.0
7,1.9531294,1.7427481,2.1783388,16.991434,14.270566,20.103691,2054144.0
8,0.4812908,0.42680037,0.53953123,18.612898,15.323409,22.28744,8216576.0
9,0.16861928,0.15112779,0.18736915,15.445177,12.559903,18.473745,32866304.0
