layer,obs_var,var_lower,var_upper,obs_kurt,kurt_lower,kurt_upper,total_samples,kstest_stat_initial,initial_r,initial_eta,initial_scale,initial_exclude_cutoff,best_augmented_var,kstest_stat_cutoff_0.05,kstest_stat_best,best_r,best_eta,best_scale,best_exclude_cutoff,n_pval_0.05
2,13502075.0,11987898.0,15172384.0,3.100391,1.8299354,5.1344,2446.0,0.0097337254896229,0.3,1.5,4387.721842793867,0.0,13502075.0,0.027391058317828124,0.009516589581149815,0.33,1.2,16428.660876178936,0.0,20892
3,3447639.2,3229932.5,3675683.0,4.1678433,3.5386453,4.870342,9784.0,0.0139192414544362,0.3,0.1,6957.861199711593,0.0,3447639.25,0.01371292533206765,0.01230592737055125,0.36,-0.2,54961.008854597894,0.0,12382
4,758014.94,704789.5,813991.75,5.7562923,4.913027,6.670988,39136.0,0.0145616849823302,0.4,-0.7,62291.97310984499,25.0,758014.9375,0.006860766614414416,0.013237738525810339,0.4,-0.73,70144.82743068141,0.0,11007
5,164981.94,151889.77,178637.2,8.015415,6.8690844,9.292083,156544.0,0.0095901352705394,0.5,-1.0,77512.921875,75.0,164981.9375,0.0034314536386640306,0.00743207511874476,0.5,-1.03,90470.46364334284,0.0,33021
6,33715.67,30681.133,36920.094,10.94233,9.218015,13.001374,626176.0,0.0103107711020515,0.4,-1.0,6047.443487560791,150.0,30600.982421875,0.0017159936940756553,0.010043309216681617,0.39,-1.0,5552.003390825953,100.0,18573
7,6779.082,6095.314,7509.089,14.3074,11.770871,17.419378,2504704.0,0.0167440019775665,1.0,-1.2,16748.598632812496,350.0,5103.4287109375,0.0008580634771374716,0.015935761463948372,0.9,-1.19,14918.650747403562,325.0,7338
8,1519.4929,1354.1931,1696.0492,17.094757,13.822737,21.362839,10018816.0,0.0061120929324864,0.5,-1.1,808.8692559136286,250.0,1238.1015625,0.000429048385014687,0.004961185960365749,0.47,-1.1,701.6381497721995,175.0,78272
9,410.26575,365.09473,459.01,18.097282,14.613295,22.422264,40075264.0,0.0169867397396983,0.3,-1.0,15.431894667780124,0.0,410.2657470703125,0.0002145283527339156,0.015795069827214236,0.24,-0.9,1.4018865419860427,0.0,7338
