layer,obs_var,var_lower,var_upper,obs_kurt,kurt_lower,kurt_upper,total_samples,kstest_stat_initial,initial_r,initial_eta,initial_scale,initial_exclude_cutoff,best_augmented_var,kstest_stat_cutoff_0.05,kstest_stat_best,best_r,best_eta,best_scale,best_exclude_cutoff,n_pval_0.05
2,3211.4238,2928.3223,3511.4233,1.0598788,0.62130105,1.5690969,2446.0,0.0074548813956695,2.0,-0.2,4766.3117870296655,0.0,3211.423828125,0.027391058317828124,0.007382063643244119,2.0,-0.19,4742.268583348844,0.0,35254
3,857.0314,810.16986,906.2433,2.617209,2.2111886,3.058348,9784.0,0.0091451130520978,0.9,-0.7,923.6731315212988,0.0,857.0313720703125,0.01371292533206765,0.008694562955397,0.91,-0.7,939.3352518409797,0.0,24765
4,197.2127,184.25183,210.78947,4.790658,4.023893,5.67148,39136.0,0.0070888110072941,1.0,-1.0,366.9893493652344,50.0,197.21270751953125,0.006860766614414416,0.006193324060918326,0.8,-0.97,277.9471141280286,0.0,49531
5,43.87797,40.37514,47.718258,8.546988,6.123334,15.112149,156544.0,0.008149157691144,0.5,-1.0,21.93898582458496,0.0,43.87797164916992,0.0034314536386640306,0.006432972259756371,0.53,-1.0,26.430630582425245,0.0,44028
6,9.091447,8.256768,10.093617,12.850716,8.426986,34.071804,626176.0,0.0082915727292607,0.4,-1.0,1.7907079436416622,25.0,8.366495132446289,0.0017159936940756553,0.0073963451445603345,0.5,-1.06,5.057117464002835,75.0,33021
7,1.8677659,1.6645408,2.1766253,23.932655,10.824783,104.95468,2504704.0,0.0125886465537755,1.3,-1.2,5.032634580653336,500.0,1.2138726711273193,0.0008580634771374716,0.012252334748314886,1.44,-1.2,5.00484380012384,600.0,12382
8,0.43242708,0.37777144,0.54381543,46.787807,12.730021,237.70323,10018816.0,0.0044197604967454,0.5,-1.1,0.2454609920581182,150.0,0.3899902105331421,0.000429048385014687,0.0037727112633585413,0.4,-1.05,0.09603223106854789,50.0,132084
9,0.11995748,0.10395697,0.16033457,68.99418,13.447647,371.6875,40075264.0,0.0181027639291121,0.3,-1.0,0.0045121269826879,0.0,0.11995747685432434,0.0002145283527339156,0.015746008537996792,0.25,-0.9,0.0006187151171350157,0.0,7338
