layer,obs_var,var_lower,var_upper,obs_kurt,kurt_lower,kurt_upper,total_samples,kstest_stat_initial,initial_r,initial_eta,initial_scale,initial_exclude_cutoff,best_augmented_var,kstest_stat_cutoff_0.05
2,13502075.0,11987898.0,15172384.0,3.100391,1.8299354,5.1344,2446.0,0.00973372548962298,0.3,1.5,4387.721842793867,0.0,13502075.0,0.027391058317828124
3,3447639.2,3229932.5,3675683.0,4.1678433,3.5386453,4.870342,9784.0,0.013919241454436238,0.3,0.1,6957.861199711593,0.0,3447639.2,0.01371292533206765
4,758014.94,704789.5,813991.75,5.7562923,4.913027,6.670988,39136.0,0.014561684982330236,0.4,-0.7,62291.97310984499,25.0,724563.3,0.006860766614414416
5,164981.94,151889.77,178637.2,8.015415,6.8690844,9.292083,156544.0,0.009590135270539424,0.5,-1.0,77512.921875,75.0,155025.84,0.0034314536386640306
6,33715.67,30681.133,36920.094,10.94233,9.218015,13.001374,626176.0,0.010310771102051544,0.4,-1.0,6047.443487560791,150.0,29509.818,0.0017159936940756553
7,6779.082,6095.314,7509.089,14.3074,11.770871,17.419378,2504704.0,0.016744001977566536,1.0,-1.2,16748.598632812496,350.0,5024.5796,0.0008580634771374716
8,1519.4929,1354.1931,1696.0492,17.094757,13.822737,21.362839,10018816.0,0.00611209293248649,0.5,-1.1,808.8692559136286,250.0,1164.7717,0.000429048385014687
9,410.26575,365.09473,459.01,18.097282,14.613295,22.422264,40075264.0,0.01698673973969833,0.3,-1.0,15.431894667780123,0.0,410.26575,0.0002145283527339156
