layer,total_samples,initial_r,initial_eta,kstest_stat_initial,initial_exclude_cutoff,best_r,best_eta,best_scale,kstest_stat_best,best_exclude_cutoff,n_pval_0.05
2,2446.0,0.3,1.5,0.0097337254896229,0.0,0.33,1.2,16428.660876178936,0.009516589581149815,0.0,20892
3,9784.0,0.3,0.1,0.0139192414544362,0.0,0.36,-0.2,54961.008854597894,0.01230592737055125,0.0,12382
4,39136.0,0.4,-0.7,0.0145616849823302,25.0,0.4,-0.73,70144.82743068141,0.013237738525810339,0.0,11007
5,156544.0,0.5,-1.0,0.0095901352705394,75.0,0.5,-1.03,90470.46364334284,0.00743207511874476,0.0,33021
6,626176.0,0.4,-1.0,0.0103107711020515,150.0,0.39,-1.0,5552.003390825953,0.010043309216681617,100.0,18573
7,2504704.0,1.0,-1.2,0.0167440019775665,350.0,0.9,-1.19,14918.650747403562,0.015935761463948372,325.0,7338
8,10018816.0,0.5,-1.1,0.0061120929324864,250.0,0.47,-1.1,701.6381497721995,0.004961185960365749,175.0,78272
9,40075264.0,0.3,-1.0,0.0169867397396983,0.0,0.24,-0.9,1.4018865419860427,0.015795069827214236,0.0,7338
