layer,total_samples,initial_r,initial_eta,kstest_stat_initial,initial_exclude_cutoff,best_r,best_eta,best_scale,kstest_stat_best,best_exclude_cutoff,n_pval_0.05
2,2006.0,1.1,-0.6,0.0162580708490656,0.0,0.95,-0.5,2894.3884813629475,0.015827983067499968,0.0,7614
3,8024.0,0.9,-1.0,0.0062497210180568,0.0,1.0,-1.03,1904.248436461104,0.005699615677033698,0.0,57834
4,32096.0,1.1,-1.2,0.0181331006979063,100.0,1.21,-1.2,565.1662748555583,0.01813310069790619,175.0,5710
5,128384.0,1.1,-1.3,0.0434799999999997,0.0,1.1,-1.3,232.394662755858,0.0434799999999997,0.0,1003
6,513536.0,1.4,-1.2,0.0794999999999997,0.0,1.4,-1.2,38.12500777901919,0.0794999999999997,0.0,280
7,2054144.0,0.3,-1.3,0.1218499999999997,0.0,0.3,-1.3,0.4407945955182295,0.1218499999999997,0.0,125
8,8216576.0,1.1,-1.3,0.1639899999999997,0.0,1.1,-1.3,2.558745938466531,0.1639899999999997,0.0,69
9,32866304.0,0.2,-0.3,0.2085899999999997,0.0,0.2,-0.3,5.576034229268465e-06,0.2085899999999997,0.0,-1
