band,obs_var,var_lower,var_upper,obs_kurt,kurt_lower,kurt_upper,total_samples
12,3403381318977.415,3164827545288.258,3870163830469.8413,13.718900824393756,0.9981188784620976,66.39052112547564,226080.0
13,3265958299363.739,2842997809776.175,3987154405034.3965,41.76211625380025,9.454257259220807,164.02412593171076,224640.0
15,404787626604817.44,362006088801904.56,451556551998814.4,16.430255998529184,11.72195222690465,22.60047713476879,113760.0
16,559770416576220.4,516081066842118.8,608564383897583.5,8.16083213995532,5.510170599580404,14.880614205820004,901440.0
