band,obs_var,var_lower,var_upper,obs_kurt,kurt_lower,kurt_upper,total_samples,kstest_stat_initial,initial_r,initial_eta,initial_scale,initial_exclude_cutoff,best_augmented_var,kstest_stat_cutoff_0.05,kstest_stat_best,best_r,best_eta,best_scale,best_exclude_cutoff,n_pval_0.05,param_gaussian,kstest_stat_gaussian,kstest_pval_gaussian,param_laplace,kstest_stat_laplace,kstest_pval_laplace,param_t,kstest_stat_t,kstest_pval_t,kstest_pval_gengamma
12,3403381318977.415,3164827545288.258,3870163830469.841,13.718900824393756,0.9981188784620976,66.39052112547564,226080.0,0.0009674291548295,0.2,14.0,1023.6223979170952,25.0,3248117692798.1494,0.0028555381762752,0.0009674291548295,0.2,14.0,1023.6223979170952,25.0,1931394,1000000.0,0.118576,0.0,1000000.0,0.0861762,0.0,1000000.0,0.0582151,0.0,0.9838682
13,3265958299363.739,2842997809776.175,3987154405034.397,41.76211625380025,9.454257259220809,164.02412593171076,224640.0,0.0033229087382685,0.1,12.0,8.940786681203424e-10,200.0,2489985890066.272,0.0028646735481884,0.0033229087382685,0.1,12.0,8.940786681203424e-10,200.0,168480,1000000.0,0.0662539,0.0,1000000.0,0.0408792,0.0,978030.0,0.0143206,1.90549e-40,0.013983175
15,404787626604817.44,362006088801904.56,451556551998814.4,16.430255998529184,11.72195222690465,22.60047713476879,113760.0,0.0209690141651698,0.1,0.4,8.5001663814969,0.0,370983510352411.9,0.0040251136404998,0.0205015771628927,0.13,0.0,385096.1332645477,50.0,4498,1000000.0,0.290851,0.0,1000000.0,0.250001,0.0,1000000.0,0.226227,0.0,5.750641299999999e-42
16,559770416576220.4,516081066842118.8,608564383897583.5,8.16083213995532,5.510170599580404,14.880614205820004,901440.0,0.0186075799031261,0.1,2.5,0.018771118497824,0.0,559770416576220.4,0.0014302327594031,0.0181619484234686,0.11,2.1,3.3568647686429087,0.0,5637,1000000.0,0.380943,0.0,1000000.0,0.34534,0.0,1000000.0,0.322152,0.0,1.0131717999999997e-258
