band,obs_var,var_lower,var_upper,obs_kurt,kurt_lower,kurt_upper,total_samples,kstest_stat_initial,initial_r,initial_eta,initial_scale,initial_exclude_cutoff,best_augmented_var,kstest_stat_cutoff_0.05,kstest_stat_best,best_r,best_eta,best_scale,best_exclude_cutoff,n_pval_0.05
12,3403381318977.415,3164827545288.258,3870163830469.841,13.718900824393756,0.9981188784620976,66.39052112547564,226080.0,0.000742140664637,0.3,8.9,21436289.656422306,25.0,3248117692798.1494,0.002855538176275251,0.0006798055934503777,0.29,9.3,11125696.510180708,25.0,3862788
13,3265958299363.739,2842997809776.175,3987154405034.397,41.76211625380025,9.454257259220809,164.02412593171076,224640.0,0.0033229087382685,0.1,12.0,8.940786681203425e-10,200.0,2489985890066.272,0.002864673548188499,0.0033229087382685,0.1,12.0,8.940786681203425e-10,200.0,168480
15,404787626604817.44,362006088801904.56,451556551998814.4,16.430255998529184,11.72195222690465,22.60047713476879,113760.0,0.0136941457483674,0.3,-0.9,8976557950046.896,75.0,404787626604817.44,0.00402511364049989,0.010772084368385629,0.3,-0.94,11813587759198.592,0.0,15997
16,559770416576220.4,516081066842118.8,608564383897583.5,8.16083213995532,5.510170599580404,14.880614205820004,901440.0,0.0025478709819134,1.1,-1.0,1157389067578584.5,50.0,559770416576220.4,0.0014302327594031751,0.002252537638723018,0.9,-0.98,952403614625655.6,0.0,380295
