band,total_samples,initial_r,initial_eta,kstest_stat_initial,initial_exclude_cutoff,best_r,best_eta,best_scale,kstest_stat_best,best_exclude_cutoff,n_pval_0.05
12,226080.0,0.3,8.9,0.000742140664637,25.0,0.29,9.3,11125696.510180708,0.0006798055934503777,25.0,3862788
13,224640.0,0.1,12.0,0.0033229087382685,200.0,0.1,12.0,8.940786681203425e-10,0.0033229087382685,200.0,168480
15,113760.0,0.3,-0.9,0.0136941457483674,75.0,0.3,-0.94,11813587759198.592,0.010772084368385629,0.0,15997
16,901440.0,1.1,-1.0,0.0025478709819134,50.0,0.9,-0.98,952403614625655.6,0.002252537638723018,0.0,380295
