band,total_samples,initial_r,initial_eta,kstest_stat_initial,initial_exclude_cutoff,best_r,best_eta,best_scale,kstest_stat_best,best_exclude_cutoff,n_pval_0.05
12,226080.0,0.2,14.0,0.0009674291548295,25.0,0.2,14.0,1023.6223979170952,0.0009674291548295,25.0,1931394
13,224640.0,0.1,12.0,0.0033229087382685,200.0,0.1,12.0,8.940786681203425e-10,0.0033229087382685,200.0,168480
15,113760.0,0.1,0.4,0.0209690141651698,0.0,0.13,0.0,385096.1332645477,0.02050157716289279,50.0,4498
16,901440.0,0.1,2.5,0.0186075799031261,0.0,0.11,2.1,3.3568647686429087,0.018161948423468632,0.0,5637
