layer,obs_var,var_lower,var_upper,obs_kurt,kurt_lower,kurt_upper,total_samples
2,21674388.0,20075706.0,23360552.0,0.78710055,0.3823515,1.240317,3208.0
3,4835927.0,4598368.0,5083177.5,1.7999725,1.4766951,2.1477199,12832.0
4,1034581.4,974071.6,1099109.5,3.5193233,2.9223254,4.190051,51328.0
5,198319.44,184676.89,212587.48,5.446397,4.6040244,6.3862405,205312.0
6,35802.293,32799.266,38962.797,9.192647,7.6476574,10.959983,821248.0
7,6274.3115,5654.8613,6950.309,14.085468,11.431098,17.666815,3284992.0
8,1189.42,1047.3087,1345.8998,21.68042,17.037355,27.775066,13139968.0
9,256.76007,221.81541,295.18677,28.972792,22.108063,38.4561,52559872.0
