layer,obs_var,var_lower,var_upper,obs_kurt,kurt_lower,kurt_upper,total_samples,kstest_stat_initial,initial_r,initial_eta,initial_scale,initial_exclude_cutoff,best_augmented_var,kstest_stat_cutoff_0.05
2,21674388.0,20075706.0,23360552.0,0.78710055,0.3823515,1.240317,3208.0,0.05118895449643368,0.3,5.3,557.7066570570498,0.0,21674388.0,0.023925468978779816
3,4835927.0,4598368.0,5083177.5,1.7999725,1.4766951,2.1477199,12832.0,0.03168984112485784,0.4,0.8,45483.84616225145,0.0,4835927.0,0.011975963707144384
4,1034581.4,974071.6,1099109.5,3.5193233,2.9223254,4.190051,51328.0,0.02398802219904106,0.4,-0.2,32507.16576795819,25.0,1004630.06,0.005991259109117392
5,198319.44,184676.89,212587.48,5.446397,4.6040244,6.3862405,205312.0,0.018799891708117633,0.5,-0.8,52901.102120535725,200.0,177747.7,0.0029964451014359342
6,35802.293,32799.266,38962.797,9.192647,7.6476574,10.959983,821248.0,0.025459607267752482,0.5,-1.0,17003.787109375,50.0,34007.574,0.0014984259658840035
7,6274.3115,5654.8613,6950.309,14.085468,11.431098,17.666815,3284992.0,0.03729999999992928,0.8,-1.2,14737.066682616543,100.0,5574.027,0.0007492637777479814
8,1189.42,1047.3087,1345.8998,21.68042,17.037355,27.775066,13139968.0,0.03701999999993649,0.5,-1.2,1238.9792124430337,0.0,1189.42,0.0003746445801989944
9,256.76007,221.81541,295.18677,28.972792,22.108063,38.4561,52559872.0,0.06568999999682457,0.8,-1.3,1050.4215455375436,0.0,256.76007,0.00018732546200866032
