layer,obs_var,var_lower,var_upper,obs_kurt,kurt_lower,kurt_upper,total_samples
2,2992.3467,2795.771,3197.442,2.8401403,2.327932,3.4074059,7072
3,780.4231,728.60394,834.95685,4.924683,3.9545121,6.2227554,28288
4,197.34492,182.71796,212.72162,6.607422,5.3790364,8.42129,113152
5,45.91957,42.290737,49.782864,8.213636,6.6006994,10.661204,452608
6,10.315014,9.406057,11.280571,10.3812065,8.092984,14.631648,1810432
7,2.3220341,2.104991,2.558147,12.456102,9.404761,19.237617,7241728
8,0.5561962,0.50176144,0.6189826,14.527348,9.739854,34.173534,28966912
9,0.1654709,0.14990738,0.18356135,13.340412,8.399303,32.501076,115867648
10,0.071799554,0.06602104,0.07844765,9.116372,5.449671,21.4281,463470592
