layer,obs_var,var_lower,var_upper,obs_kurt,kurt_lower,kurt_upper,total_samples
2,3822.878,3624.97,4025.44,0.933578,0.69728523,1.1887943,7072
3,971.17303,920.118,1024.165,2.2895727,1.7745315,2.9747791,28288
4,238.62616,224.83382,253.00655,3.210775,2.519029,4.1916013,113152
5,55.2247,51.717392,59.009712,4.608896,3.2181852,8.793934,452608
6,12.373118,11.524726,13.314851,5.749877,3.8906798,12.661853,1810432
7,2.7739725,2.5585055,3.0957963,10.929972,4.5534334,51.031307,7241728
8,0.6475338,0.5832876,0.86896724,58.454952,5.3018656,385.0739,28966912
9,0.15643264,0.14152448,0.18420145,22.438486,6.8184786,125.966606,115867648
10,0.04051713,0.0349238,0.060231447,131.53444,9.878953,699.9822,463470592
