layer,obs_var,var_lower,var_upper,obs_kurt,kurt_lower,kurt_upper,total_samples,kstest_stat_initial,initial_r,initial_eta,initial_scale,initial_exclude_cutoff,best_augmented_var,kstest_stat_cutoff_0.05,kstest_stat_best,best_r,best_eta,best_scale,best_exclude_cutoff,n_pval_0.05
2,2992.3467,2795.771,3197.442,2.8401403,2.327932,3.4074059,7072,0.0102189286174402,9.3,-0.9,7369.889380398342,25.0,2647.7236,0.01612577750721614,0.0102189286174402,9.3,-0.9,7369.889380398342,25.0,17901
3,780.4231,728.60394,834.95685,4.924683,3.9545121,6.2227554,28288,0.0051181059868768,5.4,-1.1,2635.649289919708,50.0,707.82306,0.008068854211971187,0.0051181059868768,5.4,-1.1,2635.649289919708,50.0,71604
4,197.34492,182.71796,212.72162,6.607422,5.3790364,8.42129,113152,0.0072300810877595,8.6,-1.2,835.2973172861564,100.0,183.25609,0.0040359092726554024,0.0072300810877595,8.6,-1.2,835.2973172861564,100.0,35802
5,45.91957,42.290737,49.782864,8.213636,6.6006994,10.661204,452608,0.0136935238012325,0.8,-1.2,117.88742042858584,25.0,45.91957092285156,0.002018324026021024,0.013689999999999813,1.1,-1.23,182.21954491706572,0.0,10068
6,10.315014,9.406057,11.280571,10.3812065,8.092984,14.631648,1810432,0.0345199999999997,1.9,-1.3,65.46161749260969,0.0,10.315014,0.0010092542162957218,0.0345199999999997,1.9,-1.3,65.46161749260969,0.0,1491
7,2.3220341,2.104991,2.558147,12.456102,9.404761,19.237617,7241728,0.0711999999999997,1.4,-1.2,9.468159830100996,0.0,2.3220341,0.0005046501409454036,0.0711999999999997,1.4,-1.2,9.468159830100996,0.0,372
8,0.5561962,0.50176144,0.6189826,14.527348,9.739854,34.173534,28966912,0.1188399999999997,1.1,-1.3,2.9569749463258894,0.0,0.5561962,0.0002523308264179366,0.1188399999999997,1.1,-1.3,2.9569749463258894,0.0,123
9,0.1654709,0.14990738,0.18356135,13.340412,8.399303,32.501076,115867648,0.1692399999999997,0.4,1.7,0.0007358944940762,0.0,0.1654709,0.00012616685191353853,0.1692399999999997,0.4,1.7,0.0007358944940762,0.0,61
10,0.071799554,0.06602104,0.07844765,9.116372,5.449671,21.4281,463470592,0.2186399999999997,0.7,-0.3,0.0285655059494461,0.0,0.071799554,6.30837855989912e-05,0.2186399999999997,0.7,-0.3,0.0285655059494461,0.0,-1
