layer,obs_var,var_lower,var_upper,obs_kurt,kurt_lower,kurt_upper,total_samples,kstest_stat_initial,initial_r,initial_eta,initial_scale,initial_exclude_cutoff,best_augmented_var,kstest_stat_cutoff_0.05
2,3822.878,3624.97,4025.44,0.933578,0.69728523,1.1887943,7072,0.007209118456940389,5.9,-0.5,7941.576881163328,0.0,3822.878,0.01612577750721614
3,971.17303,920.118,1024.165,2.2895727,1.7745315,2.9747791,28288,0.003734964010226882,1.4,-0.6,1525.3119245953753,0.0,971.17303,0.008068854211971187
4,238.62616,224.83382,253.00655,3.210775,2.519029,4.1916013,113152,0.0040935005458526755,1.4,-0.8,443.3286780634776,75.0,228.73677,0.0040359092726554024
5,55.2247,51.717392,59.009712,4.608896,3.2181852,8.793934,452608,0.0027738766160962935,1.4,-0.9,115.85477357007272,75.0,52.418037,0.002018324026021024
6,12.373118,11.524726,13.314851,5.749877,3.8906798,12.661853,1810432,0.002932360186162608,0.9,-0.9,18.099975867881426,0.0,12.373118,0.0010092542162957218
7,2.7739725,2.5585055,3.0957963,10.929972,4.5534334,51.031307,7241728,0.002919280031805027,0.7,-0.9,2.6515562492900377,0.0,2.7739725,0.0005046501409454036
8,0.6475338,0.5832876,0.86896724,58.454952,5.3018656,385.0739,28966912,0.005329243343982867,0.6,-0.9,0.4062685655846075,25.0,0.6112617,0.0002523308264179366
9,0.15643264,0.14152448,0.18420145,22.438486,6.8184786,125.966606,115867648,0.00557640373249968,0.4,-0.8,0.01735303599004608,0.0,0.15643264,0.00012616685191353853
10,0.04051713,0.0349238,0.060231447,131.53444,9.878953,699.9822,463470592,0.002911691617772827,0.4,-0.8,0.004087246614364164,25.0,0.036845356,6.30837855989912e-05
