layer,total_samples,initial_r,initial_eta,kstest_stat_initial,initial_exclude_cutoff,best_r,best_eta,best_scale,kstest_stat_best,best_exclude_cutoff,n_pval_0.05
2,7072,9.3,-0.9,0.0102189286174402,25.0,9.3,-0.9,7369.889380398342,0.0102189286174402,25.0,17901
3,28288,5.4,-1.1,0.0051181059868768,50.0,5.4,-1.1,2635.649289919708,0.0051181059868768,50.0,71604
4,113152,8.6,-1.2,0.0072300810877595,100.0,8.6,-1.2,835.2973172861564,0.0072300810877595,100.0,35802
5,452608,0.8,-1.2,0.0136935238012325,25.0,1.1,-1.23,182.21954491706572,0.013689999999999813,0.0,10068
6,1810432,1.9,-1.3,0.0345199999999997,0.0,1.9,-1.3,65.46161749260969,0.0345199999999997,0.0,1491
7,7241728,1.4,-1.2,0.0711999999999997,0.0,1.4,-1.2,9.468159830100996,0.0711999999999997,0.0,372
8,28966912,1.1,-1.3,0.1188399999999997,0.0,1.1,-1.3,2.9569749463258894,0.1188399999999997,0.0,123
9,115867648,0.4,1.7,0.1692399999999997,0.0,0.4,1.7,0.0007358944940762,0.1692399999999997,0.0,61
10,463470592,0.7,-0.3,0.2186399999999997,0.0,0.7,-0.3,0.0285655059494461,0.2186399999999997,0.0,-1
