layer,obs_var,var_lower,var_upper,obs_kurt,kurt_lower,kurt_upper,total_samples
2,1389.256,1225.7416,1568.7184,1.6215243,0.5560126,3.1998832,1590
3,440.58963,413.5861,468.56836,1.7257724,1.2197708,2.391803,6360
4,109.21869,103.54353,115.14065,2.2104783,1.7780898,2.753319,25440
5,20.31987,19.156633,21.528133,3.1497912,2.508456,3.9430516,101760
6,3.3227394,3.107342,3.5526268,4.7770314,3.7513847,6.490805,407040
7,0.5004662,0.46175545,0.54299784,7.7509136,5.7133746,12.977018,1628160
8,0.045762084,0.041513026,0.051238775,14.20027,7.3811693,49.153122,6512640
