layer,obs_var,var_lower,var_upper,obs_kurt,kurt_lower,kurt_upper,total_samples,kstest_stat_initial,initial_r,initial_eta,initial_scale,initial_exclude_cutoff,best_augmented_var,kstest_stat_cutoff_0.05
2,927.9389,792.32855,1083.7289,3.904776,1.4072503,6.607603,1590,0.009231825841387598,0.8,0.0,392.98111406481496,0.0,927.9389,0.033952406456699
3,270.47723,251.80055,290.129,2.782076,2.0758011,3.5526323,6360,0.008999032267183626,0.3,1.9,0.060212108743076836,0.0,270.47723,0.01700309781311145
4,69.6057,65.52072,73.8602,3.3958979,2.704657,4.2734222,25440,0.002598394033188234,0.6,-0.1,13.81254708304749,0.0,69.6057,0.008508186648128052
5,13.441275,12.588624,14.331417,4.38731,3.4295528,5.607724,101760,0.0027107075894085564,0.9,-0.7,14.172317539234822,25.0,13.149804,0.004255741976815733
6,2.3814104,2.2093477,2.5662773,6.4829283,4.893574,8.938106,407040,0.0036953213655231965,0.5,-0.6,0.4590546327923972,25.0,2.3136353,0.0021282818010022993
7,0.419883,0.3820622,0.463242,11.642107,7.686741,22.763344,1628160,0.0050517929251497895,0.2,0.3,2.604049703550598e-06,25.0,0.40216944,0.001064243434651941
8,0.050453212,0.045020945,0.057655197,20.553545,9.427677,68.694984,6512640,0.003352094156773344,0.1,3.3,2.846755754607638e-19,75.0,0.044609386,0.0005321473297298752
