band,obs_var,var_lower,var_upper,obs_kurt,kurt_lower,kurt_upper,total_samples
2,61.061504,51.726013,75.843254,53.431793,16.625513,189.10773,7196736.0
3,27.489836,22.114914,39.48288,137.32393,22.429516,527.0402,7196736.0
4,27.626455,21.914303,39.453712,136.87949,32.661755,519.24316,7196736.0
5,8.788981,6.75296,13.679934,214.55368,38.990005,765.72406,28786944.0
6,1.8418719,1.4363911,2.6649725,151.8886,36.44234,543.798,14393472.0
7,0.5644042,0.44201046,0.8083236,142.6383,36.833748,523.6483,14393472.0
8,0.2489629,0.18848644,0.3685304,176.89316,48.17681,608.1292,14393472.0
9,0.17771985,0.12848829,0.2670137,210.00139,67.21068,634.9734,14618370.0
