band,obs_var,var_lower,var_upper,obs_kurt,kurt_lower,kurt_upper,total_samples
2,46.3775,39.054443,60.08728,69.17416,16.255451,282.24902,12144492.0
3,27.15781,21.653652,39.544014,149.31024,24.691128,563.5148,14393472.0
4,24.792147,19.465975,37.0853,172.127,33.89815,648.8375,17542044.0
5,9.551574,7.5718064,12.9943285,112.029495,37.337917,387.69553,20690616.0
6,7.016185,5.5527196,9.938206,131.20665,36.80007,488.28058,24738780.0
7,2.576707,1.9765007,3.8488622,180.99936,39.32883,641.00757,29686536.0
8,0.6585928,0.5111758,0.95740074,154.83702,37.637474,556.7224,35533884.0
9,0.21205762,0.1561816,0.33077052,229.68494,56.529934,756.66595,57124092.0
