band,obs_var,var_lower,var_upper,obs_kurt,kurt_lower,kurt_upper,total_samples
2,68.31722,56.301548,88.41828,76.30435,21.116405,267.10745,14554880.0
3,27.50307,22.940298,35.65007,72.71036,20.564604,281.92288,14554880.0
4,15.4416,12.163886,22.903841,166.54163,29.708538,625.67426,14554880.0
5,6.722541,4.5638633,15.442023,1018.4025,46.582504,2417.562,58219520.0
6,1.8137728,1.2578574,3.756126,699.1617,45.661976,1875.7991,29109760.0
7,0.5099245,0.36742708,0.904086,390.01117,45.82839,1213.2626,29109760.0
8,0.21024933,0.13944547,0.46586806,903.00476,56.035954,2263.4216,29109760.0
9,0.13695209,0.08090354,0.35024345,1468.9476,85.18575,3163.046,29564600.0
