layer,obs_var,var_lower,var_upper,obs_kurt,kurt_lower,kurt_upper,total_samples
2,1696.1896,1517.7839,1889.8536,3.7966003,2.3539422,5.295139,3180.0
3,546.2667,515.08716,579.0623,3.2724757,2.5554426,4.0806203,12720.0
4,154.46246,145.01927,164.26118,3.8167362,3.066599,4.7740974,50880.0
5,35.853176,33.392532,38.4375,5.54113,4.3826737,6.967747,203520.0
6,7.1025486,6.5403814,7.693819,7.751813,5.9277453,10.394491,814080.0
7,1.3205026,1.2043132,1.4459689,10.719652,8.014826,15.655435,3256320.0
8,0.21676795,0.19527838,0.2418564,15.263584,9.907603,31.19272,13025280.0
