layer,obs_var,var_lower,var_upper,obs_kurt,kurt_lower,kurt_upper,total_samples,initial_r,initial_eta,kstest_stat_initial,kstest_stat_cutoff_0.05,kstest_stat_eta0,best_r_eta0,best_r,best_eta,kstest_stat_best,iter1_r,iter1_eta,kstest_stat_iter1,n_pval_0.05
2,1696.1896,1517.7839,1889.8536,3.7966003,2.3539422,5.295139,3180.0,0.33,1.9,0.0195010166280347,0.0240303354829301,0.042476160635854,0.25,0.329,1.9,0.017201726201663048,0.329,1.9,0.017201726201663048,6034
3,546.2667,515.08716,579.0623,3.2724757,2.5554426,4.0806203,12720.0,0.34,1.1,0.0043548282249954,0.0120285145061138,0.0230046470767675,0.28,0.343,1.17,0.003652526580567139,0.343,1.17,0.003652526580567139,144888
4,154.46246,145.01927,164.26118,3.8167362,3.066599,4.7740974,50880.0,0.35,0.3,0.0071618956011169,0.0060175634983601,0.0184079792218152,0.32,0.356,0.38,0.005719740627244951,0.356,0.38,0.005719740627244951,57240
5,35.853176,33.392532,38.4375,5.54113,4.3826737,6.967747,203520.0,0.39,-0.2,0.0027871846151259,0.0030096044936828,0.0086220721556259,0.42,0.387,-0.21,0.0017455931160795801,0.387,-0.21,0.0017455931160795801,579555
6,7.1025486,6.5403814,7.693819,7.751813,5.9277453,10.394491,814080.0,0.47,-0.6,0.0041641110010653,0.0015050074551751,0.0237060790747625,0.66,0.464,-0.61,0.00402999999999798,0.464,-0.61,0.00402999999999798,114480
7,1.3205026,1.2043132,1.4459689,10.719652,8.014826,15.655435,3256320.0,0.8,-0.85,0.0118932315682344,0.0007525549699048,0.0608366638155668,6.0,0.78,-0.86,0.010987346229751865,0.78,-0.86,0.010987346229751865,16098
8,0.21676795,0.19527838,0.2418564,15.263584,9.907603,31.19272,13025280.0,3.0,-1.15,0.0491688731440991,0.0003762902880576,0.2021355818558473,6.1,2.0,-1.146,0.04871913132417782,2.0,-1.146,0.04871913132417782,795
