band,obs_var,var_lower,var_upper,obs_kurt,kurt_lower,kurt_upper,total_samples
12,7816253926671.186,6813868557753.069,9376440881384.973,38.308898531404616,6.213705127361998,103.28626541316325,95040.0
13,179680041322748.53,133909591437941.12,237965266799422.25,124.70423515670296,65.57523670323364,218.87681343193515,132480.0
15,403438839390517.2,367835121083090.7,442215115524668.4,10.78003290599761,7.377072859656092,16.248702178473653,263520.0
16,637190140485773.1,592509817631171.5,686631223742151.9,6.1353109290030865,4.099927428498738,11.402162060681938,370080.0
