band,total_samples,initial_r,initial_eta,kstest_stat_initial,initial_exclude_cutoff,best_r,best_eta,best_scale,kstest_stat_best,best_exclude_cutoff,n_pval_0.05
12,95040.0,0.2,7.9,0.0033191701935689,200.0,0.2,7.9,21744.06784062889,0.0033191701935689,200.0,160380
13,132480.0,0.3,0.7,0.0256589940950469,0.0,0.28,0.3,10000000000.0,0.022981274147063177,100.0,3492
15,263520.0,0.2,-0.2,0.0258455321899505,200.0,0.2,-0.24,9734997619.355373,0.02473258297836825,125.0,3087
16,370080.0,0.2,1.0,0.0165236713468006,0.0,0.21,0.9,2895677082.3560257,0.015884824236931716,0.0,7317
