layer,obs_var,var_lower,var_upper,obs_kurt,kurt_lower,kurt_upper,total_samples
2,26747772.0,24084780.0,29528040.0,0.48999,0.057458714,0.9698466,1604
3,5682067.0,5344561.0,6025917.0,1.473783,1.1424811,1.8440547,6416
4,1214204.2,1143546.8,1286624.8,3.190731,2.6978297,3.727371,25664
5,228630.4,213333.92,244479.25,5.111354,4.4172893,5.861666,102656
6,41175.625,37804.43,44688.56,8.670665,7.3676214,10.148466,410624
7,7078.7354,6389.6006,7818.1016,13.188631,10.900856,15.908423,1642496
8,1293.5701,1142.8615,1458.8866,20.103813,15.939114,25.11557,6569984
9,271.75616,235.8089,311.10806,27.19021,20.843605,35.941853,26279936
