layer,obs_var,var_lower,var_upper,obs_kurt,kurt_lower,kurt_upper,total_samples
2,6559.191,6020.007,7105.8423,-0.36281657,-0.5444731,-0.16127561,1604
3,1468.4333,1389.0563,1548.7819,0.8558314,0.6386262,1.0826297,6416
4,320.18402,302.7255,338.25623,2.6090884,2.0666847,3.449366,25664
5,60.571945,56.585835,64.75943,4.962413,3.9839003,6.8200064,102656
6,10.983582,10.096532,11.9495,8.75328,6.6602807,15.588045,410624
7,1.917452,1.7289338,2.131029,14.21698,10.215151,27.708519,1642496
8,0.35573384,0.31291264,0.4098002,24.59401,14.979433,73.025085,6569984
9,0.07662222,0.065640286,0.09239045,41.164585,19.789228,141.37448,26279936
