layer,obs_var,var_lower,var_upper,obs_kurt,kurt_lower,kurt_upper,total_samples
2,16350.1,14701.588,18066.607,0.5422492,0.12393365,1.0145462,1604
3,3667.26,3432.1165,3909.4136,2.0900826,1.6587311,2.5398765,6416
4,778.0354,729.8072,827.5875,3.8934922,3.2926948,4.573142,25664
5,144.9587,134.69463,155.65126,6.007184,5.1617465,6.9279456,102656
6,25.85959,23.65648,28.16419,9.601447,8.144346,11.248175,410624
7,4.5128016,4.060856,5.001885,14.222452,11.752554,17.133923,1642496
8,0.8371339,0.73856884,0.9452812,20.63869,16.28826,26.235088,6569984
9,0.17798285,0.15425003,0.20400627,27.687271,21.159851,36.785797,26279936
