layer,obs_var,var_lower,var_upper,obs_kurt,kurt_lower,kurt_upper,total_samples
2,6587.2188,5829.0854,7390.837,1.3887792,0.7530406,2.1408205,1604
3,1562.0016,1443.5146,1685.9578,3.834879,3.1302607,4.593748,6416
4,337.56195,313.36185,362.56418,5.9189796,5.145904,6.765697,25664
5,63.35641,58.123432,68.83992,8.944126,7.8248415,10.135998,102656
6,11.491563,10.353099,12.688133,13.758188,11.807414,15.933593,410624
7,2.062334,1.823033,2.3229468,19.980927,16.7409,23.600847,1642496
8,0.4034712,0.35112354,0.46109706,25.597855,20.274683,31.850876,6569984
9,0.1172869,0.10315876,0.13279381,22.309376,16.614643,28.714006,26279936
