layer,obs_var,var_lower,var_upper,obs_kurt,kurt_lower,kurt_upper,total_samples,kstest_stat_initial,initial_r,initial_eta,initial_scale,initial_exclude_cutoff,best_augmented_var,kstest_stat_cutoff_0.05
2,16350.1,14701.588,18066.607,0.5422492,0.12393365,1.0145462,1604,0.08875025999801545,20.0,-0.1,28639.518979695185,0.0,16350.1,0.033804382765303224
3,3667.26,3432.1165,3909.4136,2.0900826,1.6587311,2.5398765,6416,0.06530984605449897,8.7,-0.7,7648.9969429895555,25.0,3263.2488,0.016928848255368546
4,778.0354,729.8072,827.5875,3.8934922,3.2926948,4.573142,25664,0.04415869840416514,1.2,-0.9,1255.7114318760064,150.0,632.63965,0.008471003560381446
5,144.9587,134.69463,155.65126,6.007184,5.1617465,6.9279456,102656,0.03063888499555556,0.5,-0.9,53.80879026470762,25.0,142.0552,0.004237135996393022
6,25.85959,23.65648,28.16419,9.601447,8.144346,11.248175,410624,0.028726627902490587,0.5,-1.0,10.784529685974121,250.0,21.56906,0.002118975219285392
7,4.5128016,4.060856,5.001885,14.222452,11.752554,17.133923,1642496,0.030190293265365542,1.3,-1.2,12.116392809715462,500.0,3.0706737,0.0010595892481240078
8,0.8371339,0.73856884,0.9452812,20.63869,16.28826,26.235088,6569984,0.015198774598257192,0.3,-0.9,0.012892276502622898,500.0,0.5173536,0.0005298200128246353
9,0.17798285,0.15425003,0.20400627,27.687271,21.159851,36.785797,26279936,0.009733538165298428,0.2,-0.8,3.9498746983945944e-05,25.0,0.16680197,0.0002649163509945643
