layer,obs_var,var_lower,var_upper,obs_kurt,kurt_lower,kurt_upper,total_samples,kstest_stat_initial,initial_r,initial_eta,initial_scale,initial_exclude_cutoff,best_augmented_var,kstest_stat_cutoff_0.05
2,26747772.0,24084780.0,29528040.0,0.48999,0.057458714,0.9698466,1604,0.08959939401287148,0.6,20.0,67631.3097818092,0.0,26747772.0,0.033804382765303224
3,5682067.0,5344561.0,6025917.0,1.473783,1.1424811,1.8440547,6416,0.05460933194604328,0.4,1.3,31025.62574462796,25.0,5140449.0,0.016928848255368546
4,1214204.2,1143546.8,1286624.8,3.190731,2.6978297,3.727371,25664,0.04325056434926011,0.4,-0.3,42705.533496918266,50.0,1117663.1,0.008471003560381446
5,228630.4,213333.92,244479.25,5.111354,4.4172893,5.861666,102656,0.03208883033013327,0.5,-0.8,55125.22786458334,500.0,185220.77,0.004237135996393022
6,41175.625,37804.43,44688.56,8.670665,7.3676214,10.148466,410624,0.030979213195699296,0.5,-1.0,18937.685546875,100.0,37875.37,0.002118975219285392
7,7078.7354,6389.6006,7818.1016,13.188631,10.900856,15.908423,1642496,0.031421835736564235,1.4,-1.2,20010.183409808393,500.0,4907.4297,0.0010595892481240078
8,1293.5701,1142.8615,1458.8866,20.103813,15.939114,25.11557,6569984,0.015085364910583487,0.3,-0.9,20.078618846492304,500.0,805.734,0.0005298200128246353
9,271.75616,235.8089,311.10806,27.19021,20.843605,35.941853,26279936,0.010569892736593256,0.2,-0.7,0.028239436376662482,250.0,189.76901,0.0002649163509945643
