layer,obs_var,var_lower,var_upper,obs_kurt,kurt_lower,kurt_upper,total_samples,kstest_stat_initial,initial_r,initial_eta,initial_scale,initial_exclude_cutoff,best_augmented_var,kstest_stat_cutoff_0.05,kstest_stat_best,best_r,best_eta,best_scale,best_exclude_cutoff,n_pval_0.05
2,26747772.0,24084780.0,29528040.0,0.48999,0.057458714,0.9698466,1604,0.0895993940128714,0.6,20.0,67631.3097818092,0.0,26747772.0,0.033804382765303224,0.089573148160554,0.63,20.0,97258.91238910473,0.0,225
3,5682067.0,5344561.0,6025917.0,1.473783,1.1424811,1.8440547,6416,0.0546093319460432,0.4,1.3,31025.62574462796,25.0,5682067.0,0.016928848255368546,0.054557921214114624,0.33,1.4,5689.555953203827,0.0,601
4,1214204.2,1143546.8,1286624.8,3.190731,2.6978297,3.727371,25664,0.0432505643492601,0.4,-0.3,42705.533496918266,50.0,1214204.25,0.008471003560381446,0.042939639702524124,0.4,-0.39,54446.951877391795,0.0,1012
5,228630.4,213333.92,244479.25,5.111354,4.4172893,5.861666,102656,0.0320888303301332,0.5,-0.8,55125.22786458334,500.0,191409.171875,0.004237135996393022,0.031902517291307664,0.5,-0.84,62502.99499575495,400.0,1804
6,41175.625,37804.43,44688.56,8.670665,7.3676214,10.148466,410624,0.0309792131956992,0.5,-1.0,18937.685546875,100.0,35646.8671875,0.002118975219285392,0.030729018227076854,0.6,-1.03,32851.06928157264,200.0,2029
7,7078.7354,6389.6006,7818.1016,13.188631,10.900856,15.908423,1642496,0.0314218357365642,1.4,-1.2,20010.183409808396,500.0,5038.10888671875,0.0010595892481240078,0.02960365082787697,1.0,-1.18,15744.09027099609,450.0,2029
8,1293.5701,1142.8615,1458.8866,20.103813,15.939114,25.11557,6569984,0.0150853649105834,0.3,-0.9,20.078618846492304,500.0,846.089599609375,0.0005298200128246353,0.0133275602286686,0.37,-1.0,117.35002313384572,425.0,10827
9,271.75616,235.8089,311.10806,27.19021,20.843605,35.941853,26279936,0.0105698927365932,0.2,-0.7,0.0282394363766624,250.0,205.3607635498047,0.0002649163509945643,0.009825705725003242,0.2,-0.72,0.033414009341430254,175.0,19248
