layer,obs_var,var_lower,var_upper,obs_kurt,kurt_lower,kurt_upper,total_samples,kstest_stat_initial,initial_r,initial_eta,initial_scale,initial_exclude_cutoff,best_augmented_var,kstest_stat_cutoff_0.05,kstest_stat_best,best_r,best_eta,best_scale,best_exclude_cutoff,n_pval_0.05
2,16350.1,14701.588,18066.607,0.5422492,0.12393365,1.0145462,1604,0.0887502599980154,20.0,-0.1,28639.518979695185,0.0,16350.1,0.033804382765303224,0.0887502599980154,20.0,-0.1,28639.518979695185,0.0,225
3,3667.26,3432.1165,3909.4136,2.0900826,1.6587311,2.5398765,6416,0.0653098460544989,8.7,-0.7,7648.9969429895555,25.0,3263.2488,0.016928848255368546,0.0653098460544989,8.7,-0.7,7648.9969429895555,25.0,450
4,778.0354,729.8072,827.5875,3.8934922,3.2926948,4.573142,25664,0.0441586984041651,1.2,-0.9,1255.7114318760064,150.0,687.9791259765625,0.008471003560381446,0.0441550606262594,1.6,-0.94,1725.7015155462793,75.0,901
5,144.9587,134.69463,155.65126,6.007184,5.1617465,6.9279456,102656,0.0306388849955555,0.5,-0.9,53.80879026470762,25.0,142.0552,0.004237135996393022,0.0306388849955555,0.5,-0.9,53.80879026470762,25.0,2029
6,25.85959,23.65648,28.16419,9.601447,8.144346,11.248175,410624,0.0287266279024905,0.5,-1.0,10.78452968597412,250.0,20.47117805480957,0.002118975219285392,0.028482109638271635,0.5,-0.99,9.935535844889133,350.0,2281
7,4.5128016,4.060856,5.001885,14.222452,11.752554,17.133923,1642496,0.0301902932653655,1.3,-1.2,12.116392809715462,500.0,3.1560347080230713,0.0010595892481240078,0.027534213663149343,0.9,-1.17,8.645062687703676,450.0,2406
8,0.8371339,0.73856884,0.9452812,20.63869,16.28826,26.235088,6569984,0.0151987745982571,0.3,-0.9,0.0128922765026228,500.0,0.5345657467842102,0.0005298200128246353,0.013599796610933468,0.4,-1.02,0.11768461739283478,450.0,9624
9,0.17798285,0.15425003,0.20400627,27.687271,21.159851,36.785797,26279936,0.0097335381652984,0.2,-0.8,3.949874698394594e-05,25.0,0.14730285108089447,0.0002649163509945643,0.00932391047083514,0.2,-0.77,3.019491470686077e-05,100.0,21654
