layer,obs_var,var_lower,var_upper,obs_kurt,kurt_lower,kurt_upper,total_samples,kstest_stat_initial,initial_r,initial_eta,initial_scale,initial_exclude_cutoff,best_augmented_var,kstest_stat_cutoff_0.05,kstest_stat_best,best_r,best_eta,best_scale,best_exclude_cutoff,n_pval_0.05
2,6559.191,6020.007,7105.8423,-0.36281657,-0.5444731,-0.16127561,1604,0.0930468635316521,20.0,20.0,6699.713098269343,0.0,6559.191,0.033804382765303224,0.0930468635316521,20.0,20.0,6699.713098269343,0.0,200
3,1468.4333,1389.0563,1548.7819,0.8558314,0.6386262,1.0826297,6416,0.0539115831076044,7.7,-0.1,2122.4988988857685,75.0,1201.3312,0.016928848255368546,0.0539115831076044,7.7,-0.1,2122.4988988857685,75.0,601
4,320.18402,302.7255,338.25623,2.6090884,2.0666847,3.449366,25664,0.0420815677410735,2.3,-0.9,814.8121750815009,25.0,320.18402099609375,0.008471003560381446,0.04207882446998351,1.96,-0.9,818.0052844917891,0.0,1012
5,60.571945,56.585835,64.75943,4.962413,3.9839003,6.8200064,102656,0.031316829544797,1.6,-1.0,136.17677989628692,500.0,50.55364227294922,0.004237135996393022,0.03131486396621902,1.52,-1.0,136.25828796478456,425.0,1804
6,10.983582,10.096532,11.9495,8.75328,6.6602807,15.588045,410624,0.0292746199090378,0.5,-1.0,4.777120113372803,200.0,10.102999687194824,0.002118975219285392,0.028450973211418762,0.8,-1.08,18.45963349416608,100.0,2281
7,1.917452,1.7289338,2.131029,14.21698,10.215151,27.708519,1642496,0.0284294698738072,1.5,-1.2,5.6157590487299975,500.0,1.2946046590805054,0.0010595892481240078,0.02680103247779747,1.4,-1.19,5.124148483095165,575.0,2706
8,0.35573384,0.31291264,0.4098002,24.59401,14.979433,73.025085,6569984,0.0132741652765781,0.4,-1.0,0.0458179021422921,500.0,0.21393491327762604,0.0005298200128246353,0.013185569912900486,0.41,-1.0,0.04915367310304637,575.0,10827
9,0.07662222,0.065640286,0.09239045,41.164585,19.789228,141.37448,26279936,0.0096249121160489,0.2,-0.7,8.76735873697769e-06,150.0,0.06737015396356583,0.0002649163509945643,0.00945088200688382,0.17,-0.6,4.618375771425218e-07,50.0,21654
