layer,total_samples,initial_r,initial_eta,kstest_stat_initial,initial_exclude_cutoff,best_r,best_eta,best_scale,kstest_stat_best,best_exclude_cutoff,n_pval_0.05
2,1604,20.0,20.0,0.0930468635316521,0.0,20.0,20.0,6699.713098269343,0.0930468635316521,0.0,200
3,6416,7.7,-0.1,0.0539115831076044,75.0,7.7,-0.1,2122.4988988857685,0.0539115831076044,75.0,601
4,25664,2.3,-0.9,0.0420815677410735,25.0,1.96,-0.9,818.0052844917891,0.04207882446998351,0.0,1012
5,102656,1.6,-1.0,0.031316829544797,500.0,1.52,-1.0,136.25828796478456,0.03131486396621902,425.0,1804
6,410624,0.5,-1.0,0.0292746199090378,200.0,0.8,-1.08,18.45963349416608,0.028450973211418762,100.0,2281
7,1642496,1.5,-1.2,0.0284294698738072,500.0,1.4,-1.19,5.124148483095165,0.02680103247779747,575.0,2706
8,6569984,0.4,-1.0,0.0132741652765781,500.0,0.41,-1.0,0.04915367310304637,0.013185569912900486,575.0,10827
9,26279936,0.2,-0.7,0.0096249121160489,150.0,0.17,-0.6,4.618375771425218e-07,0.00945088200688382,50.0,21654
