layer,total_samples,initial_r,initial_eta,kstest_stat_initial,initial_exclude_cutoff,best_r,best_eta,best_scale,kstest_stat_best,best_exclude_cutoff,n_pval_0.05
2,1604,0.6,20.0,0.0895993940128714,0.0,0.63,20.0,97258.91238910473,0.089573148160554,0.0,225
3,6416,0.4,1.3,0.0546093319460432,25.0,0.33,1.4,5689.555953203827,0.054557921214114624,0.0,601
4,25664,0.4,-0.3,0.0432505643492601,50.0,0.4,-0.39,54446.951877391795,0.042939639702524124,0.0,1012
5,102656,0.5,-0.8,0.0320888303301332,500.0,0.5,-0.84,62502.99499575495,0.031902517291307664,400.0,1804
6,410624,0.5,-1.0,0.0309792131956992,100.0,0.6,-1.03,32851.06928157264,0.030729018227076854,200.0,2029
7,1642496,1.4,-1.2,0.0314218357365642,500.0,1.0,-1.18,15744.09027099609,0.02960365082787697,450.0,2029
8,6569984,0.3,-0.9,0.0150853649105834,500.0,0.37,-1.0,117.35002313384572,0.0133275602286686,425.0,10827
9,26279936,0.2,-0.7,0.0105698927365932,250.0,0.2,-0.72,0.033414009341430254,0.009825705725003242,175.0,19248
