layer,total_samples,initial_r,initial_eta,kstest_stat_initial,initial_exclude_cutoff,best_r,best_eta,best_scale,kstest_stat_best,best_exclude_cutoff,n_pval_0.05
2,1604,20.0,-0.1,0.0887502599980154,0.0,20.0,-0.1,28639.518979695185,0.0887502599980154,0.0,225
3,6416,8.7,-0.7,0.0653098460544989,25.0,8.7,-0.7,7648.9969429895555,0.0653098460544989,25.0,450
4,25664,1.2,-0.9,0.0441586984041651,150.0,1.6,-0.94,1725.7015155462793,0.0441550606262594,75.0,901
5,102656,0.5,-0.9,0.0306388849955555,25.0,0.5,-0.9,53.80879026470762,0.0306388849955555,25.0,2029
6,410624,0.5,-1.0,0.0287266279024905,250.0,0.5,-0.99,9.935535844889133,0.028482109638271635,350.0,2281
7,1642496,1.3,-1.2,0.0301902932653655,500.0,0.9,-1.17,8.645062687703676,0.027534213663149343,450.0,2406
8,6569984,0.3,-0.9,0.0151987745982571,500.0,0.4,-1.02,0.11768461739283478,0.013599796610933468,450.0,9624
9,26279936,0.2,-0.8,0.0097335381652984,25.0,0.2,-0.77,3.019491470686077e-05,0.00932391047083514,100.0,21654
