layer,obs_var,var_lower,var_upper,obs_kurt,kurt_lower,kurt_upper,total_samples
2,4423.9165,736.2519,9015.274,-0.4375651,-1.8260138,2.0927806,9.0
3,4770.9946,1806.392,8631.8955,1.1432815,-1.0590185,4.281703,36.0
4,1222.3937,828.1706,1690.9132,0.7684307,-0.66144097,2.140095,144.0
5,240.96696,189.98349,299.33554,2.4763255,0.95651597,4.2932944,576.0
6,59.238605,51.094646,67.97728,5.1020594,3.878251,6.3642426,2304.0
7,10.869839,9.936426,11.851064,8.649911,7.078406,10.355134,9216.0
8,2.0903714,1.9073133,2.2845118,10.280814,8.482771,12.289317,36864.0
9,0.38766876,0.35127097,0.42572176,11.879145,9.676948,14.305908,147456.0
10,0.061640996,0.055568736,0.068225116,13.948193,10.919703,19.088795,589824.0
