layer,obs_var,var_lower,var_upper,obs_kurt,kurt_lower,kurt_upper,total_samples,kstest_stat_initial,initial_r,initial_eta,initial_scale,initial_exclude_cutoff,best_augmented_var,kstest_stat_cutoff_0.05
2,4423.9165,736.2519,9015.274,-0.4375651,-1.8260138,2.0927806,9.0,0.5000000000000002,0.1,16.0,100000.0,0.0,4423.9165,0.4300110364970962
3,4770.9946,1806.392,8631.8955,1.1432815,-1.0590185,4.281703,36.0,0.08656023303040927,4.8,0.2,7585.061692422136,0.0,4770.9946,0.22119076937802992
4,1222.3937,828.1706,1690.9132,0.7684307,-0.66144097,2.140095,144.0,0.07901243923168674,8.0,0.5,1869.6654461050996,0.0,1222.3937,0.11195075255081512
5,240.96696,189.98349,299.33554,2.4763255,0.95651597,4.2932944,576.0,0.023148040354850297,6.4,-1.0,763.2506014943675,0.0,240.96696,0.05628968315465439
6,59.238605,51.094646,67.97728,5.1020594,3.878251,6.3642426,2304.0,0.021961614439635402,0.9,-1.1,132.7538451755626,0.0,59.238605,0.02822032849471312
7,10.869839,9.936426,11.851064,8.649911,7.078406,10.355134,9216.0,0.007396728165146471,0.7,-1.1,16.94152445128397,0.0,10.869839,0.014128644178820282
8,2.0903714,1.9073133,2.2845118,10.280814,8.482771,12.289317,36864.0,0.008668621731457882,0.6,-1.1,2.2129444374184177,25.0,1.9457823,0.0070688927548663615
9,0.38766876,0.35127097,0.42572176,11.879145,9.676948,14.305908,147456.0,0.009290023276072368,0.4,-1.0,0.07944491156000372,0.0,0.38766876,0.0035355828579525673
10,0.061640996,0.055568736,0.068225116,13.948193,10.919703,19.088795,589824.0,0.012780069560838603,0.3,-0.7,0.0005765629018664176,350.0,0.045984764,0.001768074774561371
