layer,obs_var,var_lower,var_upper,obs_kurt,kurt_lower,kurt_upper,total_samples,kstest_stat_initial,initial_r,initial_eta,initial_scale,initial_exclude_cutoff,best_augmented_var,kstest_stat_cutoff_0.05
2,35358.266,6002.2026,71636.164,-0.42281508,-1.7897316,2.2730782,10.0,0.5,0.1,16.0,100000.0,0.0,35358.266,0.40924608477750496
3,39182.285,13247.772,74251.25,2.1615338,-0.88958097,6.0672503,40.0,0.10233649714818105,10.0,-0.5,81196.61545243977,0.0,39182.285,0.2101151737229868
4,8570.7705,5774.8936,12047.095,1.3001609,-0.532229,2.9696038,160.0,0.07679390805816366,0.3,9.3,0.0500744530734123,0.0,8570.7705,0.10626843822293845
5,1760.1243,1405.5114,2156.5466,2.4154987,1.0836213,3.9504652,640.0,0.029745070251426586,3.0,-1.0,5527.595469262294,0.0,1760.1243,0.05341596361544867
6,451.53027,390.97562,516.78735,5.5695667,4.3258333,6.9153686,2560.0,0.02505521693953433,0.6,-1.0,383.409336539647,0.0,451.53027,0.026775775882640945
7,81.4864,74.857864,88.49488,8.588643,7.3299866,9.927192,10240.0,0.011234731368529816,1.0,-1.1,154.9282550811768,50.0,61.971302,0.01340450169545133
8,14.8428955,13.504037,16.265388,11.180435,9.33033,13.056358,40960.0,0.009844821298639839,0.4,-1.0,3.0417527713026264,0.0,14.8428955,0.006706362163419197
9,2.5742025,2.3327475,2.827351,12.08696,9.907854,14.463334,163840.0,0.008129346892950862,0.3,-0.8,0.04464388897031563,0.0,2.5742025,0.003354203628142983
10,0.4004841,0.36244884,0.44184512,12.941934,9.683707,17.43325,655360.0,0.011636151609067058,0.4,-0.9,0.05502236945085048,50.0,0.37251657,0.0016773567893044938
