layer,total_samples,initial_r,initial_eta,kstest_stat_initial,initial_exclude_cutoff,best_r,best_eta,best_scale,kstest_stat_best,best_exclude_cutoff,n_pval_0.05
2,10.0,20.0,18.0,0.3073389116426964,0.0,20.0,18.0,20723.82517573146,0.3073389116426964,0.0,18
3,40.0,19.0,7.0,0.0785771499509148,0.0,19.0,7.0,16796.863044914247,0.0785771499509148,0.0,303
4,160.0,3.8,-0.7,0.0457413930871304,0.0,3.8,-0.7,6522.211406390361,0.0457413930871304,0.0,910
5,640.0,5.7,-1.1,0.0187499999999998,0.0,5.7,-1.1,2519.7953322939966,0.0187499999999998,0.0,5467
6,2560.0,1.3,-1.1,0.0155464699666276,0.0,1.33,-1.1,347.1370236416559,0.015234375000000022,0.0,8200
7,10240.0,3.1,-1.2,0.0173828124999734,0.0,3.1,-1.2,88.1774541512978,0.0173828124999734,0.0,6150
8,40960.0,0.7,-1.1,0.0195556640624789,0.0,0.64,-1.1,4.423787867527834,0.01955566406247028,25.0,4860
9,163840.0,0.7,-1.1,0.0314199999999755,0.0,0.66,-1.1,0.8392336592332932,0.03141999999996581,100.0,1920
10,655360.0,0.6,-1.2,0.0885999999999636,0.0,0.9,-1.25,0.36057714850801176,0.08859999999977375,0.0,240
