layer,obs_var,var_lower,var_upper,obs_kurt,kurt_lower,kurt_upper,total_samples,kstest_stat_initial,initial_r,initial_eta,initial_scale,initial_exclude_cutoff,best_augmented_var,kstest_stat_cutoff_0.05
2,,,,,,,0.0,,,,,,,
3,849815.4,721763.1,990271.7,0.1242764,-0.5174342,0.8918267,564.0,0.02284612305186795,1.3,20.0,98704.85222093233,0.0,849815.4,0.05688208329075035
4,750042.1,714239.06,786284.7,1.4790092,1.2737849,1.6996118,22538.0,0.016085052181466095,0.5,0.3,45292.39885265704,0.0,750042.1,0.009038925508419116
5,85743.8,80027.125,91943.87,5.269511,3.853476,9.3257,296776.0,0.0031987410649922943,0.1,6.0,8.35474366833043e-15,25.0,83707.94,0.0024924069574146683
6,16039.296,14407.928,17795.816,14.923674,12.412079,17.592876,2880648.0,0.00504640348373997,0.1,3.2,9.640554009049046e-14,250.0,12456.644,0.0008001194016298502
7,1211.8221,1088.2695,1347.1865,15.256117,11.788039,20.571249,25362406.0,0.0032520300815498393,0.1,2.2,7.383322414672779e-14,75.0,1092.1603,0.0002696655722402196
8,53.106144,42.226974,79.72598,187.27847,10.22251,635.5071,213093688.0,0.0022932261200456217,0.2,0.3,0.0002812323067602609,25.0,43.433517,9.303414483735194e-05
