band,obs_var,var_lower,var_upper,obs_kurt,kurt_lower,kurt_upper,total_samples,kstest_stat_initial,initial_r,initial_eta,initial_scale,initial_exclude_cutoff,best_augmented_var,kstest_stat_cutoff_0.05,kstest_stat_best,best_r,best_eta,best_scale,best_exclude_cutoff,n_pval_0.05
12,79051585195793.97,42481704225218.68,137025343497580.77,528.3271421179542,199.6932529652437,1153.5920414235757,211008.0,0.0112163986920558,0.1,5.4,1.8079752641606169e-06,500.0,7371790226648.211,0.0029557359599985196,0.008033373968814232,0.12,5.5,0.008583493712796016,600.0,29673
13,162510253264997.22,135378860050593.23,194640538510298.53,47.756331487098166,29.49915977536412,79.04345043903136,209664.0,0.0249497859579858,0.1,0.1,6.671902990997394,500.0,72835285613834.05,0.0029651917958326652,0.021229549959622118,0.09,0.4,0.013996802942388104,600.0,4144
15,407697637287797.6,370164026623735.9,448159915923579.7,11.826377856401391,8.66588910862674,15.674501792785172,106176.0,0.0129238865307715,0.6,-1.1,385748666128570.6,200.0,362960385871919.7,0.004166334991639196,0.011430271859410368,0.56,-1.1,348394435304280.75,100.0,14931
16,453733039691436.5,418576029482482.1,494311915974258.9,8.289074162667886,4.994053286718042,18.39747800375811,841344.0,0.0024502119256642,1.7,-1.0,1165974917564440.5,100.0,413516798193038.9,0.0014804248264702498,0.002242009077028595,1.5,-0.99,1089279657829491.2,100.0,354942
