layer,obs_var,var_lower,var_upper,obs_kurt,kurt_lower,kurt_upper,total_samples
2,18631.91,17458.344,19881.506,4.3176994,2.9049354,6.3758993,27208.0
3,4980.9272,4541.6543,5492.9336,11.6192045,6.413789,24.57941,108832.0
4,1578.0944,1448.8434,1721.555,9.032567,6.1678524,15.503458,333298.0
5,448.51743,410.14883,494.97714,11.078331,6.4327335,34.861244,1149538.0
6,106.40292,97.216866,116.91234,10.781946,6.9109,23.37805,4251250.0
7,23.022192,20.639862,26.147438,18.857647,9.529492,61.354694,17005000.0
8,4.8521786,4.2281775,5.87598,37.551254,13.431042,166.44974,68020000.0
9,0.8983772,0.75257564,1.2776686,114.90577,15.307131,512.7949,272080000.0
