layer,obs_var,var_lower,var_upper,obs_kurt,kurt_lower,kurt_upper,total_samples
2,18678.723,17502.768,19935.713,4.316421,2.8849814,6.461045,27208.0
3,5005.067,4561.6875,5522.817,11.798066,6.4781985,25.282856,108832.0
4,1581.1704,1451.1154,1726.02,9.157448,6.1948633,16.083818,333298.0
5,447.84973,409.9501,492.39062,10.531361,6.3679247,30.655203,1149538.0
6,107.28208,98.07614,117.777664,10.588803,6.8357916,22.53012,4251250.0
7,23.56364,21.139654,26.704834,18.381596,9.488063,58.65106,17005000.0
8,5.004115,4.3649225,6.038305,36.424423,13.383648,160.1523,68020000.0
9,0.92616224,0.7787245,1.2941178,103.429955,15.216067,467.5488,272080000.0
