layer,obs_var,var_lower,var_upper,obs_kurt,kurt_lower,kurt_upper,total_samples,kstest_stat_initial,initial_r,initial_eta,initial_scale,initial_exclude_cutoff,best_augmented_var,kstest_stat_cutoff_0.05,kstest_stat_best,best_r,best_eta,best_scale,best_exclude_cutoff,n_pval_0.05
2,18678.723,17502.768,19935.713,4.316421,2.8849814,6.461045,27208.0,0.0127309969470209,9.8,-1.0,53108.59317681305,50.0,16957.363,0.008227320119627842,0.0127309969470209,9.8,-1.0,53108.59317681305,50.0,11478
3,5005.067,4561.6875,5522.817,11.798066,6.4781985,25.282856,108832.0,0.1323999999999998,1.4,-1.2,20408.301884188822,0.0,4493.984375,0.004115201248105526,0.13239999999999974,1.8,-1.23,21680.659216309607,100.0,106
4,1581.1704,1451.1154,1726.02,9.157448,6.1948633,16.083818,333298.0,0.0770699999999998,1.4,-1.2,6447.267087693455,0.0,1436.2464599609375,0.0023519198649528247,0.07706999999999975,1.8,-1.23,6928.989389075067,100.0,306
5,447.84973,409.9501,492.39062,10.531361,6.3679247,30.655203,1149538.0,0.0420999999999998,6.0,-1.3,2873.3967057983527,0.0,447.84973,0.0012665428950382307,0.0420999999999998,6.0,-1.3,2873.3967057983527,0.0,1062
6,107.28208,98.07614,117.777664,10.588803,6.8357916,22.53012,4251250.0,0.0139617219777692,1.1,-1.2,384.3362773052007,0.0,107.2820816040039,0.000658638529926002,0.01258762736286334,1.3,-1.21,436.8114023870533,0.0,11820
7,23.56364,21.139654,26.704834,18.381596,9.488063,58.65106,17005000.0,0.0129989543437318,1.0,-1.2,74.27363077799478,25.0,21.620450973510742,0.00032932907101302186,0.01159039794994765,0.7,-1.17,42.23172148536581,50.0,14010
8,5.004115,4.3649225,6.038305,36.424423,13.383648,160.1523,68020000.0,0.0099469138436397,0.3,-0.9,0.1152098494926486,25.0,4.623251,0.00016466698639267335,0.0099469138436397,0.3,-0.9,0.1152098494926486,25.0,18681
9,0.92616224,0.7787245,1.2941178,103.429955,15.216067,467.5488,272080000.0,0.0069029725403642,0.1,1.2,8.525930950039075e-16,50.0,0.7864261,8.233410583957582e-05,0.0069029725403642,0.1,1.2,8.525930950039075e-16,50.0,37363
