layer,total_samples,initial_r,initial_eta,kstest_stat_initial,initial_exclude_cutoff,best_r,best_eta,best_scale,kstest_stat_best,best_exclude_cutoff,n_pval_0.05
2,27208.0,9.8,-1.0,0.0127309969470209,50.0,9.8,-1.0,53108.59317681305,0.0127309969470209,50.0,11478
3,108832.0,1.4,-1.2,0.1323999999999998,0.0,1.4,-1.2,20408.301884188822,0.1323999999999998,0.0,106
4,333298.0,1.4,-1.2,0.0770699999999998,0.0,1.4,-1.2,6447.267087693455,0.0770699999999998,0.0,306
5,1149538.0,6.0,-1.3,0.0420999999999998,0.0,6.0,-1.3,2873.3967057983527,0.0420999999999998,0.0,1062
6,4251250.0,1.1,-1.2,0.0139617219777692,0.0,1.1,-1.2,384.3362773052007,0.0139617219777692,0.0,9340
7,17005000.0,1.0,-1.2,0.0129989543437318,25.0,1.0,-1.2,74.27363077799478,0.0129989543437318,25.0,10507
8,68020000.0,0.3,-0.9,0.0099469138436397,25.0,0.3,-0.9,0.1152098494926486,0.0099469138436397,25.0,18681
9,272080000.0,0.1,1.2,0.0069029725403642,50.0,0.1,1.2,8.525930950039074e-16,0.0069029725403642,50.0,37363
