layer,total_samples,initial_r,initial_eta,kstest_stat_initial,initial_exclude_cutoff,best_r,best_eta,best_scale,kstest_stat_best,best_exclude_cutoff,n_pval_0.05
2,27208.0,9.8,-1.0,0.0127309969470209,50.0,9.8,-1.0,53108.59317681305,0.0127309969470209,50.0,11478
3,108832.0,1.4,-1.2,0.1323999999999998,0.0,1.8,-1.23,21680.659216309607,0.13239999999999974,100.0,106
4,333298.0,1.4,-1.2,0.0770699999999998,0.0,1.8,-1.23,6928.989389075067,0.07706999999999975,100.0,306
5,1149538.0,6.0,-1.3,0.0420999999999998,0.0,6.0,-1.3,2873.3967057983527,0.0420999999999998,0.0,1062
6,4251250.0,1.1,-1.2,0.0139617219777692,0.0,1.3,-1.21,436.8114023870533,0.01258762736286334,0.0,11820
7,17005000.0,1.0,-1.2,0.0129989543437318,25.0,0.7,-1.17,42.23172148536581,0.01159039794994765,50.0,14010
8,68020000.0,0.3,-0.9,0.0099469138436397,25.0,0.3,-0.9,0.1152098494926486,0.0099469138436397,25.0,18681
9,272080000.0,0.1,1.2,0.0069029725403642,50.0,0.1,1.2,8.525930950039075e-16,0.0069029725403642,50.0,37363
