layer,obs_var,var_lower,var_upper,obs_kurt,kurt_lower,kurt_upper,total_samples
2,4350.7837,3831.53,4905.552,1.6772738,0.9313405,2.5063796,1604
3,968.9302,899.9057,1040.301,3.0719867,2.5643072,3.5935526,6416
4,217.4391,202.80672,232.55736,4.985817,4.2605324,5.749269,25664
5,43.51878,40.164658,47.02584,7.5115385,6.462856,8.661276,102656
6,7.9740963,7.225307,8.763546,12.203962,10.339362,14.276344,410624
7,1.4557234,1.2969353,1.62873,17.483168,14.434976,20.921154,1642496
8,0.3187034,0.28131187,0.35984254,20.5995,16.126682,25.720009,6569984
9,0.106011204,0.095149316,0.11782894,15.365433,11.366612,19.743214,26279936
