layer,obs_var,var_lower,var_upper,obs_kurt,kurt_lower,kurt_upper,total_samples
2,4899.6465,4445.868,5360.4116,0.08713794,-0.14772753,0.34628785,1604
3,1238.6543,1163.6628,1315.2366,1.6051145,1.2354773,2.0103652,6416
4,263.9098,248.47122,279.7959,3.2683768,2.7472556,3.8934398,25664
5,51.531197,47.83718,55.75939,6.744933,4.699508,17.004566,102656
6,9.183132,8.392665,10.085384,10.684343,7.5911617,24.656334,410624
7,1.6108125,1.4480762,1.7958328,15.26972,10.921982,31.450808,1642496
8,0.30767962,0.26863804,0.36081398,29.931046,15.846058,102.20447,6569984
9,0.06822876,0.0579621,0.08343214,47.115646,21.58731,168.76215,26279936
