layer,obs_var,var_lower,var_upper,obs_kurt,kurt_lower,kurt_upper,total_samples
2,19950586.0,17765374.0,22247452.0,1.0218468,0.48492166,1.6798455,1604
3,4729284.5,4410945.0,5059484.5,2.5705795,1.9813442,3.2466831,6416
4,995705.7,933395.2,1059446.5,3.9778576,3.4098752,4.607983,25664
5,192091.86,178234.25,206557.23,6.3133564,5.3960633,7.372621,102656
6,34281.535,31274.32,37440.453,10.347301,8.570536,12.439074,410624
7,5973.0215,5362.109,6636.5303,15.036327,12.208949,18.611473,1642496
8,1113.4789,977.862,1263.2115,22.437618,17.30803,28.91357,6569984
9,239.7848,206.62024,276.4661,30.140068,22.56324,40.925842,26279936
