layer,obs_var,var_lower,var_upper,obs_kurt,kurt_lower,kurt_upper,total_samples,kstest_stat_initial,initial_r,initial_eta,initial_scale,initial_exclude_cutoff,best_augmented_var,kstest_stat_cutoff_0.05,kstest_stat_best,best_r,best_eta,best_scale,best_exclude_cutoff,n_pval_0.05
2,19950586.0,17765374.0,22247452.0,1.0218468,0.48492166,1.6798455,1604,0.0208122191987868,0.4,2.4,56123.19749586347,0.0,19950586.0,0.033804382765303224,0.02078386945841182,0.42,2.2,94249.14716419727,0.0,4059
3,4729284.5,4410945.0,5059484.5,2.5705795,1.9813442,3.2466831,6416,0.0105375950542704,0.3,1.2,2106.0659780705832,0.0,4729284.5,0.016928848255368546,0.010359865405320579,0.34,0.9,10479.087162885602,0.0,17340
4,995705.7,933395.2,1059446.5,3.9778576,3.4098752,4.607983,25664,0.0103549376485515,0.4,-0.3,38045.58067584388,0.0,995705.6875,0.008471003560381446,0.009160683075515097,0.43,-0.4,68402.12285050529,0.0,21654
5,192091.86,178234.25,206557.23,6.3133564,5.3960633,7.372621,102656,0.0074473694754531,0.5,-0.9,72762.06794507576,0.0,192091.86,0.004237135996393022,0.0074473694754531,0.5,-0.9,72762.06794507576,0.0,32481
6,34281.535,31274.32,37440.453,10.347301,8.570536,12.439074,410624,0.0113376402549646,0.3,-0.8,575.9624329231594,25.0,34281.53515625,0.002118975219285392,0.009435385478247849,0.34,-0.9,2032.0856994164888,0.0,21654
7,5973.0215,5362.109,6636.5303,15.036327,12.208949,18.611473,1642496,0.0166843096549881,0.5,-1.1,3668.2613796657993,100.0,5733.23828125,0.0010595892481240078,0.016482832729465935,0.48,-1.1,3489.607461427485,25.0,6849
8,1113.4789,977.862,1263.2115,22.437618,17.30803,28.91357,6569984,0.0052576957139794,0.2,-0.7,0.1656962621779669,0.0,1051.7786865234375,0.0005298200128246353,0.00477548083625462,0.2,-0.69,0.14977440141759282,25.0,76992
9,239.7848,206.62024,276.4661,30.140068,22.56324,40.925842,26279936,0.0182496007532355,0.1,0.0,3.3691809863955543e-11,0.0,195.82408142089844,0.0002649163509945643,0.017468294623827485,0.12,-0.2,4.614350504894465e-08,100.0,6088
