layer,obs_var,var_lower,var_upper,obs_kurt,kurt_lower,kurt_upper,total_samples,kstest_stat_initial,initial_r,initial_eta,initial_scale,initial_exclude_cutoff,best_augmented_var,kstest_stat_cutoff_0.05,kstest_stat_best,best_r,best_eta,best_scale,best_exclude_cutoff,n_pval_0.05
2,4899.6465,4445.868,5360.4116,0.08713794,-0.14772753,0.34628785,1604,0.015611096961686,8.7,0.3,7808.865977190436,0.0,4899.6465,0.033804382765303224,0.015611096961686,8.7,0.3,7808.865977190436,0.0,7704
3,1238.6543,1163.6628,1315.2366,1.6051145,1.2354773,2.0103652,6416,0.0067648728330307,1.9,-0.6,2315.958587354404,0.0,1238.654296875,0.016928848255368546,0.006439703634692262,1.94,-0.6,2335.7562216642195,0.0,46245
4,263.9098,248.47122,279.7959,3.2683768,2.7472556,3.8934398,25664,0.0025962406605707,1.3,-0.9,556.1208811939407,0.0,263.9097900390625,0.008471003560381446,0.002557894035448538,1.29,-0.9,553.1372567903808,0.0,292329
5,51.531197,47.83718,55.75939,6.744933,4.699508,17.004566,102656,0.0054071921098931,0.7,-1.0,61.5051747110161,0.0,51.53119659423828,0.004237135996393022,0.0050595963444118874,0.71,-1.0,63.19886238111653,0.0,73081
6,9.183132,8.392665,10.085384,10.684343,7.5911617,24.656334,410624,0.0088125804106604,0.5,-1.0,4.053410530090332,150.0,8.514945983886719,0.0021189752192853914,0.0075935630580796845,0.48,-1.0,3.6974387993977365,75.0,32481
7,1.6108125,1.4480762,1.7958328,15.26972,10.921982,31.450808,1642496,0.0136556529461613,0.5,-1.1,1.0156426992681291,75.0,1.6108125448226929,0.0010595892481240078,0.01312101835366497,0.5,-1.11,1.1601934203563047,0.0,10827
8,0.30767962,0.26863804,0.36081398,29.931046,15.846058,102.20447,6569984,0.005860252586747,0.3,-0.9,0.006153407292882,150.0,0.2679513394832611,0.0005298200128246353,0.005075364429237398,0.25,-0.8,0.0009045760261485512,75.0,73081
9,0.06822876,0.0579621,0.08343214,47.115646,21.58731,168.76215,26279936,0.0174550055927598,0.1,0.1,5.0020462908892466e-15,50.0,0.059332654,0.0002649163509945643,0.0174550055927598,0.1,0.1,5.0020462908892466e-15,50.0,6088
