layer,obs_var,var_lower,var_upper,obs_kurt,kurt_lower,kurt_upper,total_samples,kstest_stat_initial,initial_r,initial_eta,initial_scale,initial_exclude_cutoff,best_augmented_var,kstest_stat_cutoff_0.05
2,4899.6465,4445.868,5360.4116,0.08713794,-0.14772753,0.34628785,1604,0.015611096961686,8.7,0.3,7808.865977190436,0.0,4899.6465,0.033804382765303224
3,1238.6543,1163.6628,1315.2366,1.6051145,1.2354773,2.0103652,6416,0.006764872833030733,1.9,-0.6,2315.9585873544033,0.0,1238.6543,0.016928848255368546
4,263.9098,248.47122,279.7959,3.2683768,2.7472556,3.8934398,25664,0.0025962406605707644,1.3,-0.9,556.1208811939407,0.0,263.9098,0.008471003560381446
5,51.531197,47.83718,55.75939,6.744933,4.699508,17.004566,102656,0.005407192109893155,0.7,-1.0,61.5051747110161,0.0,51.531197,0.004237135996393022
6,9.183132,8.392665,10.085384,10.684343,7.5911617,24.656334,410624,0.008812580410660471,0.5,-1.0,4.053410530090332,150.0,8.106821,0.0021189752192853914
7,1.6108125,1.4480762,1.7958328,15.26972,10.921982,31.450808,1642496,0.013655652946161334,0.5,-1.1,1.0156426992681293,75.0,1.4625255,0.0010595892481240078
8,0.30767962,0.26863804,0.36081398,29.931046,15.846058,102.20447,6569984,0.005860252586747078,0.3,-0.9,0.00615340729288201,150.0,0.24692981,0.0005298200128246353
9,0.06822876,0.0579621,0.08343214,47.115646,21.58731,168.76215,26279936,0.01745500559275981,0.1,0.1,5.002046290889247e-15,50.0,0.059332654,0.0002649163509945643
