layer,total_samples,initial_r,initial_eta,kstest_stat_initial,initial_exclude_cutoff,best_r,best_eta,best_scale,kstest_stat_best,best_exclude_cutoff,n_pval_0.05
2,1604,0.4,2.4,0.0208122191987868,0.0,0.42,2.2,94249.14716419727,0.02078386945841182,0.0,4059
3,6416,0.3,1.2,0.0105375950542704,0.0,0.34,0.9,10479.087162885602,0.010359865405320579,0.0,17340
4,25664,0.4,-0.3,0.0103549376485515,0.0,0.43,-0.4,68402.12285050529,0.009160683075515097,0.0,21654
5,102656,0.5,-0.9,0.0074473694754531,0.0,0.5,-0.9,72762.06794507576,0.0074473694754531,0.0,32481
6,410624,0.3,-0.8,0.0113376402549646,25.0,0.34,-0.9,2032.0856994164888,0.009435385478247849,0.0,21654
7,1642496,0.5,-1.1,0.0166843096549881,100.0,0.48,-1.1,3489.607461427485,0.016482832729465935,25.0,6849
8,6569984,0.2,-0.7,0.0052576957139794,0.0,0.2,-0.69,0.14977440141759282,0.00477548083625462,25.0,76992
9,26279936,0.1,0.0,0.0182496007532355,0.0,0.12,-0.2,4.614350504894465e-08,0.017468294623827485,100.0,6088
