layer,total_samples,initial_r,initial_eta,kstest_stat_initial,initial_exclude_cutoff,best_r,best_eta,best_scale,kstest_stat_best,best_exclude_cutoff,n_pval_0.05
2,1604,20.0,-0.7,0.0109653979881722,0.0,20.0,-0.7,10024.694187052177,0.0109653979881722,0.0,15411
3,6416,1.7,-1.0,0.015021930649777,0.0,2.0,-1.02,2960.472457016684,0.014240999182952074,0.0,9133
4,25664,1.1,-1.2,0.0291379841764425,0.0,1.5,-1.23,1000.16647562604,0.028756330964442856,0.0,2281
5,102656,1.1,-1.3,0.0627099999999998,0.0,1.1,-1.3,231.3642892111692,0.0627099999999998,0.0,450
6,410624,1.1,-1.3,0.1027499999999997,0.0,1.1,-1.3,42.39367768444657,0.1027499999999997,0.0,168
7,1642496,1.1,-1.3,0.1415399999999997,0.0,1.1,-1.3,7.739242983329013,0.1415399999999997,0.0,94
8,6569984,0.3,-1.3,0.1755499999999997,0.0,0.3,-1.3,0.0719270014854632,0.1755499999999997,0.0,55
9,26279936,0.2,-0.3,0.2096899999999997,0.0,0.2,-0.3,3.505661521875664e-06,0.2096899999999997,0.0,40
