band,obs_var,var_lower,var_upper,obs_kurt,kurt_lower,kurt_upper,total_samples
2,0.042188358,0.040606793,0.04377933,-0.02253437,-0.13497525,0.09583309,9264.0
5,0.041461483,0.039966907,0.042982895,-0.0029785633,-0.12398583,0.12925144,11580.0
8,0.041346855,0.03983482,0.042877223,0.054592133,-0.06463039,0.18274628,17756.0
11,0.041713014,0.040225115,0.043228082,-0.03347969,-0.14416793,0.08599269,23932.0
14,0.041483007,0.039977796,0.043031164,0.027959347,-0.09668637,0.16602194,34740.0
17,0.042025004,0.040503103,0.043569885,-0.02319336,-0.13794047,0.09931614,20072.0
20,0.041417774,0.03994527,0.042912193,-0.02212882,-0.17141122,0.1892801,10808.0
