layer,total_samples,initial_r,initial_eta,kstest_stat_initial,initial_exclude_cutoff,best_r,best_eta,best_scale,kstest_stat_best,best_exclude_cutoff,n_pval_0.05
2,27208.0,5.9,-1.0,0.0139933950453697,0.0,6.0,-0.98,54295.09711256424,0.013854550368949892,100.0,9682
3,108832.0,1.4,-1.2,0.1329799999999997,0.0,1.4,-1.2,22777.292067498456,0.1329799999999997,0.0,106
4,333298.0,1.4,-1.2,0.0777599999999997,0.0,1.4,-1.2,7354.342922677114,0.0777599999999997,0.0,306
5,1149538.0,1.4,-1.2,0.0429899999999997,0.0,1.8,-1.23,2270.0663518145625,0.042989999999999695,100.0,945
6,4251250.0,1.1,-1.2,0.0134693136114129,0.0,1.5,-1.22,549.5459301441671,0.01098178227784824,0.0,15760
7,17005000.0,1.0,-1.2,0.012729853451409,50.0,0.6,-1.16,37.05738186980895,0.010997689523173149,0.0,15760
8,68020000.0,0.3,-0.9,0.0105031382234382,50.0,0.3,-0.91,0.13247356834694726,0.009788737838775763,25.0,18681
9,272080000.0,0.1,1.1,0.0073862131727145,50.0,0.12,0.7,5.703278080770069e-12,0.007172334726527285,75.0,37363
