band,obs_var,var_lower,var_upper,obs_kurt,kurt_lower,kurt_upper,total_samples
2,61.02194,51.652294,76.82754,57.824417,16.380585,220.28287,7196736.0
3,27.5657,22.142828,39.927826,143.205,22.352873,550.1606,7196736.0
4,27.667393,21.896322,40.108814,147.40817,32.51594,561.1784,7196736.0
5,8.644229,6.768178,12.029605,129.25038,39.217457,446.51456,28786944.0
6,1.8839297,1.4341528,3.110655,274.51315,36.34391,939.5075,14393472.0
7,0.5607745,0.44318402,0.7596238,108.60464,36.995926,367.02264,14393472.0
8,0.24810322,0.18917526,0.35540542,152.07666,48.020767,509.5851,14393472.0
9,0.17096965,0.12396663,0.2519046,194.03012,67.99017,566.9465,14618370.0
