layer,obs_var,var_lower,var_upper,obs_kurt,kurt_lower,kurt_upper,total_samples,kstest_stat_initial,initial_r,initial_eta,initial_scale,initial_exclude_cutoff,best_augmented_var,kstest_stat_cutoff_0.05
2,2835.8254,2581.759,3105.6416,2.1255531,1.3223112,3.054123,3180.0,0.016854802869844004,0.2,5.1,5.421436408626211e-05,0.0,2835.8254,0.024030335482930112
3,960.8778,913.51196,1010.5498,1.9211588,1.5037087,2.410838,12720.0,0.0044464315325425385,0.6,0.6,103.20429314873728,0.0,960.8778,0.01202851450611388
4,272.2199,257.16483,287.636,2.6850724,2.1671453,3.3682249,50880.0,0.004907454703113712,0.8,-0.3,146.12471540177657,25.0,265.19287,0.006017563498360196
5,62.487495,58.592915,66.50991,4.1418247,3.3653462,5.1499014,203520.0,0.002375195116022799,0.6,-0.5,20.30492240023137,0.0,62.487495,0.0030096044936828606
6,11.940125,11.069906,12.845367,6.1361427,4.9532576,7.771889,814080.0,0.003817391980272755,0.4,-0.5,0.6613537925447174,0.0,11.940125,0.0015050074551751034
7,2.0665524,1.8996308,2.2429564,8.494821,6.8026047,11.325263,3256320.0,0.006297889270153456,0.3,-0.5,0.014757569795499779,0.0,2.0665524,0.0007525549699048645
8,0.29501566,0.2688122,0.32427412,11.302633,8.270649,20.854568,13025280.0,0.0066566949052839774,0.2,0.0,3.7922566473560067e-06,50.0,0.27732477,0.0003762902880576396
