band,obs_var,var_lower,var_upper,obs_kurt,kurt_lower,kurt_upper,total_samples,kstest_stat_initial,initial_r,initial_eta,initial_scale,initial_exclude_cutoff,best_augmented_var,kstest_stat_cutoff_0.05
2,74.89878,60.58253,96.66982,81.446304,26.894161,243.59503,7281120.0,0.002693595031758138,0.2,-0.6,0.005861164107372747,50.0,60.110817,0.0005032832335974628
3,29.164696,24.40879,36.506966,59.589302,21.501167,199.60582,7281120.0,0.002512790077355387,0.3,-0.9,0.5843606177553875,75.0,23.449781,0.0005032832335974628
4,17.610868,13.961561,26.559898,175.80545,27.692068,671.88556,7281120.0,0.003503442071709384,0.3,-1.0,0.47764664260485973,100.0,12.698509,0.0005032832335974628
5,14.123198,10.813453,22.130413,221.24048,40.726257,784.5331,29124480.0,0.005321678487229267,0.1,-0.3,7.940290388380421e-12,75.0,10.163062,0.00025164734159732874
6,4.26652,3.277308,6.3586917,176.74278,42.27238,626.3392,14562240.0,0.006079057057993387,0.1,-0.2,1.2299534604515914e-12,100.0,2.886146,0.0003558797301684068
7,0.9973231,0.7784917,1.4001399,131.50168,39.62189,462.6557,14562240.0,0.006450484600285189,0.1,0.1,4.90424240924128e-14,200.0,0.58172536,0.0003558797301684068
8,0.37881282,0.28586215,0.61026645,248.77643,44.356453,863.7199,14562240.0,0.006473518410185184,0.1,0.3,5.8148087658719435e-15,300.0,0.17801218,0.0003558797301684068
9,0.26798713,0.18553863,0.49013162,447.445,68.90411,1361.1711,14789775.0,0.005689846103952783,0.1,0.0,1.3366341217773492e-14,300.0,0.09512833,0.00035313167074730353
