band,obs_var,var_lower,var_upper,obs_kurt,kurt_lower,kurt_upper,total_samples,kstest_stat_initial,initial_r,initial_eta,initial_scale,initial_exclude_cutoff,best_augmented_var,kstest_stat_cutoff_0.05,kstest_stat_best,best_r,best_eta,best_scale,best_exclude_cutoff,n_pval_0.05
2,74.89878,60.58253,96.66982,81.446304,26.894161,243.59503,7281120.0,0.0026935950317581,0.2,-0.6,0.0058611641073727,50.0,64.4194564819336,0.0005032832335974628,0.001742603206574378,0.2,-0.64,0.00740510514002093,25.0,615033
3,29.164696,24.40879,36.506966,59.589302,21.501167,199.60582,7281120.0,0.0025127900773553,0.3,-0.9,0.5843606177553875,75.0,24.50943374633789,0.0005032832335974628,0.0017646156750513696,0.3,-0.91,0.6348859078064657,50.0,575946
4,17.610868,13.961561,26.559898,175.80545,27.692068,671.88556,7281120.0,0.0035034420717093,0.3,-1.0,0.4776466426048597,100.0,17.610868453979492,0.0005032832335974628,0.0018258726731136266,0.2,-0.84,0.005091656516737286,0.0,575946
5,14.123198,10.813453,22.130413,221.24048,40.726257,784.5331,29124480.0,0.0053216784872292,0.1,-0.3,7.940290388380421e-12,75.0,11.726324081420898,0.00025164734159732874,0.004460821555577067,0.08,0.0,5.810986957351284e-17,25.0,95989
6,4.26652,3.277308,6.3586917,176.74278,42.27238,626.3392,14562240.0,0.0060790570579933,0.1,-0.2,1.2299534604515914e-12,100.0,2.886146068572998,0.0003558797301684068,0.005372900813027638,0.1,-0.21,1.3046240692882315e-12,100.0,63993
7,0.9973231,0.7784917,1.4001399,131.50168,39.62189,462.6557,14562240.0,0.0064504846002851,0.1,0.1,4.90424240924128e-14,200.0,0.6608947515487671,0.0003558797301684068,0.0056271924772629545,0.08,0.4,3.0779131343685804e-19,125.0,56883
8,0.37881282,0.28586215,0.61026645,248.77643,44.356453,863.7199,14562240.0,0.0064735184101851,0.1,0.3,5.814808765871944e-15,300.0,0.19928357005119324,0.0003558797301684068,0.005679472623576416,0.08,0.7,2.037871609787164e-20,225.0,56883
9,0.26798713,0.18553863,0.49013162,447.445,68.90411,1361.1711,14789775.0,0.0056898461039527,0.1,0.0,1.3366341217773492e-14,300.0,0.11684904992580414,0.00035313167074730353,0.004774147540692622,0.08,0.3,9.430798453984881e-20,200.0,82255
