layer,obs_var,var_lower,var_upper,obs_kurt,kurt_lower,kurt_upper,total_samples,adtest_stat_initial,initial_r,initial_eta,initial_scale,initial_exclude_cutoff,best_augmented_var,adtest_stat_cutoff_0.05
2,5961.2866,5451.368,6480.8755,-0.21616197,-0.416669,-0.000942437,1604.0,32.36352044522437,20.0,20.0,6088.999475296242,0.0,5961.2866,2.4923671600493953
3,1395.3053,1316.4747,1475.4133,1.1246772,0.86038804,1.4120353,6416.0,45.437173705966416,20.0,-0.5,2855.5937562565136,0.0,1395.3053,2.4923671600493953
4,303.52496,286.1118,321.35355,3.0588317,2.5780659,3.607385,25664.0,77.08496249565724,1.5,-0.9,697.2060196490273,0.0,303.52496,2.4923671600493953
5,56.94941,52.949753,61.349445,6.1560144,4.5728645,12.388952,102656.0,155.7662354214298,0.8,-1.0,85.68394784645189,0.0,56.94941,2.4923671600493953
6,10.206708,9.360462,11.113865,9.196087,7.2687416,14.028964,410624.0,355.7574296019643,0.6,-1.1,11.608121601183429,0.0,10.206708,2.4923671600493953
7,1.8130561,1.6291888,2.025285,15.560154,10.84943,32.48941,1642496.0,1111.8619475119535,0.3,-0.9,0.045180744773979674,0.0,1.8130561,2.4923671600493953
8,0.34284762,0.30100295,0.39607334,25.704681,15.145402,79.468124,6569984.0,1845.4554493540404,0.2,-0.7,5.101899039887246e-05,0.0,0.34284762,2.4923671600493953
9,0.074812025,0.06399719,0.09049587,42.37573,19.983353,147.34677,26279936.0,3720.951459310579,0.2,-0.8,1.771550519566876e-05,0.0,0.074812025,2.4923671600493953
