layer,obs_var,var_lower,var_upper,obs_kurt,kurt_lower,kurt_upper,total_samples
2,1372.283,1206.6862,1549.1652,2.7393374,1.7762325,3.951763,2006.0
3,306.62595,287.39026,326.49527,2.9398966,2.4358459,3.4959693,8024.0
4,64.093056,59.77165,68.55486,5.1342697,4.2764096,6.1630387,32096.0
5,12.861583,11.860967,13.899074,7.5396757,6.28588,9.074041,128384.0
6,2.565435,2.3400364,2.8070223,10.590967,8.536936,13.486422,513536.0
7,0.5747222,0.5207186,0.6332086,12.501986,9.616921,17.318787,2054144.0
8,0.19737625,0.17936163,0.2166479,11.300205,8.657792,15.557276,8216576.0
9,0.09500594,0.08686452,0.10387101,10.053569,7.2133155,15.665902,32866304.0
