layer,obs_var,var_lower,var_upper,obs_kurt,kurt_lower,kurt_upper,total_samples
2,1270.4576,1168.3673,1376.895,0.48997712,0.1194926,0.91306627,2446.0
3,299.6182,284.33896,315.5609,1.9920597,1.6281576,2.4310813,9784.0
4,63.174885,58.86978,67.90869,5.6027822,3.600154,9.362343,39136.0
5,12.390842,11.438591,13.486277,8.176788,5.416881,19.982847,156544.0
6,2.4288213,2.2123823,2.730339,13.770252,7.0586777,52.622623,626176.0
7,0.5177899,0.46462148,0.6264075,29.275566,8.197229,170.89534,2504704.0
8,0.15233928,0.13436916,0.19648597,49.609196,9.834152,280.1997,10018816.0
9,0.046734266,0.040590864,0.059937645,54.144787,13.522397,272.3144,40075264.0
