layer,obs_var,var_lower,var_upper,obs_kurt,kurt_lower,kurt_upper,total_samples,kstest_stat_initial,initial_r,initial_eta,initial_scale,initial_exclude_cutoff,best_augmented_var,kstest_stat_cutoff_0.05
2,1270.4576,1168.3673,1376.895,0.48997712,0.1194926,0.91306627,2446.0,0.015839126740195497,7.3,-0.2,2320.5083639360805,0.0,1270.4576,0.027391058317828124
3,299.6182,284.33896,315.5609,1.9920597,1.6281576,2.4310813,9784.0,0.0080098344083544,20.0,-0.9,818.8161263340298,0.0,299.6182,0.01371292533206765
4,63.174885,58.86978,67.90869,5.6027822,3.600154,9.362343,39136.0,0.0038787432735075678,1.3,-1.0,156.5743150142385,0.0,63.174885,0.006860766614414416
5,12.390842,11.438591,13.486277,8.176788,5.416881,19.982847,156544.0,0.004118316987098983,0.7,-1.0,14.789117647528814,0.0,12.390842,0.0034314536386640306
6,2.4288213,2.2123823,2.730339,13.770252,7.0586777,52.622623,626176.0,0.01066974854437075,0.8,-1.1,4.0932897798457635,150.0,2.1224751,0.0017159936940756553
7,0.5177899,0.46462148,0.6264075,29.275566,8.197229,170.89534,2504704.0,0.012076437632030035,1.0,-1.2,1.7259663343429563,0.0,0.5177899,0.0008580634771374716
8,0.15233928,0.13436916,0.19648597,49.609196,9.834152,280.1997,10018816.0,0.007831726438585984,0.5,-1.1,0.09355932060215211,75.0,0.13472542,0.000429048385014687
9,0.046734266,0.040590864,0.059937645,54.144787,13.522397,272.3144,40075264.0,0.01772195922763342,0.4,-1.1,0.008956465787491727,500.0,0.02976548,0.0002145283527339156
