layer,obs_var,var_lower,var_upper,obs_kurt,kurt_lower,kurt_upper,total_samples,kstest_stat_initial,initial_r,initial_eta,initial_scale,initial_exclude_cutoff,best_augmented_var,kstest_stat_cutoff_0.05,kstest_stat_best,best_r,best_eta,best_scale,best_exclude_cutoff,n_pval_0.05
2,1270.4576,1168.3673,1376.895,0.48997712,0.1194926,0.91306627,2446.0,0.0158391267401954,7.3,-0.2,2320.5083639360805,0.0,1270.4576,0.027391058317828124,0.0158391267401954,7.3,-0.2,2320.5083639360805,0.0,7432
3,299.6182,284.33896,315.5609,1.9920597,1.6281576,2.4310813,9784.0,0.0080098344083544,20.0,-0.9,818.8161263340298,0.0,299.6182,0.01371292533206765,0.0080098344083544,20.0,-0.9,818.8161263340298,0.0,27859
4,63.174885,58.86978,67.90869,5.6027822,3.600154,9.362343,39136.0,0.0038787432735075,1.3,-1.0,156.5743150142385,0.0,63.17488479614258,0.006860766614414416,0.0034396903371411436,1.4,-1.01,166.38391395681288,0.0,148594
5,12.390842,11.438591,13.486277,8.176788,5.416881,19.982847,156544.0,0.0041183169870989,0.7,-1.0,14.789117647528814,0.0,12.390842,0.0034314536386640306,0.0041183169870989,0.7,-1.0,14.789117647528814,0.0,111445
6,2.4288213,2.2123823,2.730339,13.770252,7.0586777,52.622623,626176.0,0.0106697485443707,0.8,-1.1,4.093289779845764,150.0,2.09242844581604,0.0017159936940756553,0.0097286948320211,1.2,-1.13,6.4990778508656195,175.0,19568
7,0.5177899,0.46462148,0.6264075,29.275566,8.197229,170.89534,2504704.0,0.01207643763203,1.0,-1.2,1.7259663343429563,0.0,0.517789900302887,0.0008580634771374716,0.011041322191313818,1.2,-1.21,2.022837538291311,0.0,14676
8,0.15233928,0.13436916,0.19648597,49.609196,9.834152,280.1997,10018816.0,0.0078317264385859,0.5,-1.1,0.0935593206021521,75.0,0.15233927965164185,0.000429048385014687,0.005866067336842584,0.5,-1.12,0.1138900117012873,0.0,55722
9,0.046734266,0.040590864,0.059937645,54.144787,13.522397,272.3144,40075264.0,0.0177219592276334,0.4,-1.1,0.0089564657874917,500.0,0.031065570190548897,0.0002145283527339156,0.016809243155022746,0.4,-1.11,0.009752783525289691,425.0,6190
