layer,total_samples,initial_r,initial_eta,kstest_stat_initial,initial_exclude_cutoff,best_r,best_eta,best_scale,kstest_stat_best,best_exclude_cutoff,n_pval_0.05
2,2006.0,0.8,-0.3,0.0110764562257013,0.0,0.67,-0.1,392.2882090193807,0.010460482533442228,0.0,17131
3,8024.0,1.4,-1.0,0.0135970106158544,0.0,1.7,-1.03,909.7409862763529,0.01272913815502652,0.0,12036
4,32096.0,5.5,-1.2,0.0209382189380913,250.0,5.5,-1.2,221.89221349341375,0.0209382189380913,250.0,4012
5,128384.0,1.4,-1.2,0.0423399999999997,0.0,1.4,-1.2,52.44346761490691,0.0423399999999997,0.0,1003
6,513536.0,1.1,-1.3,0.0793499999999998,0.0,1.1,-1.3,13.638940086788503,0.0793499999999998,0.0,280
7,2054144.0,1.1,-1.3,0.1219499999999997,0.0,1.1,-1.3,3.055466796119376,0.1219499999999997,0.0,125
8,8216576.0,0.2,-0.3,0.1640299999999998,0.0,0.2,-0.3,6.526992434547052e-06,0.1640299999999998,0.0,69
9,32866304.0,0.2,-0.3,0.2070099999999998,0.0,0.2,-0.3,3.141730718275222e-06,0.2070099999999998,0.0,-1
