layer,obs_var,var_lower,var_upper,obs_kurt,kurt_lower,kurt_upper,total_samples
2,,,,,,,0
3,79735.64,76177.54,83407.18,1.0536423,0.8210764,1.3182606,19544
4,129412.03,124235.086,134673.4,0.4271176,0.22110608,0.66480964,177766
5,38390.297,36425.37,40415.066,2.094468,1.5713282,2.7861636,820632
6,12667.709,11567.081,13817.15,9.891224,8.672808,11.163638,3670424
7,1314.7761,1189.517,1448.2871,12.748015,10.145151,20.341785,15384514
8,56.887344,47.69578,76.797424,91.038864,11.89342,375.47318,62976002
9,2.2289224,1.633102,4.19724,495.82333,16.132544,1411.2899,254776200
