layer,obs_var,var_lower,var_upper,obs_kurt,kurt_lower,kurt_upper,total_samples,kstest_stat_initial,initial_r,initial_eta,initial_scale,initial_exclude_cutoff,best_augmented_var,kstest_stat_cutoff_0.05
2,,,,,,,0,,,,,,,
3,79735.64,76177.54,83407.18,1.0536423,0.8210764,1.3182606,19544,0.0054359190794831536,0.3,5.7,1.7107929057624047,0.0,79735.64,0.009706021896506337
4,129412.03,124235.086,134673.4,0.4271176,0.22110608,0.66480964,177766,0.007301494278806858,1.8,2.4,89075.92448682369,0.0,129412.03,0.003220181317494518
5,38390.297,36425.37,40415.066,2.094468,1.5713282,2.7861636,820632,0.0014325750817678617,1.3,0.0,35907.17211281321,50.0,37375.438,0.0014989881740439803
6,12667.709,11567.081,13817.15,9.891224,8.672808,11.163638,3670424,0.00593465051401465,0.3,-0.1,30.773946105699732,250.0,10542.888,0.0007088353466666655
7,1314.7761,1189.517,1448.2871,12.748015,10.145151,20.341785,15384514,0.002771648194247911,0.2,-0.1,0.02289326104938894,25.0,1269.2024,0.0003462388787131613
8,56.887344,47.69578,76.797424,91.038864,11.89342,375.47318,62976002,0.0021501894020271584,0.1,1.3,4.500508415220791e-14,0.0,56.887344,0.000171134296658041
9,2.2289224,1.633102,4.19724,495.82333,16.132544,1411.2899,254776200,0.005503076085138003,0.1,4.8,6.555099858201118e-19,300.0,1.2754952,8.508412696542748e-05
