layer,obs_var,var_lower,var_upper,obs_kurt,kurt_lower,kurt_upper,total_samples,adtest_stat_initial,initial_r,initial_eta,initial_scale,initial_exclude_cutoff,best_augmented_var,adtest_stat_cutoff_0.05
2,2275.5007,2053.2039,2515.6301,2.9851513,1.7707645,4.3670983,3180.0,2.0095928785058277,0.4,1.3,13.733982013195327,0.0,2275.5007,2.4923671600493953
3,731.8085,692.46075,773.1926,2.6773448,2.0222383,3.4513702,12720.0,0.30312173537276976,0.4,1.3,4.416893496868105,0.0,731.8085,2.4923671600493953
4,204.85616,192.84445,217.28966,3.3311763,2.626189,4.2267427,50880.0,2.523016506806016,0.5,0.1,15.242273466927665,0.0,204.85616,2.4923671600493953
5,47.32907,44.213856,50.590443,4.919961,3.8916028,6.2302814,203520.0,3.349259246246517,0.6,-0.5,15.379286821251675,0.0,47.32907,2.4923671600493953
6,9.356699,8.643291,10.108271,7.0532923,5.380576,9.599891,814080.0,36.90774688436911,0.5,-0.6,1.7671638064914286,50.0,8.906506,2.4923671600493953
7,1.7147584,1.5710897,1.8688626,9.429799,7.1827817,13.313757,3256320.0,240.44677536965312,0.4,-0.7,0.14742077339552656,0.0,1.7147584,2.4923671600493953
8,0.26178214,0.23745756,0.29004395,13.01199,8.738512,28.509798,13025280.0,1580.1516436935426,0.2,-0.1,4.7219000638477304e-06,0.0,0.26178214,2.4923671600493953
