layer,obs_var,var_lower,var_upper,obs_kurt,kurt_lower,kurt_upper,total_samples,adtest_stat_initial,initial_r,initial_eta,initial_scale,initial_exclude_cutoff,best_augmented_var,adtest_stat_cutoff_0.05,adtest_stat_best,best_r,best_eta,best_scale,best_exclude_cutoff
2,2275.5007,2053.2039,2515.6301,2.9851513,1.7707645,4.3670983,3180.0,2.0095928785058277,0.4,1.3,13.733982013195329,0.0,2275.5007,2.4923671600493953,2.0095928785058277,0.4,1.3,13.733982013195329,0.0
3,731.8085,692.46075,773.1926,2.6773448,2.0222383,3.4513702,12720.0,0.3031217353727697,0.4,1.3,4.416893496868105,0.0,731.8084716796875,2.4923671600493953,0.2958268119236891,0.46,0.9,16.159864398494094,0.0
4,204.85616,192.84445,217.28966,3.3311763,2.626189,4.2267427,50880.0,2.523016506806016,0.5,0.1,15.242273466927664,0.0,204.8561553955078,2.4923671600493953,2.42343292444275,0.58,-0.1,35.8928891529327,0.0
5,47.32907,44.213856,50.590443,4.919961,3.8916028,6.2302814,203520.0,3.349259246246517,0.6,-0.5,15.379286821251675,0.0,47.329071044921875,2.4923671600493953,1.5500631660623476,0.5,-0.34,6.144717366654789,0.0
6,9.356699,8.643291,10.108271,7.0532923,5.380576,9.599891,814080.0,36.90774688436911,0.5,-0.6,1.7671638064914286,50.0,9.356698989868164,2.4923671600493953,16.836589904455842,0.42,-0.5,0.680293462467776,0.0
7,1.7147584,1.5710897,1.8688626,9.429799,7.1827817,13.313757,3256320.0,240.44677536965312,0.4,-0.7,0.1474207733955265,0.0,1.7147583961486816,2.4923671600493953,191.24297619181576,0.35,-0.6,0.051414785493361564,0.0
8,0.26178214,0.23745756,0.29004395,13.01199,8.738512,28.509798,13025280.0,1580.1516436935426,0.2,-0.1,4.7219000638477304e-06,0.0,0.26178213953971863,2.4923671600493953,1323.7249101028206,0.22,-0.2,2.637363198365476e-05,0.0
