layer,total_samples,initial_r,initial_eta,adtest_stat_initial,initial_exclude_cutoff,best_r,best_eta,best_scale,adtest_stat_best,best_exclude_cutoff
2,3180.0,0.4,1.3,2.0095928785058277,0.0,0.4,1.3,13.733982013195329,2.0095928785058277,0.0
3,12720.0,0.4,1.3,0.3031217353727697,0.0,0.46,0.9,16.159864398494094,0.2958268119236891,0.0
4,50880.0,0.5,0.1,2.523016506806016,0.0,0.58,-0.1,35.8928891529327,2.42343292444275,0.0
5,203520.0,0.6,-0.5,3.349259246246517,0.0,0.5,-0.34,6.144717366654789,1.5500631660623476,0.0
6,814080.0,0.5,-0.6,36.90774688436911,50.0,0.42,-0.5,0.680293462467776,16.836589904455842,0.0
7,3256320.0,0.4,-0.7,240.44677536965312,0.0,0.35,-0.6,0.051414785493361564,191.24297619181576,0.0
8,13025280.0,0.2,-0.1,1580.1516436935426,0.0,0.22,-0.2,2.637363198365476e-05,1323.7249101028206,0.0
