layer,obs_var,var_lower,var_upper,obs_kurt,kurt_lower,kurt_upper,total_samples
2,,,,,,,0.0
3,1917588.4,1678674.1,2165048.5,-0.62835956,-0.86953527,-0.3481748,564.0
4,814282.0,777582.6,851497.5,1.1168466,0.8789918,1.4055643,22538.0
5,249365.95,231914.97,267766.94,5.788045,4.9612856,6.675331,296776.0
6,43869.16,40573.156,47332.902,6.932356,5.826878,8.281218,2880648.0
7,6100.906,5614.9565,6619.6543,8.188866,6.8847647,9.728744,25362406.0
8,432.0266,394.0085,475.6335,11.321023,7.5657606,25.1096,213093688.0
