layer,obs_var,var_lower,var_upper,obs_kurt,kurt_lower,kurt_upper,total_samples,kstest_stat_initial,initial_r,initial_eta,initial_scale,initial_exclude_cutoff,best_augmented_var,kstest_stat_cutoff_0.05
2,,,,,,,0.0,,,,,,,
3,1917588.4,1678674.1,2165048.5,-0.62835956,-0.86953527,-0.3481748,564.0,0.053007183783921275,1.0,20.0,89190.15697674418,0.0,1917588.4,0.05688208329075035
4,814282.0,777582.6,851497.5,1.1168466,0.8789918,1.4055643,22538.0,0.01690054901124724,0.6,0.5,94258.5184903226,0.0,814282.0,0.009038925508419116
5,249365.95,231914.97,267766.94,5.788045,4.9612856,6.675331,296776.0,0.0035158771189835736,0.1,5.7,3.4273348578377264e-14,100.0,233617.78,0.0024924069574146683
6,43869.16,40573.156,47332.902,6.932356,5.826878,8.281218,2880648.0,0.0031017063915744214,0.2,0.7,0.12173704117063493,0.0,43869.16,0.0008001194016298502
7,6100.906,5614.9565,6619.6543,8.188866,6.8847647,9.728744,25362406.0,0.0037855075815779182,0.4,-0.7,510.79827471112037,25.0,5941.467,0.0002696655722402196
8,432.0266,394.0085,475.6335,11.321023,7.5657606,25.1096,213093688.0,0.0032252226419142993,0.3,-0.5,3.0851687420899316,0.0,432.0266,9.303414483735194e-05
