layer,total_samples,initial_r,initial_eta,kstest_stat_initial,initial_exclude_cutoff,best_r,best_eta,best_scale,kstest_stat_best,best_exclude_cutoff,n_pval_0.05
2,0.0,,,,,,,,,,-1
3,564.0,1.0,20.0,0.0530071837839212,0.0,1.02,20.0,96620.93697532147,0.05296754546442084,0.0,634
4,22538.0,0.6,0.5,0.0169005490112472,0.0,0.6,0.5,94258.5184903226,0.0169005490112472,0.0,6337
5,296776.0,0.1,5.7,0.0035158771189835,100.0,0.1,5.8,2.9692597750511054e-14,0.003498533031472295,125.0,148388
6,2880648.0,0.2,0.7,0.0031017063915744,0.0,0.21,0.6,0.34450645403672786,0.002768029964078933,0.0,243324
7,25362406.0,0.4,-0.7,0.0037855075815779,25.0,0.35,-0.6,182.92767176909348,0.0031323200848383005,0.0,198143
8,213093688.0,0.3,-0.5,0.0032252226419142,0.0,0.37,-0.7,23.776250289940585,0.0024898829926881527,0.0,312148
