layer,obs_var,var_lower,var_upper,obs_kurt,kurt_lower,kurt_upper,total_samples
2,9329.193,8680.039,10021.551,5.7283363,3.8540692,8.267125,13604.0
3,1371.856,1239.0074,1522.1008,14.135717,9.524071,23.4482,54416.0
4,585.12445,532.1305,642.2677,11.181561,8.105103,16.543982,166649.0
5,160.71768,146.66621,175.81436,10.452751,7.6729784,15.7744255,574769.0
6,38.403484,34.960827,42.293262,11.680919,7.6955132,23.166769,2125625.0
7,8.761599,7.796952,9.9773445,20.842588,11.143603,58.113117,8502500.0
8,1.9010442,1.6224447,2.4340475,60.53434,15.293455,272.06818,34010000.0
9,0.33889166,0.27778196,0.5481107,236.05519,12.296153,879.1586,136040000.0
