layer,obs_var,var_lower,var_upper,obs_kurt,kurt_lower,kurt_upper,total_samples
2,9382.064,8727.582,10077.744,5.7388897,3.8786583,8.2218485,13604.0
3,1374.6909,1242.1185,1524.68,14.064596,9.466524,23.38252,54416.0
4,583.37256,530.83636,640.1247,11.037436,8.035024,17.098072,166649.0
5,161.01833,147.04657,175.9832,10.230708,7.579123,14.656498,574769.0
6,39.27398,35.769203,43.227554,11.540079,7.6432214,22.754463,2125625.0
7,9.062507,8.068499,10.3130865,20.645525,11.093557,57.528484,8502500.0
8,1.9678569,1.6808764,2.5206435,60.2675,15.181164,273.33673,34010000.0
9,0.34983853,0.28784654,0.5582396,220.29926,12.184872,840.1702,136040000.0
