layer,obs_var,var_lower,var_upper,obs_kurt,kurt_lower,kurt_upper,total_samples,kstest_stat_initial,initial_r,initial_eta,initial_scale,initial_exclude_cutoff,best_augmented_var,kstest_stat_cutoff_0.05
2,9329.193,8680.039,10021.551,5.7283363,3.8540692,8.267125,13604.0,0.010589276548112536,2.7,-1.0,29024.61538053943,0.0,9329.193,0.011631562532897098
3,1371.856,1239.0074,1522.1008,14.135717,9.524071,23.4482,54416.0,0.22135033813584215,0.3,-1.3,309.6091269541648,0.0,1371.856,0.005818871726650881
4,585.12445,532.1305,642.2677,11.181561,8.105103,16.543982,166649.0,0.1331699999999998,0.3,-1.3,132.05458591127876,0.0,585.12445,0.003325823185857078
5,160.71768,146.66621,175.81436,10.452751,7.6729784,15.7744255,574769.0,0.07426999999999984,0.9,-1.3,739.0986465950615,0.0,160.71768,0.001791077074405122
6,38.403484,34.960827,42.293262,11.680919,7.6955132,23.166769,2125625.0,0.009366823432806481,1.3,-1.2,141.3333104830474,50.0,35.81829,0.0009314325575636546
7,8.761599,7.796952,9.9773445,20.842588,11.143603,58.113117,8502500.0,0.008710572469237232,0.5,-1.1,6.084443463219538,0.0,8.761599,0.00046573589503234376
8,1.9010442,1.6224447,2.4340475,60.53434,15.293455,272.06818,34010000.0,0.0067610303402818595,0.1,0.8,8.120580411306018e-15,0.0,1.9010442,0.00023287284980739854
9,0.33889166,0.27778196,0.5481107,236.05519,12.296153,879.1586,136040000.0,0.008879746666895005,0.4,-0.4,0.010697562682566232,250.0,0.2342004,0.00011643765025504601
