layer,obs_var,var_lower,var_upper,obs_kurt,kurt_lower,kurt_upper,total_samples,kstest_stat_initial,initial_r,initial_eta,initial_scale,initial_exclude_cutoff,best_augmented_var,kstest_stat_cutoff_0.05,kstest_stat_best,best_r,best_eta,best_scale,best_exclude_cutoff,n_pval_0.05
2,9329.193,8680.039,10021.551,5.7283363,3.8540692,8.267125,13604.0,0.0105892765481125,2.7,-1.0,29024.61538053943,0.0,9329.193,0.011631562532897098,0.0105892765481125,2.7,-1.0,29024.61538053943,0.0,17217
3,1371.856,1239.0074,1522.1008,14.135717,9.524071,23.4482,54416.0,0.2213503381358421,0.3,-1.3,309.6091269541648,0.0,1371.856,0.005818871726650881,0.2213503381358421,0.3,-1.3,309.6091269541648,0.0,-1
4,585.12445,532.1305,642.2677,11.181561,8.105103,16.543982,166649.0,0.1331699999999998,0.3,-1.3,132.05458591127876,0.0,585.12445,0.003325823185857078,0.1331699999999998,0.3,-1.3,132.05458591127876,0.0,100
5,160.71768,146.66621,175.81436,10.452751,7.6729784,15.7744255,574769.0,0.0742699999999998,0.9,-1.3,739.0986465950615,0.0,145.08392333984375,0.001791077074405122,0.07426999999999978,0.5,-1.18,138.22782330396694,100.0,315
6,38.403484,34.960827,42.293262,11.680919,7.6955132,23.166769,2125625.0,0.0093668234328064,1.3,-1.2,141.3333104830474,50.0,35.81829071044922,0.0009314325575636546,0.00886779123275705,1.7,-1.21,160.2675712578109,50.0,23641
7,8.761599,7.796952,9.9773445,20.842588,11.143603,58.113117,8502500.0,0.0087105724692372,0.5,-1.1,6.084443463219538,0.0,8.23187255859375,0.00046573589503234376,0.008257580818905152,0.5,-1.09,5.515862073568582,25.0,28021
8,1.9010442,1.6224447,2.4340475,60.53434,15.293455,272.06818,34010000.0,0.0067610303402818,0.1,0.8,8.120580411306018e-15,0.0,1.901044249534607,0.00023287284980739854,0.0067128649051499956,0.12,0.4,3.599265344630138e-11,0.0,42033
9,0.33889166,0.27778196,0.5481107,236.05519,12.296153,879.1586,136040000.0,0.008879746666895,0.4,-0.4,0.0106975626825662,250.0,0.2241559773683548,0.00011643765025504601,0.008793589929436518,0.47,-0.5,0.028500683796437234,325.0,24909
