layer,total_samples,initial_r,initial_eta,kstest_stat_initial,initial_exclude_cutoff,best_r,best_eta,best_scale,kstest_stat_best,best_exclude_cutoff,n_pval_0.05
2,13604.0,2.7,-1.0,0.0105892765481125,0.0,2.7,-1.0,29024.61538053943,0.0105892765481125,0.0,17217
3,54416.0,0.3,-1.3,0.2213503381358421,0.0,0.3,-1.3,309.6091269541648,0.2213503381358421,0.0,-1
4,166649.0,0.3,-1.3,0.1331699999999998,0.0,0.3,-1.3,132.05458591127876,0.1331699999999998,0.0,100
5,574769.0,0.9,-1.3,0.0742699999999998,0.0,0.5,-1.18,138.22782330396694,0.07426999999999978,100.0,315
6,2125625.0,1.3,-1.2,0.0093668234328064,50.0,1.7,-1.21,160.2675712578109,0.00886779123275705,50.0,23641
7,8502500.0,0.5,-1.1,0.0087105724692372,0.0,0.5,-1.09,5.515862073568582,0.008257580818905152,25.0,28021
8,34010000.0,0.1,0.8,0.0067610303402818,0.0,0.12,0.4,3.599265344630138e-11,0.0067128649051499956,0.0,42033
9,136040000.0,0.4,-0.4,0.008879746666895,250.0,0.47,-0.5,0.028500683796437234,0.008793589929436518,325.0,24909
