layer,obs_var,var_lower,var_upper,obs_kurt,kurt_lower,kurt_upper,total_samples,kstest_stat_initial,initial_r,initial_eta,initial_scale,initial_exclude_cutoff,best_augmented_var,kstest_stat_cutoff_0.05
2,,,,,,,0.0,,,,,,,
3,2136795.8,2089661.5,2183364.5,-1.7575294,-1.7724658,-1.739543,3396.0,0.19324628442281971,1.0,20.0,99385.8488372093,0.0,2136795.8,0.023255244902212795
4,168473.95,160047.58,177148.22,1.8744407,1.4636377,2.318799,98808.0,0.005233762366972497,1.0,0.3,93596.64062500001,0.0,168473.95,0.004318821895478055
5,83699.02,78400.57,89182.37,4.21965,3.506101,5.112777,524004.0,0.00414901955967234,0.5,-0.4,11889.06582919034,0.0,83699.02,0.0018758163145003292
6,26502.598,24547.81,28542.047,6.584359,5.6949015,7.737797,2418270.0,0.005720574580293958,0.3,-0.3,113.04597700645175,50.0,25538.348,0.0008732621369519901
7,6867.3423,6302.964,7459.0786,8.624499,7.535332,9.846775,10234344.0,0.006486688744999136,0.2,-0.1,0.12386981033831598,0.0,6867.3423,0.0004245067937033671
8,977.00665,892.4991,1067.0593,9.898498,8.096569,13.575704,42110360.0,0.007030201508612999,0.2,-0.1,0.017095634603569144,25.0,947.782,0.0002092804319039976
9,94.96691,84.62709,107.5309,19.474989,11.005217,47.74452,170911996.0,0.0054065714141167814,0.1,1.2,1.0295707386414623e-13,0.0,94.96691,0.00010388215827461591
