layer,obs_var,var_lower,var_upper,obs_kurt,kurt_lower,kurt_upper,total_samples
2,990.11633,861.92896,1131.7596,2.4438376,1.0247338,4.01803,1590
3,301.2796,280.958,322.55798,2.5669336,1.8911203,3.315567,6360
4,75.477356,71.19657,79.96298,3.0691004,2.393951,4.0798025,25440
5,14.740032,13.840556,15.680383,3.9072638,3.0336955,5.0421066,101760
6,2.6784303,2.4961057,2.874468,5.563306,4.164392,8.1681185,407040
7,0.47023675,0.43216762,0.5126327,8.734539,6.1093807,15.380407,1628160
8,0.05227801,0.047053933,0.060720716,21.203135,7.482663,102.77671,6512640
