layer,obs_var,var_lower,var_upper,obs_kurt,kurt_lower,kurt_upper,total_samples
2,18678.61,17502.572,19935.389,4.3160357,2.8850684,6.4607663,27208.0
3,5005.0635,4561.659,5522.763,11.797888,6.478233,25.283875,108832.0
4,1581.1781,1451.1088,1726.0369,9.157593,6.1952796,16.083124,333298.0
5,447.8472,409.95377,492.38367,10.53034,6.3677635,30.650787,1149538.0
6,107.28198,98.07625,117.78087,10.5899315,6.8349648,22.540855,4251250.0
7,23.563498,21.139431,26.704712,18.387585,9.488698,58.686512,17005000.0
8,5.0038414,4.3647523,6.037876,36.420383,13.384377,160.10823,68020000.0
9,0.9259198,0.7785173,1.2937576,103.43257,15.223415,467.52505,272080000.0
