layer,obs_var,var_lower,var_upper,obs_kurt,kurt_lower,kurt_upper,total_samples,kstest_stat_initial,initial_r,initial_eta,initial_scale,initial_exclude_cutoff,best_augmented_var,kstest_stat_cutoff_0.05
2,18678.723,17502.768,19935.713,4.316421,2.8849814,6.461045,27208.0,0.012730996947020956,9.8,-1.0,53108.59317681305,50.0,16957.363,0.008227320119627842
3,5005.067,4561.6875,5522.817,11.798066,6.4781985,25.282856,108832.0,0.1323999999999998,1.4,-1.2,20408.301884188826,0.0,5005.067,0.004115201248105526
4,1581.1704,1451.1154,1726.02,9.157448,6.1948633,16.083818,333298.0,0.0770699999999998,1.4,-1.2,6447.267087693455,0.0,1581.1704,0.0023519198649528247
5,447.84973,409.9501,492.39062,10.531361,6.3679247,30.655203,1149538.0,0.04209999999999986,6.0,-1.3,2873.3967057983527,0.0,447.84973,0.0012665428950382307
6,107.28208,98.07614,117.777664,10.588803,6.8357916,22.53012,4251250.0,0.013961721977769237,1.1,-1.2,384.3362773052007,0.0,107.28208,0.000658638529926002
7,23.56364,21.139654,26.704834,18.381596,9.488063,58.65106,17005000.0,0.012998954343731883,1.0,-1.2,74.27363077799478,25.0,22.28209,0.00032932907101302186
8,5.004115,4.3649225,6.038305,36.424423,13.383648,160.1523,68020000.0,0.009946913843639757,0.3,-0.9,0.11520984949264867,25.0,4.623251,0.00016466698639267335
9,0.92616224,0.7787245,1.2941178,103.429955,15.216067,467.5488,272080000.0,0.0069029725403642606,0.1,1.2,8.525930950039073e-16,50.0,0.7864261,8.233410583957582e-05
