layer,obs_var,var_lower,var_upper,obs_kurt,kurt_lower,kurt_upper,total_samples,kstest_stat_initial,initial_r,initial_eta,initial_scale,initial_exclude_cutoff,best_augmented_var,kstest_stat_cutoff_0.05
2,18678.61,17502.572,19935.389,4.3160357,2.8850684,6.4607663,27208.0,0.012716677984919877,9.5,-1.0,53155.306000428165,50.0,16957.357,0.008227320119627842
3,5005.0635,4561.659,5522.763,11.797888,6.478233,25.283875,108832.0,0.13243999999999978,1.4,-1.2,20408.287947324534,0.0,5005.0635,0.004115201248105526
4,1581.1781,1451.1088,1726.0369,9.157593,6.1952796,16.083124,333298.0,0.0770699999999998,1.4,-1.2,6447.298445638112,0.0,1581.1781,0.0023519198649528247
5,447.8472,409.95377,492.38367,10.53034,6.3677635,30.650787,1149538.0,0.042149999999999854,4.0,-1.3,2914.732435328408,0.0,447.8472,0.0012665428950382307
6,107.28198,98.07625,117.78087,10.5899315,6.8349648,22.540855,4251250.0,0.013955176397370872,1.1,-1.2,384.33592198686955,0.0,107.28198,0.000658638529926002
7,23.563498,21.139431,26.704712,18.387585,9.488698,58.686512,17005000.0,0.012796824566932097,1.3,-1.2,71.62218344924125,300.0,18.151306,0.00032932907101302186
8,5.0038414,4.3647523,6.037876,36.420383,13.384377,160.10823,68020000.0,0.009946300247381024,0.3,-0.9,0.11520460925695289,25.0,4.6230407,0.00016466698639267335
9,0.9259198,0.7785173,1.2937576,103.43257,15.223415,467.52505,272080000.0,0.007459515303804065,0.1,1.1,1.2342810244851464e-15,25.0,0.8222446,8.233410583957582e-05
