band,obs_var,var_lower,var_upper,obs_kurt,kurt_lower,kurt_upper,total_samples
2,83.09537,67.85568,105.23303,71.455246,25.2235,201.95909,7225280.0
3,31.354197,25.858072,41.041767,80.99371,21.97678,296.53674,7225280.0
4,20.954084,16.831034,28.747263,110.53383,29.2076,413.64423,7225280.0
5,11.223501,8.338002,20.151466,398.3956,40.72066,1252.0247,28901120.0
6,3.1424406,2.2391512,6.3612895,635.7013,43.524742,1749.6056,14450560.0
7,0.80205,0.59718126,1.4344066,389.12964,38.32899,1227.6079,14450560.0
8,0.31019884,0.22900824,0.5482139,370.67007,43.896652,1182.5153,14450560.0
9,0.19522709,0.13888058,0.29418945,220.66716,72.02621,636.4526,14676350.0
