layer,obs_var,var_lower,var_upper,obs_kurt,kurt_lower,kurt_upper,total_samples
2,,,,,,,0.0
3,1177849.4,996756.25,1369789.6,0.13333106,-0.29679778,0.62972444,564.0
4,554423.94,530262.94,578791.25,0.88764095,0.7291121,1.0606415,22538.0
5,85635.75,80896.88,90572.98,2.7905874,2.2095904,3.6190648,296776.0
6,17209.758,15558.705,18968.463,12.881204,10.923777,14.954548,2880648.0
7,1438.6345,1291.2733,1598.2092,15.234228,12.3203945,18.880985,25362406.0
8,55.83345,46.389084,80.71121,133.44908,13.199213,557.1978,213093688.0
