layer,obs_var,var_lower,var_upper,obs_kurt,kurt_lower,kurt_upper,total_samples,kstest_stat_initial,initial_r,initial_eta,initial_scale,initial_exclude_cutoff,best_augmented_var,kstest_stat_cutoff_0.05
2,,,,,,,0.0,,,,,,,
3,1177849.4,996756.25,1369789.6,0.13333106,-0.29679778,0.62972444,564.0,0.01803864674062461,0.6,5.3,19644.415940059233,0.0,1177849.4,0.05688208329075035
4,554423.94,530262.94,578791.25,0.88764095,0.7291121,1.0606415,22538.0,0.030387944574517906,0.5,0.0,46201.994791666664,0.0,554423.94,0.009038925508419116
5,85635.75,80896.88,90572.98,2.7905874,2.2095904,3.6190648,296776.0,0.0020952071712836418,0.7,0.0,25037.24221253973,25.0,84283.04,0.0024924069574146683
6,17209.758,15558.705,18968.463,12.881204,10.923777,14.954548,2880648.0,0.005502934670567616,0.1,3.3,8.733964062171437e-14,250.0,13686.344,0.0008001194016298502
7,1438.6345,1291.2733,1598.2092,15.234228,12.3203945,18.880985,25362406.0,0.003643622378078623,0.1,1.8,2.436106620449666e-13,75.0,1300.7767,0.0002696655722402196
8,55.83345,46.389084,80.71121,133.44908,13.199213,557.1978,213093688.0,0.0026044400844745796,0.1,1.7,1.192197982131798e-14,25.0,48.50154,9.303414483735194e-05
