band,obs_var,var_lower,var_upper,obs_kurt,kurt_lower,kurt_upper,total_samples
2,68.26483,55.86306,88.29731,78.66431,22.873547,260.83475,100000.0
3,29.23418,23.545086,41.691223,131.89462,23.211287,508.27933,100000.0
4,29.647198,23.758158,42.131435,130.06505,29.761303,508.3031,100000.0
5,16.656097,13.244921,23.906044,140.13687,33.33384,535.4664,100000.0
6,4.572004,3.466801,7.860186,324.1615,36.925644,1074.0177,100000.0
7,1.1026536,0.8595286,1.7470634,222.27963,33.292656,815.34375,100000.0
8,0.4272634,0.33958676,0.5833097,108.59252,37.457863,394.34317,100000.0
9,0.3006259,0.22783653,0.4180169,138.40503,55.359562,411.52325,100000.0
