band,obs_var,var_lower,var_upper,obs_kurt,kurt_lower,kurt_upper,total_samples
2,68.26482,55.86306,88.29731,78.66433,22.873539,260.83472,7200416.0
3,29.234177,23.545088,41.691223,131.89465,23.211287,508.27924,7200416.0
4,29.6472,23.758158,42.131435,130.06505,29.761307,508.30316,7200416.0
5,16.656097,13.244922,23.906042,140.13687,33.33384,535.46643,28801664.0
6,4.5720043,3.466801,7.860184,324.16144,36.925644,1074.0177,14400832.0
7,1.1026536,0.8595286,1.7470633,222.27963,33.292664,815.34357,14400832.0
8,0.42726344,0.33958676,0.58330977,108.5925,37.457867,394.34326,14400832.0
9,0.3006259,0.22783653,0.41801685,138.40501,55.359554,411.52316,14625845.0
