band,obs_var,var_lower,var_upper,obs_kurt,kurt_lower,kurt_upper,total_samples,kstest_stat_initial,initial_r,initial_eta,initial_scale,initial_exclude_cutoff,best_augmented_var,kstest_stat_cutoff_0.05
2,68.26483,55.86306,88.29731,78.66431,22.873547,260.83475,100000.0,0.0035853161861498783,0.4,-1.0,10.438317835239088,100.0,50.936047,0.004293014618329405
3,29.23418,23.545086,41.691223,131.89462,23.211287,508.27933,100000.0,0.0029814504212105457,0.4,-1.0,4.116759468798163,150.0,20.088625,0.004293014618329405
4,29.647198,23.758158,42.131435,130.06505,29.761303,508.3031,100000.0,0.0026073519807007575,0.2,-0.9,0.010158831732613696,25.0,25.600256,0.004293014618329405
5,16.656097,13.244921,23.906044,140.13687,33.33384,535.4664,100000.0,0.007065428772065882,0.1,-0.4,2.1338180377843095e-11,25.0,14.306025,0.004293014618329405
6,4.572004,3.466801,7.860186,324.1615,36.925644,1074.0177,100000.0,0.008000131356083906,0.1,-0.3,2.708816375277463e-12,50.0,3.467111,0.004293014618329405
7,1.1026536,0.8595286,1.7470634,222.27963,33.292656,815.34375,100000.0,0.0076115829072674335,0.1,-0.1,1.736255871759957e-13,150.0,0.7208217,0.004293014618329405
8,0.4272634,0.33958676,0.5833097,108.59252,37.457863,394.34317,100000.0,0.00891443875411712,0.1,0.1,1.780244534118368e-14,350.0,0.21116684,0.004293014618329405
9,0.3006259,0.22783653,0.4180169,138.40503,55.359562,411.52325,100000.0,0.007873044364679616,0.1,-0.2,5.525953393218741e-14,300.0,0.1296692,0.004293014618329405
