band,obs_var,var_lower,var_upper,obs_kurt,kurt_lower,kurt_upper,total_samples,kstest_stat_initial,initial_r,initial_eta,initial_scale,initial_exclude_cutoff,best_augmented_var,kstest_stat_cutoff_0.05,kstest_stat_best,best_r,best_eta,best_scale,best_exclude_cutoff,n_pval_0.05
2,68.26482,55.86306,88.29731,78.66433,22.873539,260.83472,7200416.0,0.0035853187335055,0.4,-1.0,10.438317053493645,100.0,55.52164077758789,0.0005060957057388142,0.0018131779398629089,0.3,-0.87,1.2353544060908324,50.0,569562
3,29.234177,23.545088,41.691223,131.89465,23.211287,508.27924,7200416.0,0.0029814502957285,0.4,-1.0,4.116759468798163,150.0,22.31881332397461,0.0005060957057388142,0.0015409585723098794,0.37,-1.0,3.0955507089291774,75.0,759418
4,29.6472,23.758158,42.131435,130.06505,29.761307,508.30316,7200416.0,0.0026073507855288,0.2,-0.9,0.0101588317326136,25.0,25.600256,0.0005060957057388142,0.0026073507855288,0.2,-0.9,0.0101588317326136,25.0,284779
5,16.656097,13.244922,23.906042,140.13687,33.33384,535.46643,28801664.0,0.0070662073394813,0.1,-0.4,2.1338181800297987e-11,25.0,14.306025505065918,0.0002530536418455619,0.006874772009914931,0.1,-0.38,1.8683912748219392e-11,25.0,40044
6,4.5720043,3.466801,7.860184,324.16144,36.925644,1074.0177,14400832.0,0.0079992439384497,0.1,-0.3,2.7088161890036083e-12,50.0,3.2645301818847656,0.0003578685014621945,0.006957776407670556,0.1,-0.28,2.252431983330397e-12,75.0,40044
7,1.1026536,0.8595286,1.7470633,222.27963,33.292664,815.34357,14400832.0,0.0076116055905574,0.1,-0.1,1.736255871759957e-13,150.0,0.8689140677452087,0.0003578685014621945,0.007080920245655209,0.08,0.2,1.2470484856481563e-18,50.0,35595
8,0.42726344,0.33958676,0.58330977,108.5925,37.457867,394.34326,14400832.0,0.0089144387541171,0.1,0.1,1.780244534118368e-14,350.0,0.2326081395149231,0.0003578685014621945,0.008200760990601753,0.08,0.5,6.399731198252298e-20,275.0,28126
9,0.3006259,0.22783653,0.41801685,138.40501,55.359554,411.52316,14625845.0,0.007873044431562,0.1,-0.2,5.525954028243245e-14,300.0,0.1107708066701889,0.00035510508548745743,0.007870926242720788,0.16,-0.7,4.057455638572574e-07,400.0,28566
