band,obs_var,var_lower,var_upper,obs_kurt,kurt_lower,kurt_upper,total_samples,kstest_stat_initial,initial_r,initial_eta,initial_scale,initial_exclude_cutoff,best_augmented_var,kstest_stat_cutoff_0.05,kstest_stat_best,best_r,best_eta,best_scale,best_exclude_cutoff,n_pval_0.05
2,68.26483,55.86306,88.29731,78.66431,22.873547,260.83475,100000.0,0.0035853161861498,0.4,-1.0,10.438317835239088,100.0,55.521636962890625,0.004293014618329405,0.0018131772010924196,0.3,-0.87,1.2353543212139626,50.0,569530
3,29.23418,23.545086,41.691223,131.89462,23.211287,508.27933,100000.0,0.0029814504212105,0.4,-1.0,4.116759468798163,150.0,22.318815231323242,0.004293014618329405,0.0015409577555244155,0.37,-1.0,3.0955509734725615,75.0,759375
4,29.647198,23.758158,42.131435,130.06505,29.761303,508.3031,100000.0,0.0026073519807007,0.2,-0.9,0.0101588317326136,25.0,25.600256,0.004293014618329405,0.0026073519807007,0.2,-0.9,0.0101588317326136,25.0,284764
5,16.656097,13.244921,23.906044,140.13687,33.33384,535.4664,100000.0,0.0070654287720658,0.1,-0.4,2.1338180377843092e-11,25.0,14.306024551391602,0.004293014618329405,0.006874768606984882,0.1,-0.38,1.868391150270451e-11,25.0,37500
6,4.572004,3.466801,7.860186,324.1615,36.925644,1074.0177,100000.0,0.0080001313560839,0.1,-0.3,2.708816375277463e-12,50.0,3.2645301818847656,0.004293014618329405,0.006957776407670556,0.1,-0.28,2.252431983330397e-12,75.0,37500
7,1.1026536,0.8595286,1.7470634,222.27963,33.292656,815.34375,100000.0,0.0076115829072674,0.1,-0.1,1.736255871759957e-13,150.0,0.8689140677452087,0.004293014618329405,0.007080920245655209,0.08,0.2,1.2470484856481517e-18,50.0,37500
8,0.4272634,0.33958676,0.5833097,108.59252,37.457863,394.34317,100000.0,0.0089144387541171,0.1,0.1,1.780244534118368e-14,350.0,0.2326081544160843,0.004293014618329405,0.008200760179429901,0.08,0.5,6.399731608226887e-20,275.0,28125
9,0.3006259,0.22783653,0.4180169,138.40503,55.359562,411.52325,100000.0,0.0078730443646796,0.1,-0.2,5.5259533932187413e-14,300.0,0.1107708066701889,0.004293014618329405,0.007870926242720788,0.16,-0.7,4.057455638572574e-07,400.0,30030
