band,total_samples,initial_r,initial_eta,kstest_stat_initial,initial_exclude_cutoff,best_r,best_eta,best_scale,kstest_stat_best,best_exclude_cutoff,n_pval_0.05
2,100000.0,0.4,-1.0,0.0035853161861498,100.0,0.3,-0.87,1.2353543212139626,0.0018131772010924196,50.0,569530
3,100000.0,0.4,-1.0,0.0029814504212105,150.0,0.37,-1.0,3.0955509734725615,0.0015409577555244155,75.0,759375
4,100000.0,0.2,-0.9,0.0026073519807007,25.0,0.2,-0.9,0.0101588317326136,0.0026073519807007,25.0,284764
5,100000.0,0.1,-0.4,0.0070654287720658,25.0,0.1,-0.38,1.868391150270451e-11,0.006874768606984882,25.0,37500
6,100000.0,0.1,-0.3,0.0080001313560839,50.0,0.1,-0.28,2.252431983330397e-12,0.006957776407670556,75.0,37500
7,100000.0,0.1,-0.1,0.0076115829072674,150.0,0.08,0.2,1.2470484856481517e-18,0.007080920245655209,50.0,37500
8,100000.0,0.1,0.1,0.0089144387541171,350.0,0.08,0.5,6.399731608226887e-20,0.008200760179429901,275.0,28125
9,100000.0,0.1,-0.2,0.0078730443646796,300.0,0.16,-0.7,4.057455638572574e-07,0.007870926242720788,400.0,30030
