layer,obs_var,var_lower,var_upper,obs_kurt,kurt_lower,kurt_upper,total_samples
2,34528324.0,31652530.0,37559030.0,0.7023287,0.38841516,1.0442662,2446
3,6227121.5,5917139.0,6549132.0,1.7993002,1.5393617,2.075582,9784
4,1155242.5,1088351.0,1224756.1,3.24791,2.7425694,3.8031747,39136
5,217729.89,202861.3,233191.92,5.3799763,4.637183,6.18434,156544
6,41473.496,38199.83,44904.18,7.8678074,6.6826463,9.266016,626176
7,8097.879,7364.6177,8876.909,11.091931,9.056378,13.855137,2504704
8,1774.3685,1598.9363,1961.1571,13.620136,11.125634,16.74689,10018816
9,470.98105,423.84055,521.8199,14.590155,11.894546,17.949486,40075264
