layer,obs_var,var_lower,var_upper,obs_kurt,kurt_lower,kurt_upper,total_samples
2,8164.916,7605.0776,8740.63,-0.2093103,-0.37856138,-0.024999019,2446
3,1626.5092,1553.7168,1701.7472,1.0646768,0.87174904,1.2681217,9784
4,312.33984,295.46365,329.8154,2.5420575,2.1539686,2.9835374,39136
5,59.957355,55.95601,64.163605,5.134632,4.1867933,6.3642025,156544
6,11.68306,10.7433,12.710672,8.652102,6.385494,15.4836645,626176
7,2.3191366,2.0993342,2.5828693,13.925329,8.620293,37.670284,2504704
8,0.5187497,0.46271658,0.6029149,23.163664,10.309817,97.69672,10018816
9,0.14036545,0.12480516,0.16426347,25.354736,11.124588,102.65077,40075264
