layer,obs_var,var_lower,var_upper,obs_kurt,kurt_lower,kurt_upper,total_samples,kstest_stat_initial,initial_r,initial_eta,initial_scale,initial_exclude_cutoff,best_augmented_var,kstest_stat_cutoff_0.05,kstest_stat_best,best_r,best_eta,best_scale,best_exclude_cutoff,n_pval_0.05
2,34528324.0,31652530.0,37559030.0,0.7023287,0.38841516,1.0442662,2446,0.0850221439922902,0.2,5.9,0.3839562333143846,0.0,34528324.0,0.027391058317828124,0.08499102795319524,0.19,6.3,0.08561836145969452,0.0,256
3,6227121.5,5917139.0,6549132.0,1.7993002,1.5393617,2.075582,9784,0.0682329238374819,0.1,5.4,1.3637494869690892e-12,0.0,6227121.5,0.01371292533206765,0.0682329238374819,0.1,5.4,1.3637494869690892e-12,0.0,384
4,1155242.5,1088351.0,1224756.1,3.24791,2.7425694,3.8031747,39136,0.0482147179565854,0.4,-0.4,48667.260367373776,75.0,1155242.5,0.006860766614414416,0.04772432630870416,0.41,-0.5,73607.87367004582,0.0,772
5,217729.89,202861.3,233191.92,5.3799763,4.637183,6.18434,156544,0.0374176811451122,0.5,-0.8,52139.676339285725,500.0,169744.625,0.0034314536386640306,0.037187684890964356,0.6,-0.87,100000.0,600.0,1375
6,41473.496,38199.83,44904.18,7.8678074,6.6826463,9.266016,626176,0.0307109191782211,0.6,-1.0,30026.868364972983,250.0,34144.30078125,0.0017159936940756553,0.03048129613250261,0.62,-1.0,31402.416947034308,325.0,2062
7,8097.879,7364.6177,8876.909,11.091931,9.056378,13.855137,2504704,0.0278854313005571,0.7,-1.1,10349.086124149522,250.0,6738.85205078125,0.0008580634771374716,0.026247901659810335,1.0,-1.14,18719.03347439236,225.0,2751
8,1774.3685,1598.9363,1961.1571,13.620136,11.125634,16.74689,10018816,0.0144749037618751,0.7,-1.1,1897.9669994853064,500.0,1267.735107421875,0.000429048385014687,0.013038184027886146,0.6,-1.07,1312.724562980382,425.0,11007
9,470.98105,423.84055,521.8199,14.590155,11.894546,17.949486,40075264,0.0120607451046801,0.4,-1.0,71.08876641928467,350.0,370.4312438964844,0.0002145283527339156,0.010293449209803684,0.4,-1.02,81.55041633430243,250.0,17626
