layer,obs_var,var_lower,var_upper,obs_kurt,kurt_lower,kurt_upper,total_samples,kstest_stat_initial,initial_r,initial_eta,initial_scale,initial_exclude_cutoff,best_augmented_var,kstest_stat_cutoff_0.05
2,8463.985,7577.4995,9384.216,1.4760423,0.95926154,2.1135008,2006,0.045379624631276094,1.8,-0.6,15452.64796404885,0.0,8463.985,0.030238176430869766
3,1697.8624,1595.025,1803.6656,2.5655923,2.200481,2.95589,8024,0.04355311126438233,1.3,-1.0,4208.027403862386,0.0,1697.8624,0.015140345828992074
4,332.1649,311.21475,353.68793,4.1841774,3.6507943,4.750882,32096,0.035855511864019196,4.7,-1.2,1191.2445365468761,250.0,256.23822,0.007575426642488798
5,64.06584,59.35259,68.9086,6.430954,5.621179,7.3080125,128384,0.053559999999999885,1.2,-1.3,356.61071968198456,0.0,64.06584,0.0037890191408675262
6,12.431011,11.384822,13.53614,9.384012,8.105215,10.801366,513536,0.08980999999999978,1.4,-1.2,50.68779991163251,0.0,12.431011,0.001894835072058157
7,2.5032878,2.2623298,2.7581646,12.938325,10.949556,15.221071,2054144,0.12824999999999975,0.3,-1.3,0.5649578178288327,0.0,2.5032878,0.0009474987921691133
8,0.58659875,0.52595496,0.6504043,14.809818,12.432942,17.457571,8216576,0.16778999999999977,0.3,-1.3,0.13238731599010314,0.0,0.58659875,0.0004737696952028646
9,0.19500227,0.17604233,0.21517394,13.231615,11.04121,15.557378,32866304,0.2086699999999998,0.3,-1.3,0.044009345954330766,0.0,0.19500227,0.00023688992051635398
