layer,obs_var,var_lower,var_upper,obs_kurt,kurt_lower,kurt_upper,total_samples,kstest_stat_initial,initial_r,initial_eta,initial_scale,initial_exclude_cutoff,best_augmented_var,kstest_stat_cutoff_0.05,kstest_stat_best,best_r,best_eta,best_scale,best_exclude_cutoff,n_pval_0.05
2,8164.916,7605.0776,8740.63,-0.2093103,-0.37856138,-0.024999019,2446,0.084557879068366,7.9,1.4,11024.00647745146,0.0,8164.916,0.027391058317828124,0.084557879068366,7.9,1.4,11024.00647745146,0.0,256
3,1626.5092,1553.7168,1701.7472,1.0646768,0.87174904,1.2681217,9784,0.0684149644271736,0.3,2.1,0.2862184275866687,25.0,1350.16259765625,0.01371292533206765,0.0684139646166737,0.37,2.1,2.312859230862597,100.0,384
4,312.33984,295.46365,329.8154,2.5420575,2.1539686,2.9835374,39136,0.0468603910300117,2.0,-0.9,712.7360233783884,150.0,291.53076171875,0.006860766614414416,0.04682168910219836,2.0,-0.91,758.7688933548133,75.0,868
5,59.957355,55.95601,64.163605,5.134632,4.1867933,6.3642025,156544,0.0366840365891358,1.7,-1.0,137.24319092011854,500.0,47.952938079833984,0.0034314536386640306,0.03665838383660275,1.78,-1.0,137.3247084398876,550.0,1375
6,11.68306,10.7433,12.710672,8.652102,6.385494,15.4836645,626176,0.0292118754737082,0.6,-1.0,8.41016831668918,250.0,9.477492332458496,0.0017159936940756553,0.028824119334288245,0.9,-1.05,18.773064653138963,350.0,2319
7,2.3191366,2.0993342,2.5828693,13.925329,8.620293,37.670284,2504704,0.0259862899172814,0.8,-1.1,3.224620733398871,500.0,1.7506147623062134,0.0008580634771374716,0.024711940874141525,1.2,-1.14,5.578821793625696,400.0,3094
8,0.5187497,0.46271658,0.6029149,23.163664,10.309817,97.69672,10018816,0.0134878700200387,0.4,-1.0,0.1063073157814971,0.0,0.46599218249320984,0.000429048385014687,0.01280973152737297,0.5,-1.05,0.2725100482416432,75.0,11007
9,0.14036545,0.12480516,0.16426347,25.354736,11.124588,102.65077,40075264,0.0113711003544204,0.4,-1.0,0.0224321229929637,250.0,0.11750917136669159,0.0002145283527339156,0.010004422986823358,0.4,-1.02,0.02586963709446307,150.0,18573
