layer,obs_var,var_lower,var_upper,obs_kurt,kurt_lower,kurt_upper,total_samples,kstest_stat_initial,initial_r,initial_eta,initial_scale,initial_exclude_cutoff,best_augmented_var,kstest_stat_cutoff_0.05
2,8164.916,7605.0776,8740.63,-0.2093103,-0.37856138,-0.024999019,2446,0.08455787906836609,7.9,1.4,11024.00647745146,0.0,8164.916,0.027391058317828124
3,1626.5092,1553.7168,1701.7472,1.0646768,0.87174904,1.2681217,9784,0.06841496442717365,0.3,2.1,0.2862184275866687,25.0,1530.2144,0.01371292533206765
4,312.33984,295.46365,329.8154,2.5420575,2.1539686,2.9835374,39136,0.04686039103001172,2.0,-0.9,712.7360233783884,150.0,277.37567,0.006860766614414416
5,59.957355,55.95601,64.163605,5.134632,4.1867933,6.3642025,156544,0.03668403658913583,1.7,-1.0,137.24319092011854,500.0,48.673744,0.0034314536386640306
6,11.68306,10.7433,12.710672,8.652102,6.385494,15.4836645,626176,0.029211875473708238,0.6,-1.0,8.41016831668918,250.0,9.904416,0.0017159936940756553
7,2.3191366,2.0993342,2.5828693,13.925329,8.620293,37.670284,2504704,0.025986289917281413,0.8,-1.1,3.224620733398871,500.0,1.6720481,0.0008580634771374716
8,0.5187497,0.46271658,0.6029149,23.163664,10.309817,97.69672,10018816,0.013487870020038706,0.4,-1.0,0.10630731578149714,0.0,0.5187497,0.000429048385014687
9,0.14036545,0.12480516,0.16426347,25.354736,11.124588,102.65077,40075264,0.01137110035442046,0.4,-1.0,0.022432122992963776,250.0,0.10946243,0.0002145283527339156
