layer,obs_var,var_lower,var_upper,obs_kurt,kurt_lower,kurt_upper,total_samples,kstest_stat_initial,initial_r,initial_eta,initial_scale,initial_exclude_cutoff,best_augmented_var,kstest_stat_cutoff_0.05
2,34528324.0,31652530.0,37559030.0,0.7023287,0.38841516,1.0442662,2446,0.08502214399229024,0.2,5.9,0.3839562333143846,0.0,34528324.0,0.027391058317828124
3,6227121.5,5917139.0,6549132.0,1.7993002,1.5393617,2.075582,9784,0.06823292383748192,0.1,5.4,1.3637494869690892e-12,0.0,6227121.5,0.01371292533206765
4,1155242.5,1088351.0,1224756.1,3.24791,2.7425694,3.8031747,39136,0.04821471795658544,0.4,-0.4,48667.260367373776,75.0,1065466.2,0.006860766614414416
5,217729.89,202861.3,233191.92,5.3799763,4.637183,6.18434,156544,0.037417681145112236,0.5,-0.8,52139.676339285725,500.0,175189.31,0.0034314536386640306
6,41473.496,38199.83,44904.18,7.8678074,6.6826463,9.266016,626176,0.030710919178221108,0.6,-1.0,30026.868364972983,250.0,35361.79,0.0017159936940756553
7,8097.879,7364.6177,8876.909,11.091931,9.056378,13.855137,2504704,0.02788543130055715,0.7,-1.1,10349.086124149522,250.0,6640.0693,0.0008580634771374716
8,1774.3685,1598.9363,1961.1571,13.620136,11.125634,16.74689,10018816,0.014474903761875102,0.7,-1.1,1897.9669994853066,500.0,1217.7532,0.000429048385014687
9,470.98105,423.84055,521.8199,14.590155,11.894546,17.949486,40075264,0.012060745104680137,0.4,-1.0,71.08876641928467,350.0,346.89313,0.0002145283527339156
