layer,total_samples,initial_r,initial_eta,kstest_stat_initial,initial_exclude_cutoff,best_r,best_eta,best_scale,kstest_stat_best,best_exclude_cutoff,n_pval_0.05
2,2446,0.2,5.9,0.0850221439922902,0.0,0.19,6.3,0.08561836145969452,0.08499102795319524,0.0,256
3,9784,0.1,5.4,0.0682329238374819,0.0,0.1,5.4,1.3637494869690892e-12,0.0682329238374819,0.0,384
4,39136,0.4,-0.4,0.0482147179565854,75.0,0.41,-0.5,73607.87367004582,0.04772432630870416,0.0,772
5,156544,0.5,-0.8,0.0374176811451122,500.0,0.6,-0.87,100000.0,0.037187684890964356,600.0,1375
6,626176,0.6,-1.0,0.0307109191782211,250.0,0.62,-1.0,31402.416947034308,0.03048129613250261,325.0,2062
7,2504704,0.7,-1.1,0.0278854313005571,250.0,1.0,-1.14,18719.03347439236,0.026247901659810335,225.0,2751
8,10018816,0.7,-1.1,0.0144749037618751,500.0,0.6,-1.07,1312.724562980382,0.013038184027886146,425.0,11007
9,40075264,0.4,-1.0,0.0120607451046801,350.0,0.4,-1.02,81.55041633430243,0.010293449209803684,250.0,17626
