layer,total_samples,initial_r,initial_eta,kstest_stat_initial,initial_exclude_cutoff,best_r,best_eta,best_scale,kstest_stat_best,best_exclude_cutoff,n_pval_0.05
2,2006,1.8,-0.6,0.045379624631276,0.0,1.76,-0.6,15288.32163906544,0.04518300132804737,0.0,949
3,8024,1.3,-1.0,0.0435531112643823,0.0,1.7,-1.03,5037.457066512964,0.043149330282695464,0.0,1003
4,32096,4.7,-1.2,0.0358555118640191,250.0,4.7,-1.2,1191.244536546876,0.0358555118640191,250.0,1504
5,128384,1.2,-1.3,0.0535599999999998,0.0,0.8,-1.26,201.97293381106917,0.053559999999999774,100.0,631
6,513536,1.4,-1.2,0.0898099999999997,0.0,1.4,-1.2,50.68779991163251,0.0898099999999997,0.0,235
7,2054144,0.3,-1.3,0.1282499999999997,0.0,0.3,-1.3,0.5649578178288327,0.1282499999999997,0.0,115
8,8216576,0.3,-1.3,0.1677899999999997,0.0,0.3,-1.3,0.1323873159901031,0.1677899999999997,0.0,62
9,32866304,0.3,-1.3,0.2086699999999998,0.0,0.3,-1.3,0.0440093459543307,0.2086699999999998,0.0,-1
