layer,obs_var,var_lower,var_upper,obs_kurt,kurt_lower,kurt_upper,total_samples
2,16169.523,15177.119,17195.475,2.2133002,1.7615433,2.7156131,7072
3,3762.3862,3538.72,3994.0532,3.4971457,2.9466612,4.1270976,28288
4,920.3392,858.12537,985.1521,5.0638533,4.278093,5.952429,113152
5,219.2338,203.01913,236.12537,6.788183,5.738397,8.011982,452608
6,50.12767,46.053883,54.40236,8.402071,7.057478,9.979578,1810432
7,11.5061865,10.512554,12.55853,10.125872,8.530455,12.001128,7241728
8,2.649243,2.4046338,2.9085379,11.729738,9.772912,14.093412,28966912
9,0.65153116,0.58810025,0.7186014,13.221848,10.9366865,15.909588,115867648
10,0.1773955,0.15913373,0.1970873,15.001799,12.3503895,17.925581,463470592
