layer,obs_var,var_lower,var_upper,obs_kurt,kurt_lower,kurt_upper,total_samples
2,16011.664,14690.25,17381.615,2.2615337,1.7337931,2.831424,4000
3,3712.3643,3488.4324,3943.95,3.7075682,3.1174285,4.3309007,16000
4,915.2284,852.9024,979.29755,5.2408,4.4119997,6.1642284,64000
5,218.39336,202.24422,235.25366,6.6163197,5.576221,7.829132,256000
6,50.53737,46.481926,54.821392,8.2926655,7.0022597,9.8034725,1024000
7,11.684985,10.673151,12.755381,10.000715,8.452784,11.83235,4096000
8,2.6944726,2.445872,2.957434,11.572262,9.690963,13.80792,16384000
9,0.660582,0.59669536,0.72842324,13.248249,11.008294,15.862468,65536000
10,0.17840211,0.1599681,0.19804941,15.226164,12.574784,18.183846,262144000
