layer,obs_var,var_lower,var_upper,obs_kurt,kurt_lower,kurt_upper,total_samples
2,16354.51,15633.312,17082.553,0.10196209,-0.016665837,0.22626032,7072
3,3922.8953,3744.9668,4103.727,1.1397147,0.92858475,1.3793184,28288
4,930.99817,880.4509,983.07043,2.5267344,2.0194383,3.3043706,113152
5,218.6037,205.3691,232.63284,3.9124703,2.9332283,7.310871,452608
6,49.85452,46.54053,53.38429,5.0293036,3.7738838,9.386376,1810432
7,11.294209,10.485279,12.181979,6.461322,4.5979676,13.692297,7241728
8,2.5909934,2.385578,2.8495843,9.492075,5.469928,34.075478,28966912
9,0.6165116,0.5625009,0.69304353,13.534157,6.594753,54.78808,115867648
10,0.14887652,0.1339357,0.17203932,20.531488,8.519738,90.27604,463470592
