layer,obs_var,var_lower,var_upper,obs_kurt,kurt_lower,kurt_upper,total_samples,kstest_stat_initial,initial_r,initial_eta,initial_scale,initial_exclude_cutoff,best_augmented_var,kstest_stat_cutoff_0.05
2,16169.523,15177.119,17195.475,2.2133002,1.7615433,2.7156131,7072,0.06610622008709216,2.0,-0.8,37007.267482653566,0.0,16169.523,0.01612577750721614
3,3762.3862,3538.72,3994.0532,3.4971457,2.9466612,4.1270976,28288,0.043377262848235454,2.3,-1.0,10944.125861009803,25.0,3594.9775,0.008068854211971187
4,920.3392,858.12537,985.1521,5.0638533,4.278093,5.952429,113152,0.0310444709608656,2.1,-1.1,2658.0098105115626,500.0,744.57886,0.0040359092726554024
5,219.2338,203.01913,236.12537,6.788183,5.738397,8.011982,452608,0.02267004566077735,3.3,-1.2,798.9431483115341,500.0,171.3471,0.002018324026021024
6,50.12767,46.053883,54.40236,8.402071,7.057478,9.979578,1810432,0.024982343245308625,2.1,-1.2,171.80508747710527,500.0,37.967422,0.0010092542162957218
7,11.5061865,10.512554,12.55853,10.125872,8.530455,12.001128,7241728,0.04284999999999983,0.9,-1.3,52.913946735780584,0.0,11.5061865,0.0005046501409454036
8,2.649243,2.4046338,2.9085379,11.729738,9.772912,14.093412,28966912,0.07382999999999984,0.9,-1.3,12.183177226391077,0.0,2.649243,0.0002523308264179366
9,0.65153116,0.58810025,0.7186014,13.221848,10.9366865,15.909588,115867648,0.11218999999999979,0.3,-1.3,0.1470416719476314,0.0,0.65153116,0.00012616685191353853
10,0.1773955,0.15913373,0.1970873,15.001799,12.3503895,17.925581,463470592,0.15440999999999977,0.3,-1.3,0.040035736527201556,0.0,0.1773955,6.30837855989912e-05
