layer,obs_var,var_lower,var_upper,obs_kurt,kurt_lower,kurt_upper,total_samples,kstest_stat_initial,initial_r,initial_eta,initial_scale,initial_exclude_cutoff,best_augmented_var,kstest_stat_cutoff_0.05
2,16354.51,15633.312,17082.553,0.10196209,-0.016665837,0.22626032,7072,0.043105258558855386,5.9,0.1,27070.91356589587,0.0,16354.51,0.01612577750721614
3,3922.8953,3744.9668,4103.727,1.1397147,0.92858475,1.3793184,28288,0.03470439603566339,9.3,-0.5,7926.86731037785,25.0,3821.1438,0.008068854211971187
4,930.99817,880.4509,983.07043,2.5267344,2.0194383,3.3043706,113152,0.027620413940022626,0.6,-0.1,171.1491014114218,200.0,862.47327,0.0040359092726554024
5,218.6037,205.3691,232.63284,3.9124703,2.9332283,7.310871,452608,0.01657472884422645,0.6,-0.5,63.73394050468633,250.0,196.13837,0.002018324026021024
6,49.85452,46.54053,53.38429,5.0293036,3.7738838,9.386376,1810432,0.009251388858596221,0.8,-0.8,45.341916882196315,250.0,44.085594,0.0010092542162957218
7,11.294209,10.485279,12.181979,6.461322,4.5979676,13.692297,7241728,0.005251155158512266,0.7,-0.9,10.331010085673485,50.0,10.807969,0.0005046501409454036
8,2.5909934,2.385578,2.8495843,9.492075,5.469928,34.075478,28966912,0.005444681869539884,0.8,-1.0,3.4932864661722767,150.0,2.3217955,0.0002523308264179366
9,0.6165116,0.5625009,0.69304353,13.534157,6.594753,54.78808,115867648,0.006017326476258189,0.6,-1.0,0.49270620781146923,50.0,0.5802461,0.00012616685191353853
10,0.14887652,0.1339357,0.17203932,20.531488,8.519738,90.27604,463470592,0.005015968210843269,0.3,-0.7,0.0018666329981311008,0.0,0.14887652,6.30837855989912e-05
