layer,total_samples,initial_r,initial_eta,kstest_stat_initial,initial_exclude_cutoff,best_r,best_eta,best_scale,kstest_stat_best,best_exclude_cutoff,n_pval_0.05
2,7072,2.0,-0.8,0.0661062200870921,0.0,1.99,-0.8,36948.94724689944,0.06610276426263567,0.0,442
3,28288,2.3,-1.0,0.0433772628482354,25.0,1.96,-1.0,11075.916060389554,0.043373434296757996,0.0,994
4,113152,2.1,-1.1,0.0310444709608656,500.0,1.75,-1.1,2474.0256275009274,0.030900400162378827,600.0,1989
5,452608,3.3,-1.2,0.0226700456607773,500.0,3.5,-1.2,792.2428465368791,0.022667822047926056,525.0,3536
6,1810432,2.1,-1.2,0.0249823432453086,500.0,2.0,-1.26,213.08786532362595,0.024173975710789497,425.0,3181
7,7241728,0.9,-1.3,0.0428499999999998,0.0,0.8,-1.26,35.32112020777897,0.04284999999999978,100.0,994
8,28966912,0.9,-1.3,0.0738299999999998,0.0,0.5,-1.18,2.2792988797513445,0.07382999999999978,100.0,331
9,115867648,0.3,-1.3,0.1121899999999997,0.0,0.3,-1.3,0.1470416719476314,0.1121899999999997,0.0,138
10,463470592,0.3,-1.3,0.1544099999999997,0.0,0.3,-1.3,0.0400357365272015,0.1544099999999997,0.0,75
