layer,total_samples,initial_r,initial_eta,kstest_stat_initial,initial_exclude_cutoff,best_r,best_eta,best_scale,kstest_stat_best,best_exclude_cutoff,n_pval_0.05
2,7072,5.9,0.1,0.0431052585588553,0.0,5.9,0.1,27070.91356589587,0.0431052585588553,0.0,994
3,28288,9.3,-0.5,0.0347043960356633,25.0,9.3,-0.5,7926.86731037785,0.0347043960356633,25.0,1491
4,113152,0.6,-0.1,0.0276204139400226,200.0,0.79,-0.3,455.6942387436947,0.027616049290407785,250.0,2515
5,452608,0.6,-0.5,0.0165747288442264,250.0,0.6,-0.48,60.09737950926113,0.016522384860774453,350.0,7072
6,1810432,0.8,-0.8,0.0092513888585962,250.0,0.7,-0.76,33.09778103669535,0.00900053352663377,200.0,23868
7,7241728,0.7,-0.9,0.0052511551585122,50.0,0.6,-0.86,6.873844570706664,0.004874350862909271,0.0,80554
8,28966912,0.8,-1.0,0.0054446818695398,150.0,0.7,-0.98,2.799353028945706,0.004683661944488049,50.0,84864
9,115867648,0.6,-1.0,0.0060173264762581,50.0,0.5,-0.95,0.2668881313109295,0.005017260750940777,0.0,71604
10,463470592,0.3,-0.7,0.0050159682108432,0.0,0.31,-0.7,0.002423877550899805,0.003946255482238814,0.0,113152
