band,obs_var,var_lower,var_upper,obs_kurt,kurt_lower,kurt_upper,total_samples,kstest_stat_initial,initial_r,initial_eta,initial_scale,initial_exclude_cutoff,best_augmented_var,kstest_stat_cutoff_0.05
2,1317.5231,1225.3783,1416.4049,5.9381533,4.31165,8.405162,47614.0,0.0064750253484413545,9.0,-0.91,3120.312644735505,150.0,1108.1567,0.0062204080553092435
5,529.1666,484.3065,580.23865,10.238717,6.227644,16.21007,102030.0,0.008118316405090642,2.0,-0.93,1166.9342514117782,250.0,436.6683,0.004250109478285763
8,152.61247,139.44365,167.7507,10.654584,6.3185396,24.114677,326496.0,0.007000090628124012,1.6,-0.91,290.4185153883094,350.0,120.8458,0.002376287493954915
11,38.09905,34.94757,41.57189,9.481829,6.0362816,16.780167,904666.0,0.007038018611638441,0.9,-0.85,47.07252930910892,75.0,35.0252,0.0014276807376072355
14,11.219242,10.2583065,12.378116,11.123092,6.3032484,29.71831,2727602.0,0.0055934345945442,0.72,-0.8,8.488006278897625,100.0,10.113163,0.0008222587962986603
17,2.7598639,2.4723868,3.4371295,38.040096,6.9555597,230.06937,8298440.0,0.0037225515665578746,0.53,-0.6,0.6023926406520383,100.0,2.4234004,0.00047142713729943133
20,0.45745653,0.39153692,0.76686275,212.94698,7.1355968,983.5883,25140192.0,0.0017509179989042556,0.18,1.2,5.584148716575661e-08,25.0,0.4090342,0.0002708547073073513
23,0.10886136,0.098681465,0.13780239,38.07675,4.87917,234.75404,65734528.0,0.0020818260290978996,0.13,3.5,3.52031240720018e-14,25.0,0.10307153,0.00016750507336682816
