band,obs_var,var_lower,var_upper,obs_kurt,kurt_lower,kurt_upper,total_samples,kstest_stat_initial,initial_r,initial_eta,initial_scale,initial_exclude_cutoff,best_augmented_var,kstest_stat_cutoff_0.05,kstest_stat_best,best_r,best_eta,best_scale,best_exclude_cutoff,n_pval_0.05
2,1313.12,1220.4937,1412.5853,6.068365,4.379918,8.60989,47614.0,0.0066491189897052,2.9,-0.9,3159.3785159094914,100.0,1149.3774,0.0062204080553092435,0.0066491189897052,2.9,-0.9,3159.3785159094914,100.0,40173
5,533.57904,487.3003,586.62445,10.865308,6.5091763,17.420868,102030.0,0.0086976246776114,1.2,-0.9,943.9041956624142,100.0,454.2677307128906,0.004250109478285763,0.008386008726847693,1.5,-0.92,1073.500583761293,175.0,25507
8,152.2557,138.97606,167.49496,10.892404,6.4355216,23.17312,326496.0,0.0076169470303741,1.3,-0.9,264.49001216501046,250.0,121.4446029663086,0.002376287493954915,0.007277156932237072,1.6,-0.92,295.9715491429383,325.0,34434
11,37.265316,34.162117,40.700905,9.67942,6.1163993,17.178192,904666.0,0.006765419560878,1.4,-0.9,65.7333436197123,350.0,29.449203491210938,0.0014276807376072355,0.006477061360117609,1.7,-0.92,73.6141986562393,375.0,42405
14,10.825041,9.897249,11.943296,11.137888,6.3287067,29.539549,2727602.0,0.0055868124008787,0.7,-0.8,7.841896128421875,75.0,9.461451530456543,0.0008222587962986603,0.005454579655377545,0.8,-0.83,10.229320995368786,150.0,63927
17,2.66743,2.3870816,3.3382258,39.6404,7.007048,239.84647,8298440.0,0.0045694677283467,0.4,-0.4,0.1112022486268775,50.0,2.338930606842041,0.00047142713729943133,0.0037296050567232897,0.53,-0.6,0.5813957047108231,100.0,129663
20,0.44340265,0.37876895,0.73993874,218.22519,7.204465,976.40454,25140192.0,0.0019439130691839,0.2,0.9,7.54892837451779e-07,25.0,0.3956846296787262,0.0002708547073073513,0.0018173245721634784,0.18,1.2,5.401900029796895e-08,25.0,589222
23,0.1055389,0.095509745,0.13383907,39.83495,4.9455943,243.44736,65734528.0,0.0021801357552239,0.1,5.1,3.316357661692118e-20,25.0,0.099756874,0.00016750507336682816,0.0021801357552239,0.1,5.1,3.316357661692118e-20,25.0,385162
