band,obs_var,var_lower,var_upper,obs_kurt,kurt_lower,kurt_upper,total_samples,kstest_stat_initial,initial_r,initial_eta,initial_scale,initial_exclude_cutoff,best_augmented_var,kstest_stat_cutoff_0.05
2,1313.12,1220.4937,1412.5853,6.068365,4.379918,8.60989,47614.0,0.006649118989705272,2.9,-0.9,3159.3785159094914,100.0,1149.3774,0.0062204080553092435
5,533.57904,487.3003,586.62445,10.865308,6.5091763,17.420868,102030.0,0.008697624677611426,1.2,-0.9,943.9041956624142,100.0,475.54813,0.004250109478285763
8,152.2557,138.97606,167.49496,10.892404,6.4355216,23.17312,326496.0,0.007616947030374188,1.3,-0.9,264.49001216501046,250.0,125.514984,0.002376287493954915
11,37.265316,34.162117,40.700905,9.67942,6.1163993,17.178192,904666.0,0.006765419560878061,1.4,-0.9,65.7333436197123,350.0,29.740793,0.0014276807376072355
14,10.825041,9.897249,11.943296,11.137888,6.3287067,29.539549,2727602.0,0.005586812400878743,0.7,-0.8,7.841896128421875,75.0,9.926456,0.0008222587962986603
17,2.66743,2.3870816,3.3382258,39.6404,7.007048,239.84647,8298440.0,0.0045694677283467655,0.4,-0.4,0.11120224862687754,50.0,2.434537,0.00047142713729943133
20,0.44340265,0.37876895,0.73993874,218.22519,7.204465,976.40454,25140192.0,0.0019439130691839973,0.2,0.9,7.54892837451779e-07,25.0,0.39568463,0.0002708547073073513
23,0.1055389,0.095509745,0.13383907,39.83495,4.9455943,243.44736,65734528.0,0.002180135755223911,0.1,5.1,3.316357661692118e-20,25.0,0.099756874,0.00016750507336682816
