band,obs_var,var_lower,var_upper,obs_kurt,kurt_lower,kurt_upper,total_samples,kstest_stat_initial,initial_r,initial_eta,initial_scale,initial_exclude_cutoff,best_augmented_var,kstest_stat_cutoff_0.05,kstest_stat_best,best_r,best_eta,best_scale,best_exclude_cutoff,n_pval_0.05
2,1317.5231,1225.3783,1416.4049,5.9381533,4.31165,8.405162,47614.0,0.0064750253484413,9.0,-0.91,3120.312644735505,150.0,1116.8701171875,0.0062204080553092435,0.0062908830339461486,8.9,-0.911,3149.1482191620016,140.0,47614.0
5,529.1666,484.3065,580.23865,10.238717,6.227644,16.21007,102030.0,0.0081183164050906,2.0,-0.93,1166.9342514117782,250.0,434.7179260253906,0.004250109478285763,0.008019815277271691,2.07,-0.933,1176.7758211872317,260.0,28695.0
8,152.61247,139.44365,167.7507,10.654584,6.3185396,24.114677,326496.0,0.007000090628124,1.6,-0.91,290.4185153883094,350.0,122.33401489257812,0.002376287493954915,0.006896877404805157,1.608,-0.915,296.70918631175624,320.0,40812.0
11,38.09905,34.94757,41.57189,9.481829,6.0362816,16.780167,904666.0,0.0070380186116384,0.9,-0.85,47.07252930910892,75.0,35.28630828857422,0.0014276807376072355,0.006773273715779848,0.9,-0.858,48.05005077288695,65.0,42405.0
14,11.219242,10.2583065,12.378116,11.123092,6.3032484,29.71831,2727602.0,0.0055934345945442,0.72,-0.8,8.488006278897625,100.0,10.113162994384766,0.0008222587962986603,0.005452129257346505,0.73,-0.807,8.841569369567782,100.0,63927.0
17,2.7598639,2.4723868,3.4371295,38.040096,6.9555597,230.06937,8298440.0,0.0037225515665578,0.53,-0.6,0.6023926406520383,100.0,2.4067153930664062,0.00047142713729943133,0.0035765485070040626,0.539,-0.605,0.6417401843525279,110.0,145870.0
20,0.45745653,0.39153692,0.76686275,212.94698,7.1355968,983.5883,25140192.0,0.0017509179989042,0.18,1.2,5.5841487165756615e-08,25.0,0.40903419256210327,0.0002708547073073513,0.0017195495103072833,0.186,1.11,1.307511695915515e-07,25.0,629211.0
23,0.10886136,0.098681465,0.13780239,38.07675,4.87917,234.75404,65734528.0,0.0020818260290978,0.13,3.5,3.52031240720018e-14,25.0,0.10409677773714066,0.00016750507336682816,0.0018720298411941672,0.128,3.55,1.869436422437192e-14,15.0,513551.0
