band,obs_var,var_lower,var_upper,obs_kurt,kurt_lower,kurt_upper,total_samples,kstest_stat_initial,initial_r,initial_eta,initial_scale,initial_exclude_cutoff,best_augmented_var,kstest_stat_cutoff_0.05
2,1317.5231,1225.3783,1416.4049,5.9381533,4.31165,8.405162,47614.0,0.0065049305727851725,3.2,-0.9,3203.187180164825,100.0,1155.111,0.0062204080553092435
5,529.1666,484.3065,580.23865,10.238717,6.227644,16.21007,102030.0,0.008649140249272436,1.4,-0.9,987.9908331244226,200.0,447.01257,0.004250109478285763
8,152.61247,139.44365,167.7507,10.654584,6.3185396,24.114677,326496.0,0.007217092570033556,1.5,-0.9,277.5864623453305,350.0,120.8458,0.002376287493954915
11,38.09905,34.94757,41.57189,9.481829,6.0362816,16.780167,904666.0,0.006294299581387053,1.3,-0.9,66.98870521858797,250.0,31.789806,0.0014276807376072355
14,11.219242,10.2583065,12.378116,11.123092,6.3032484,29.71831,2727602.0,0.005700249592520246,0.7,-0.8,8.129588063116806,75.0,10.290624,0.0008222587962986603
17,2.7598639,2.4723868,3.4371295,38.040096,6.9555597,230.06937,8298440.0,0.004440242085329449,0.4,-0.4,0.1151885760063043,50.0,2.521809,0.00047142713729943133
20,0.45745653,0.39153692,0.76686275,212.94698,7.1355968,983.5883,25140192.0,0.002255273123471402,0.1,3.6,1.4950634926741099e-18,25.0,0.4090342,0.0002708547073073513
23,0.10886136,0.098681465,0.13780239,38.07675,4.87917,234.75404,65734528.0,0.0022049165019991657,0.1,5.2,2.9756894771463297e-20,25.0,0.10307153,0.00016750507336682816
