band,total_samples,initial_r,initial_eta,kstest_stat_initial,initial_exclude_cutoff,best_r,best_eta,best_scale,kstest_stat_best,best_exclude_cutoff,n_pval_0.05
2,47614.0,9.0,-0.91,0.0064750253484413,150.0,8.9,-0.911,3149.1482191620016,0.0062908830339461486,140.0,47614.0
5,102030.0,2.0,-0.93,0.0081183164050906,250.0,2.07,-0.933,1176.7758211872317,0.008019815277271691,260.0,28695.0
8,326496.0,1.6,-0.91,0.007000090628124,350.0,1.608,-0.915,296.70918631175624,0.006896877404805157,320.0,40812.0
11,904666.0,0.9,-0.85,0.0070380186116384,75.0,0.9,-0.858,48.05005077288695,0.006773273715779848,65.0,42405.0
14,2727602.0,0.72,-0.8,0.0055934345945442,100.0,0.73,-0.807,8.841569369567782,0.005452129257346505,100.0,63927.0
17,8298440.0,0.53,-0.6,0.0037225515665578,100.0,0.539,-0.605,0.6417401843525279,0.0035765485070040626,110.0,145870.0
20,25140192.0,0.18,1.2,0.0017509179989042,25.0,0.186,1.11,1.307511695915515e-07,0.0017195495103072833,25.0,629211.0
23,65734528.0,0.13,3.5,0.0020818260290978,25.0,0.128,3.55,1.869436422437192e-14,0.0018720298411941672,15.0,513551.0
