band,total_samples,initial_r,initial_eta,kstest_stat_initial,initial_exclude_cutoff,best_r,best_eta,best_scale,kstest_stat_best,best_exclude_cutoff,n_pval_0.05
2,47614.0,2.9,-0.9,0.0066491189897052,100.0,2.9,-0.9,3159.3785159094914,0.0066491189897052,100.0,40173
5,102030.0,1.2,-0.9,0.0086976246776114,100.0,1.5,-0.92,1073.500583761293,0.008386008726847693,175.0,25507
8,326496.0,1.3,-0.9,0.0076169470303741,250.0,1.6,-0.92,295.9715491429383,0.007277156932237072,325.0,34434
11,904666.0,1.4,-0.9,0.006765419560878,350.0,1.7,-0.92,73.6141986562393,0.006477061360117609,375.0,42405
14,2727602.0,0.7,-0.8,0.0055868124008787,75.0,0.8,-0.83,10.229320995368786,0.005454579655377545,150.0,63927
17,8298440.0,0.4,-0.4,0.0045694677283467,50.0,0.53,-0.6,0.5813957047108231,0.0037296050567232897,100.0,129663
20,25140192.0,0.2,0.9,0.0019439130691839,25.0,0.18,1.2,5.401900029796895e-08,0.0018173245721634784,25.0,589222
23,65734528.0,0.1,5.1,0.0021801357552239,25.0,0.1,5.1,3.316357661692118e-20,0.0021801357552239,25.0,385162
