band,obs_var,var_lower,var_upper,obs_kurt,kurt_lower,kurt_upper,total_samples
2,83.06173,67.842415,105.41236,72.14223,25.150143,208.71367,14450560.0
3,31.62596,25.950962,42.58876,94.66975,22.111813,365.9087,14450560.0
4,21.178585,16.856024,30.64118,144.35028,29.246574,554.992,14450560.0
5,11.205843,8.324197,20.132467,399.385,40.63431,1254.1644,57802240.0
6,3.1448739,2.2399836,6.3642364,635.2377,43.513237,1748.6566,28901120.0
7,0.80194783,0.5972996,1.4342651,388.9732,38.317135,1227.2812,28901120.0
8,0.30980942,0.2287474,0.5478318,371.3141,43.880684,1184.1044,28901120.0
9,0.20566402,0.14096229,0.37244862,438.85883,71.792404,1332.7037,29352700.0
