band,obs_var,var_lower,var_upper,obs_kurt,kurt_lower,kurt_upper,total_samples
2,35.658936,30.577211,44.85274,53.40649,13.841327,225.49281,6119361.0
3,24.671465,19.79273,36.469307,155.6421,23.847446,605.9602,7252576.0
4,22.381815,17.656353,31.781506,135.76886,34.770966,503.8925,8839077.0
5,12.393165,9.773663,16.739544,110.49151,39.73347,364.3406,10425578.0
6,11.326435,8.476332,19.273914,314.24933,43.63274,1044.1414,12465365.0
7,4.39003,3.3170998,6.5348115,184.00714,46.27064,629.45245,14958438.0
8,0.97217846,0.73471856,1.4742453,196.93523,43.928898,679.2285,17904797.0
9,0.28636977,0.20597868,0.50815034,383.67706,56.91479,1211.1333,28783661.0
