band,obs_var,var_lower,var_upper,obs_kurt,kurt_lower,kurt_upper,total_samples
2,35.658936,30.577213,44.852737,53.40648,13.841323,225.49278,100000.0
3,24.671465,19.79273,36.469307,155.64215,23.847439,605.9601,100000.0
4,22.381815,17.656353,31.781504,135.76886,34.770958,503.8924,100000.0
5,12.393164,9.773663,16.739542,110.49154,39.733475,364.34058,100000.0
6,11.326435,8.476332,19.273914,314.2493,43.63274,1044.1414,100000.0
7,4.39003,3.3170998,6.534811,184.00717,46.27064,629.45245,100000.0
8,0.97217846,0.73471856,1.4742453,196.93523,43.928898,679.2285,100000.0
9,0.28636977,0.20597868,0.50815034,383.67706,56.91479,1211.133,100000.0
