band,obs_var,var_lower,var_upper,obs_kurt,kurt_lower,kurt_upper,total_samples,kstest_stat_initial,initial_r,initial_eta,initial_scale,initial_exclude_cutoff,best_augmented_var,kstest_stat_cutoff_0.05
2,35.658936,30.577211,44.85274,53.40649,13.841327,225.49281,6119361.0,0.0033286755259943623,0.5,-1.0,14.544273376464844,100.0,29.088547,0.0005489802557202245
3,24.671465,19.79273,36.469307,155.6421,23.847446,605.9602,7252576.0,0.003971303653256486,0.3,-0.9,0.45020915802864936,100.0,18.066423,0.000504272603112443
4,22.381815,17.656353,31.781506,135.76886,34.770966,503.8925,8839077.0,0.0035754210233863715,0.1,-0.3,1.7486669716514072e-11,0.0,22.381815,0.0004567829913624943
5,12.393165,9.773663,16.739544,110.49151,39.73347,364.3406,10425578.0,0.00755388017135783,0.1,-0.2,3.379832273837042e-12,150.0,7.930942,0.00042059560757957086
6,11.326435,8.476332,19.273914,314.24933,43.63274,1044.1414,12465365.0,0.007123236699473729,0.1,-0.2,2.638151085477038e-12,200.0,6.190551,0.0003846482097283786
7,4.39003,3.3170998,6.5348115,184.00714,46.27064,629.45245,14958438.0,0.00721983870020837,0.1,-0.1,5.730414877992513e-13,200.0,2.3790314,0.00035113523247317654
8,0.97217846,0.73471856,1.4742453,196.93523,43.928898,679.2285,17904797.0,0.009904401260556195,0.1,0.2,2.2415869805089752e-14,350.0,0.4320709,0.0003209475136133997
9,0.28636977,0.20597868,0.50815034,383.67706,56.91479,1211.1333,28783661.0,0.01246313359094492,0.1,0.3,2.8086593854621e-15,500.0,0.08598315,0.00025313276500436486
