band,obs_var,var_lower,var_upper,obs_kurt,kurt_lower,kurt_upper,total_samples,kstest_stat_initial,initial_r,initial_eta,initial_scale,initial_exclude_cutoff,best_augmented_var,kstest_stat_cutoff_0.05,kstest_stat_best,best_r,best_eta,best_scale,best_exclude_cutoff,n_pval_0.05
2,35.658936,30.577213,44.852737,53.40648,13.841323,225.49278,100000.0,0.0033286755266042,0.5,-1.0,14.544273376464844,100.0,32.253990173339844,0.004293014618329405,0.0010941730355381596,0.4,-0.95,5.578376827124521,25.0,1621827
3,24.671465,19.79273,36.469307,155.64215,23.847439,605.9601,100000.0,0.003971312404888,0.3,-0.9,0.4502092530896144,100.0,19.735750198364258,0.004293014618329405,0.002208972928977093,0.3,-0.93,0.5532429686393656,50.0,379687
4,22.381815,17.656353,31.781504,135.76886,34.770958,503.8924,100000.0,0.0035754095841891,0.1,-0.3,1.7486669716514072e-11,0.0,22.38181495666504,0.004293014618329405,0.0026395785937591947,0.1,-0.31,1.8619136416842643e-11,0.0,253125
5,12.393164,9.773663,16.739542,110.49154,39.733475,364.34058,100000.0,0.0075546600367719,0.1,-0.2,3.379832680252725e-12,150.0,8.718792915344238,0.004293014618329405,0.006189292956381419,0.09,-0.1,2.50362925979219e-14,100.0,50000
6,11.326435,8.476332,19.273914,314.2493,43.63274,1044.1414,100000.0,0.0071224985922095,0.1,-0.2,2.638150882269197e-12,200.0,7.09608268737793,0.004293014618329405,0.007036052745545085,0.08,0.1,1.863000298971094e-17,125.0,37500
7,4.39003,3.3170998,6.534811,184.00717,46.27064,629.45245,100000.0,0.0072206443311337,0.1,-0.1,5.730414303709482e-13,200.0,2.283905267715454,0.004293014618329405,0.007194156308358866,0.1,-0.08,4.927219229491606e-13,225.0,37500
8,0.97217846,0.73471856,1.4742453,196.93523,43.928898,679.2285,100000.0,0.0099043928129309,0.1,0.2,2.241586671279651e-14,350.0,0.46157601475715637,0.004293014618329405,0.008377899513370646,0.08,0.6,7.665771057129288e-20,300.0,25000
9,0.28636977,0.20597868,0.50815034,383.67706,56.91479,1211.133,100000.0,0.0124631368969177,0.1,0.3,2.8086591420871693e-15,500.0,0.08321810513734818,0.004293014618329405,0.008958710581330652,0.09,0.6,6.383009807137706e-18,525.0,23728
