band,total_samples,initial_r,initial_eta,kstest_stat_initial,initial_exclude_cutoff,best_r,best_eta,best_scale,kstest_stat_best,best_exclude_cutoff,n_pval_0.05
2,6119361.0,0.5,-1.0,0.0033286755259943,100.0,0.4,-0.95,5.578376827124521,0.0010941730355381596,25.0,1529840
3,7252576.0,0.3,-0.9,0.0039713036532564,100.0,0.3,-0.93,0.5532429686393656,0.002208972928977093,50.0,382459
4,8839077.0,0.1,-0.3,0.0035754210233863,0.0,0.1,-0.31,1.8619136416842643e-11,0.0026395785937591947,0.0,276221
5,10425578.0,0.1,-0.2,0.0075538801713578,150.0,0.09,-0.1,2.50362925979219e-14,0.006189292956381419,100.0,45814
6,12465365.0,0.1,-0.2,0.0071232366994737,200.0,0.08,0.1,1.863000298971094e-17,0.007036052745545085,125.0,36519
7,14958438.0,0.1,-0.1,0.0072198387002083,200.0,0.1,-0.08,4.927219743847707e-13,0.00719415506423654,225.0,36973
8,17904797.0,0.1,0.2,0.0099044012605561,350.0,0.08,0.6,7.66577105712923e-20,0.00837789951337009,300.0,26227
9,28783661.0,0.1,0.3,0.0124631335909449,500.0,0.09,0.6,6.383009807137651e-18,0.008958710581330732,525.0,23715
