layer,obs_var,var_lower,var_upper,obs_kurt,kurt_lower,kurt_upper,total_samples
2,,,,,,,0.0
3,170242.34,158532.73,182420.11,0.5159035,0.211426,0.8563904,3396.0
4,211857.36,203747.67,220165.0,0.25678825,0.035012424,0.512372,98808.0
5,72605.14,68413.51,76957.79,3.195013,2.59731,3.8987758,524004.0
6,29841.037,27415.111,32359.338,8.380878,7.359658,9.4736395,2418270.0
7,8457.463,7687.8384,9267.634,11.092089,9.864655,12.4112215,10234344.0
8,1116.0948,1005.3565,1233.4855,13.691368,11.792415,16.311457,42110360.0
9,107.6861,94.23181,123.26981,24.950508,16.698538,47.74041,170911996.0
