layer,obs_var,var_lower,var_upper,obs_kurt,kurt_lower,kurt_upper,total_samples
2,17099.951,16011.873,18266.027,4.4858704,2.9163177,6.963518,27208.0
3,4439.3286,4054.7993,4889.5493,11.246322,5.9958415,23.188679,108832.0
4,1375.0951,1259.3728,1507.2744,9.947575,6.1662908,20.854307,333298.0
5,383.26108,347.35724,432.74466,15.710056,6.7908034,61.52209,1149538.0
6,87.5125,79.34759,97.93873,14.396328,7.234616,41.982544,4251250.0
7,18.372583,16.360443,21.660446,26.511518,9.414252,122.7014,17005000.0
8,3.8336112,3.3163903,4.837249,51.002052,13.016896,233.35544,68020000.0
9,0.7227768,0.58943164,1.1829553,243.84604,15.030614,913.27484,272080000.0
