layer,obs_var,var_lower,var_upper,obs_kurt,kurt_lower,kurt_upper,total_samples
2,5645.1323,4962.7314,6371.827,1.7584372,1.0474672,2.558544,1604
3,1308.6263,1210.3809,1410.797,3.6833067,3.0371509,4.3701663,6416
4,287.8198,267.5024,308.88556,5.6943245,4.835299,6.6320643,25664
5,56.66755,52.079754,61.488754,8.537756,7.291016,9.941407,102656
6,10.462353,9.426044,11.555779,13.763775,11.540274,16.255646,410624
7,1.8803737,1.6644218,2.117772,19.706608,16.079973,23.899364,1642496
8,0.3903889,0.34008047,0.4461811,25.394033,19.721895,31.888945,6569984
9,0.11997557,0.10599968,0.13531151,20.76068,15.289078,26.782597,26279936
