layer,obs_var,var_lower,var_upper,obs_kurt,kurt_lower,kurt_upper,total_samples
2,19441260.0,17273964.0,21768022.0,1.1983652,0.47394556,2.0498893,1604
3,4688396.5,4386525.5,4998034.0,2.1272082,1.6845958,2.5953758,6416
4,998722.25,938965.0,1060139.6,3.4862933,2.9387426,4.1032944,25664
5,196466.64,182880.58,210705.25,5.6600227,4.755314,6.740086,102656
6,35475.86,32475.93,38640.24,9.517805,7.861723,11.440639,410624
7,6216.24,5591.8037,6895.085,14.43741,11.702306,18.18381,1642496
8,1162.6064,1020.6827,1318.852,22.518257,17.539236,28.702457,6569984
9,247.93588,213.63171,285.7319,30.058044,22.701,40.46672,26279936
