layer,obs_var,var_lower,var_upper,obs_kurt,kurt_lower,kurt_upper,total_samples
2,4718.657,4299.349,5150.5503,-0.054184437,-0.3123447,0.2540478,1604
3,1216.9263,1148.0979,1286.8541,1.1472054,0.9113568,1.3926806,6416
4,264.94455,250.00809,280.3234,2.901463,2.3848047,3.4991584,25664
5,52.71876,49.047108,56.922474,6.2632046,4.254791,16.023062,102656
6,9.496005,8.706043,10.395535,9.78874,6.9673266,22.610666,410624
7,1.6749315,1.5081106,1.8621113,14.589886,10.600601,28.399412,1642496
8,0.3199518,0.2793251,0.37437057,29.505913,16.159815,97.240685,6569984
9,0.07026459,0.059720766,0.08571546,46.324802,21.752464,167.66017,26279936
