layer,obs_var,var_lower,var_upper,obs_kurt,kurt_lower,kurt_upper,total_samples,kstest_stat_initial,initial_r,initial_eta,initial_scale,initial_exclude_cutoff,best_augmented_var,kstest_stat_cutoff_0.05,kstest_stat_best,best_r,best_eta,best_scale,best_exclude_cutoff,n_pval_0.05
2,4718.657,4299.349,5150.5503,-0.054184437,-0.3123447,0.2540478,1604,0.0150014149053723,13.0,4.0,5576.727496278913,0.0,4718.657,0.033804382765303224,0.0150014149053723,13.0,4.0,5576.727496278913,0.0,8119
3,1216.9263,1148.0979,1286.8541,1.1472054,0.9113568,1.3926806,6416,0.0083472909756537,1.6,-0.4,1791.1731041087985,0.0,1216.92626953125,0.016928848255368546,0.00806462130200869,1.4,-0.33,1542.1280810587239,0.0,27405
4,264.94455,250.00809,280.3234,2.901463,2.3848047,3.4991584,25664,0.0032635110064938,1.3,-0.8,487.5083837781492,0.0,264.9445495605469,0.008471003560381446,0.0023656889989416285,1.5,-0.84,562.2285571899458,0.0,328869
5,52.71876,49.047108,56.922474,6.2632046,4.254791,16.023062,102656,0.0058325600634944,0.9,-1.0,91.01841599736464,25.0,52.7187614440918,0.004237135996393022,0.005150786425767051,0.8,-0.98,75.90692059406855,0.0,73081
6,9.496005,8.706043,10.395535,9.78874,6.9673266,22.610666,410624,0.0086040800356341,0.5,-1.0,4.500392913818359,50.0,8.562588691711426,0.0021189752192853914,0.008116531060557819,0.6,-1.04,8.117543180023585,125.0,28872
7,1.6749315,1.5081106,1.8621113,14.589886,10.600601,28.399412,1642496,0.0161216282037051,0.5,-1.1,0.9599189791414474,200.0,1.2964531183242798,0.0010595892481240078,0.013873854699347932,0.7,-1.15,2.36440322520273,300.0,9624
8,0.3199518,0.2793251,0.37437057,29.505913,16.159815,97.240685,6569984,0.0057846552609204,0.2,-0.7,4.453156143426895e-05,25.0,0.3199518024921417,0.0005298200128246353,0.004410478756169817,0.2,-0.72,5.2058983091417506e-05,0.0,97443
9,0.07026459,0.059720766,0.08571546,46.324802,21.752464,167.66017,26279936,0.012399040739677,0.1,0.0,9.872774451764708e-15,0.0,0.07026459276676178,0.0002649163509945643,0.011994661744983093,0.08,0.4,3.272356338903643e-20,0.0,12832
