layer,obs_var,var_lower,var_upper,obs_kurt,kurt_lower,kurt_upper,total_samples,kstest_stat_initial,initial_r,initial_eta,initial_scale,initial_exclude_cutoff,best_augmented_var,kstest_stat_cutoff_0.05
2,5645.1323,4962.7314,6371.827,1.7584372,1.0474672,2.558544,1604,0.015134330921997119,2.7,-0.7,12635.348221865746,0.0,5645.1323,0.033804382765303224
3,1308.6263,1210.3809,1410.797,3.6833067,3.0371509,4.3701663,6416,0.013432024703287193,4.2,-1.1,4889.520921140857,0.0,1308.6263,0.016928848255368546
4,287.8198,267.5024,308.88556,5.6943245,4.835299,6.6320643,25664,0.02825956149078135,1.1,-1.2,922.158102177491,50.0,257.4075,0.008471003560381446
5,56.66755,52.079754,61.488754,8.537756,7.291016,9.941407,102656,0.06437999999999983,0.9,-1.3,260.5992593914573,0.0,56.66755,0.004237135996393022
6,10.462353,9.426044,11.555779,13.763775,11.540274,16.255646,410624,0.11027999999999977,0.3,-1.3,2.3612099251697805,0.0,10.462353,0.002118975219285392
7,1.8803737,1.6644218,2.117772,19.706608,16.079973,23.899364,1642496,0.1520999999999998,0.3,-1.3,0.4243746303568905,0.0,1.8803737,0.0010595892481240078
8,0.3903889,0.34008047,0.4461811,25.394033,19.721895,31.888945,6569984,0.1884699999999998,0.3,-1.3,0.08810543682840259,0.0,0.3903889,0.0005298200128246353
9,0.11997557,0.10599968,0.13531151,20.76068,15.289078,26.782597,26279936,0.2238699999999998,0.2,8.1,3.8469094966196017e-10,0.0,0.11997557,0.0002649163509945643
