layer,obs_var,var_lower,var_upper,obs_kurt,kurt_lower,kurt_upper,total_samples,kstest_stat_initial,initial_r,initial_eta,initial_scale,initial_exclude_cutoff,best_augmented_var,kstest_stat_cutoff_0.05
2,19441260.0,17273964.0,21768022.0,1.1983652,0.47394556,2.0498893,1604,0.016244003604470925,0.4,3.6,29120.261666978866,0.0,19441260.0,0.033804382765303224
3,4688396.5,4386525.5,4998034.0,2.1272082,1.6845958,2.5953758,6416,0.009067231540683535,0.4,0.9,40087.7335419241,0.0,4688396.5,0.016928848255368546
4,998722.25,938965.0,1060139.6,3.4862933,2.9387426,4.1032944,25664,0.009866952933585638,0.4,-0.1,27659.204656211263,0.0,998722.25,0.008471003560381446
5,196466.64,182880.58,210705.25,5.6600227,4.755314,6.740086,102656,0.009675120249043934,0.5,-0.8,56321.18210565477,50.0,189239.17,0.004237135996393022
6,35475.86,32475.93,38640.24,9.517805,7.861723,11.440639,410624,0.01083269903168882,0.5,-1.0,15185.5185546875,200.0,30371.037,0.002118975219285392
7,6216.24,5591.8037,6895.085,14.43741,11.702306,18.18381,1642496,0.01906563655490462,0.5,-1.1,3406.991577148438,250.0,4906.068,0.0010595892481240078
8,1162.6064,1020.6827,1318.852,22.518257,17.539236,28.702457,6569984,0.006668215983735126,0.2,-0.7,0.15146227337065196,75.0,1017.8265,0.0005298200128246353
9,247.93588,213.63171,285.7319,30.058044,22.701,40.46672,26279936,0.012164207904282298,0.1,0.0,3.250075911052111e-11,25.0,231.30809,0.0002649163509945643
