layer,obs_var,var_lower,var_upper,obs_kurt,kurt_lower,kurt_upper,total_samples,kstest_stat_initial,initial_r,initial_eta,initial_scale,initial_exclude_cutoff,best_augmented_var,kstest_stat_cutoff_0.05
2,4718.657,4299.349,5150.5503,-0.054184437,-0.3123447,0.2540478,1604,0.015001414905372323,13.0,4.0,5576.727496278913,0.0,4718.657,0.033804382765303224
3,1216.9263,1148.0979,1286.8541,1.1472054,0.9113568,1.3926806,6416,0.008347290975653787,1.6,-0.4,1791.1731041087983,0.0,1216.9263,0.016928848255368546
4,264.94455,250.00809,280.3234,2.901463,2.3848047,3.4991584,25664,0.003263511006493802,1.3,-0.8,487.5083837781492,0.0,264.94455,0.008471003560381446
5,52.71876,49.047108,56.922474,6.2632046,4.254791,16.023062,102656,0.005832560063494419,0.9,-1.0,91.01841599736463,25.0,51.331055,0.004237135996393022
6,9.496005,8.706043,10.395535,9.78874,6.9673266,22.610666,410624,0.008604080035634176,0.5,-1.0,4.500392913818359,50.0,9.000786,0.0021189752192853914
7,1.6749315,1.5081106,1.8621113,14.589886,10.600601,28.399412,1642496,0.016121628203705163,0.5,-1.1,0.9599189791414474,200.0,1.3822833,0.0010595892481240078
8,0.3199518,0.2793251,0.37437057,29.505913,16.159815,97.240685,6569984,0.005784655260920424,0.2,-0.7,4.453156143426895e-05,25.0,0.2992521,0.0005298200128246353
9,0.07026459,0.059720766,0.08571546,46.324802,21.752464,167.66017,26279936,0.012399040739677014,0.1,0.0,9.872774451764708e-15,0.0,0.07026459,0.0002649163509945643
