layer,total_samples,initial_r,initial_eta,kstest_stat_initial,initial_exclude_cutoff,best_r,best_eta,best_scale,kstest_stat_best,best_exclude_cutoff,n_pval_0.05
2,1604,2.7,-0.7,0.0151343309219971,0.0,3.0,-0.71,12942.805841072592,0.015128834789745527,0.0,8119
3,6416,4.2,-1.1,0.0134320247032871,0.0,4.2,-1.1,4889.520921140857,0.0134320247032871,0.0,10273
4,25664,1.1,-1.2,0.0282595614907813,50.0,1.4,-1.24,1337.2750962381892,0.02760136410816738,0.0,2406
5,102656,0.9,-1.3,0.0643799999999998,0.0,0.8,-1.26,175.9945454663985,0.06437999999999977,100.0,450
6,410624,0.3,-1.3,0.1102799999999997,0.0,0.3,-1.3,2.3612099251697805,0.1102799999999997,0.0,150
7,1642496,0.3,-1.3,0.1520999999999998,0.0,0.3,-1.3,0.4243746303568905,0.1520999999999998,0.0,75
8,6569984,0.3,-1.3,0.1884699999999998,0.0,0.3,-1.3,0.0881054368284025,0.1884699999999998,0.0,50
9,26279936,0.2,8.1,0.2238699999999998,0.0,0.2,8.1,3.846909496619601e-10,0.2238699999999998,0.0,37
