layer,total_samples,initial_r,initial_eta,kstest_stat_initial,initial_exclude_cutoff,best_r,best_eta,best_scale,kstest_stat_best,best_exclude_cutoff,n_pval_0.05
2,1604,0.4,3.6,0.0162440036044709,0.0,0.43,3.2,65347.812778793625,0.01622852692968378,0.0,6849
3,6416,0.4,0.9,0.0090672315406835,0.0,0.44,0.7,93247.45232916878,0.008634479973741851,0.0,24360
4,25664,0.4,-0.1,0.0098669529335856,0.0,0.47,-0.3,91865.52730093805,0.008756941511181005,0.0,24360
5,102656,0.5,-0.8,0.0096751202490439,50.0,0.5,-0.83,62656.793157609376,0.008512261214642547,0.0,25664
6,410624,0.5,-1.0,0.0108326990316888,200.0,0.4,-0.93,5244.55804293544,0.010820285134158517,100.0,16240
7,1642496,0.5,-1.1,0.0190656365549046,250.0,0.6,-1.13,5872.75117073868,0.017745611900013003,325.0,6088
8,6569984,0.2,-0.7,0.0066682159837351,75.0,0.17,-0.6,0.00796992900096061,0.00520178634067181,0.0,64962
9,26279936,0.1,0.0,0.0121642079042822,25.0,0.1,-0.03,4.0824469016657294e-11,0.012091682201733955,0.0,12832
