layer,obs_var,var_lower,var_upper,obs_kurt,kurt_lower,kurt_upper,total_samples
2,69813.11,24438.908,133779.03,429.1865,234.23456,710.59045,4500.0
3,11392.441,6152.5933,18595.248,457.30783,219.68573,702.8503,18000.0
4,2179.918,1035.6298,3992.7168,704.6341,168.1326,1193.3925,72000.0
5,346.02383,167.5393,702.0625,935.4871,96.572205,1871.047,288000.0
6,86.53706,41.918427,230.85583,1742.3545,77.56053,3937.4539,1152000.0
7,26.34279,13.104974,79.34713,2298.499,57.9087,4520.915,4608000.0
8,10.249555,4.6538877,33.031303,3021.9363,66.716064,4910.344,18432000.0
9,1.9004169,0.87711984,6.467205,3454.8503,64.00688,5167.044,73728000.0
10,0.17664976,0.07299271,0.81186163,6309.3267,72.03473,6579.1543,294912000.0
