layer,obs_var,var_lower,var_upper,obs_kurt,kurt_lower,kurt_upper,total_samples,kstest_stat_initial,initial_r,initial_eta,initial_scale,initial_exclude_cutoff,best_augmented_var,kstest_stat_cutoff_0.05
2,69813.11,24438.908,133779.03,429.1865,234.23456,710.59045,4500.0,0.015561913660280258,0.3,-0.4,55.28268986856148,25.0,9920.623,0.02020791513926377
3,11392.441,6152.5933,18595.248,457.30783,219.68573,702.8503,18000.0,0.010200657190156226,0.1,1.4,1.4124939227532262e-12,50.0,2423.0715,0.010113361889707637
4,2179.918,1035.6298,3992.7168,704.6341,168.1326,1193.3925,72000.0,0.007627120162575718,0.1,1.7,1.0541557582144765e-13,250.0,428.85645,0.005059013921713306
5,346.02383,167.5393,702.0625,935.4871,96.572205,1871.047,288000.0,0.004171755832437896,0.1,2.4,3.909646568035146e-15,250.0,92.795265,0.0025300879366481855
6,86.53706,41.918427,230.85583,1742.3545,77.56053,3937.4539,1152000.0,0.002513701917371991,0.1,3.1,2.68866137403684e-16,150.0,28.53678,0.0012651889283752558
7,26.34279,13.104974,79.34713,2298.499,57.9087,4520.915,4608000.0,0.0020647793016389526,0.1,3.5,4.14399332729418e-17,150.0,9.447954,0.0006326306686923136
8,10.249555,4.6538877,33.031303,3021.9363,66.716064,4910.344,18432000.0,0.0020827990125786844,0.1,3.1,3.109092861485535e-17,150.0,3.2999134,0.0003163243810321388
9,1.9004169,0.87711984,6.467205,3454.8503,64.00688,5167.044,73728000.0,0.003943708390710232,0.1,2.4,2.4699473658062738e-17,200.0,0.58624077,0.00015816445163252768
10,0.17664976,0.07299271,0.81186163,6309.3267,72.03473,6579.1543,294912000.0,0.007511872371807143,0.1,1.8,7.96849148461408e-18,300.0,0.042548336,7.908279102599134e-05
