band,obs_var,var_lower,var_upper,obs_kurt,kurt_lower,kurt_upper,total_samples
2,68.1864,56.220245,88.22938,76.02584,21.167332,267.61487,7277440.0
3,27.385588,22.963741,34.27981,59.061752,20.656351,200.8648,7277440.0
4,15.450016,12.18226,22.750885,160.87468,29.82191,604.6686,7277440.0
5,6.5922914,4.558493,14.222227,817.11304,46.4163,2093.8862,29109760.0
6,1.8142282,1.2577187,3.7562337,699.25555,45.621796,1876.3179,14554880.0
7,0.50236,0.36744073,0.83024925,295.0453,45.852585,958.6175,14554880.0
8,0.20640317,0.13925774,0.42928034,722.39734,55.881493,1941.6935,14554880.0
9,0.13840204,0.082114376,0.35168368,1439.9054,84.4363,3123.891,14782300.0
