band,obs_var,var_lower,var_upper,obs_kurt,kurt_lower,kurt_upper,total_samples
2,68.1864,56.220238,88.22938,76.02586,21.167334,267.61484,7277440.0
3,27.385593,22.963741,34.279808,59.061726,20.656347,200.8648,7277440.0
4,15.450018,12.18226,22.750885,160.87462,29.82191,604.6686,7277440.0
5,6.5922914,4.5584927,14.222229,817.1129,46.41631,2093.8857,29109760.0
6,1.8142282,1.2577187,3.7562332,699.2556,45.621788,1876.3179,14554880.0
7,0.50236,0.36744073,0.83024925,295.0453,45.852585,958.6178,14554880.0
8,0.20640315,0.13925773,0.42928034,722.3976,55.881508,1941.6937,14554880.0
9,0.13840204,0.082114376,0.3516837,1439.9055,84.4363,3123.8909,14782300.0
