band,obs_var,var_lower,var_upper,obs_kurt,kurt_lower,kurt_upper,total_samples,kstest_stat_initial,initial_r,initial_eta,initial_scale,initial_exclude_cutoff,best_augmented_var,kstest_stat_cutoff_0.05,kstest_stat_best,best_r,best_eta,best_scale,best_exclude_cutoff,n_pval_0.05
2,68.1864,56.220245,88.22938,76.02584,21.167332,267.61487,7277440.0,0.0019922469465977,0.4,-1.0,10.988543113950442,75.0,53.62099,0.0005034104599250908,0.0019922469465977,0.4,-1.0,10.988543113950442,75.0,454840
3,27.385588,22.963741,34.27981,59.061752,20.656351,200.8648,7277440.0,0.0039444780385595,0.3,-1.0,1.0300920993284757,0.0,27.385587692260742,0.0005034104599250908,0.001546074449422341,0.3,-0.98,0.9442603711782923,0.0,767542
4,15.450016,12.18226,22.750885,160.87468,29.82191,604.6686,7277440.0,0.0044759985316568,0.3,-1.0,0.3817640980794537,150.0,10.530887603759766,0.0005034104599250908,0.0036367306777326247,0.3,-1.01,0.41412885228109036,125.0,143913
5,6.5922914,4.558493,14.222227,817.11304,46.4163,2093.8862,29109760.0,0.0028728082417121,0.1,-0.1,1.1796795665794785e-12,25.0,4.454323768615723,0.00025171095765658043,0.0021223763178116473,0.14,-0.5,3.194601990128585e-07,50.0,431740
6,1.8142282,1.2577187,3.7562337,699.25555,45.621796,1876.3179,14554880.0,0.0026821503179861,0.1,0.1,1.0317905882622007e-13,50.0,1.2238766,0.00035596969516627104,0.0026821503179861,0.1,0.1,1.0317905882622007e-13,50.0,255847
7,0.50236,0.36744073,0.83024925,295.0453,45.852585,958.6175,14554880.0,0.0028603761867028,0.1,0.3,1.0272812026836868e-14,100.0,0.31448766589164734,0.00035596969516627104,0.0027982223604836216,0.11,0.1,9.955513297734247e-13,100.0,227420
8,0.20640317,0.13925774,0.42928034,722.39734,55.881493,1941.6935,14554880.0,0.0038740697300428,0.1,0.6,8.5953983310355175e-16,200.0,0.09806863218545914,0.00035596969516627104,0.0035423532172171035,0.09,0.8,3.2232712253622933e-18,175.0,143913
9,0.13840204,0.082114376,0.35168368,1439.9054,84.4363,3123.891,14782300.0,0.0029620623231211,0.1,0.2,2.7987922857442298e-15,150.0,0.05394734814763069,0.0003532209410687339,0.0027903589666230574,0.08,0.7,5.5166499267912206e-21,150.0,230973
