band,obs_var,var_lower,var_upper,obs_kurt,kurt_lower,kurt_upper,total_samples,kstest_stat_initial,initial_r,initial_eta,initial_scale,initial_exclude_cutoff,best_augmented_var,kstest_stat_cutoff_0.05,kstest_stat_best,best_r,best_eta,best_scale,best_exclude_cutoff,n_pval_0.05
2,68.1864,56.220238,88.22938,76.02586,21.167334,267.61484,7277440.0,0.0019922469488969,0.4,-1.0,10.988543113950442,75.0,53.62099,0.0005034104599250908,0.0019922469488969,0.4,-1.0,10.988543113950442,75.0,454840
3,27.385593,22.963741,34.279808,59.061726,20.656347,200.8648,7277440.0,0.0039444665596932,0.3,-1.0,1.0300923145597254,0.0,27.38559341430664,0.0005034104599250908,0.0015460816570773694,0.3,-0.98,0.9442605684755438,0.0,767542
4,15.450018,12.18226,22.750885,160.87462,29.82191,604.6686,7277440.0,0.0044759942476956,0.3,-1.0,0.3817640622075787,150.0,10.530887603759766,0.0005034104599250908,0.0036367306777326247,0.3,-1.01,0.41412885228109036,125.0,143913
5,6.5922914,4.5584927,14.222229,817.1129,46.41631,2093.8857,29109760.0,0.0028722242194079,0.1,-0.1,1.1796794517228724e-12,25.0,4.454323768615723,0.00025171095765658043,0.0021223763178116473,0.14,-0.5,3.194601990128585e-07,50.0,431740
6,1.8142282,1.2577187,3.7562332,699.2556,45.621788,1876.3179,14554880.0,0.0026821529765157,0.1,0.1,1.0317906887617309e-13,50.0,1.2238767,0.00035596969516627104,0.0026821529765157,0.1,0.1,1.0317906887617309e-13,50.0,255847
7,0.50236,0.36744073,0.83024925,295.0453,45.852585,958.6178,14554880.0,0.0028603752851952,0.1,0.3,1.0272813000336591e-14,100.0,0.3144876956939697,0.00035596969516627104,0.002798221477421186,0.11,0.1,9.95551424116526e-13,100.0,227420
8,0.20640315,0.13925773,0.42928034,722.3976,55.881508,1941.6937,14554880.0,0.0038740697300428,0.1,0.6,8.5953983310355175e-16,200.0,0.09806863218545914,0.00035596969516627104,0.003542353217217069,0.09,0.8,3.223271225362307e-18,175.0,143913
9,0.13840204,0.082114376,0.3516837,1439.9055,84.4363,3123.8909,14782300.0,0.0029620623231211,0.1,0.2,2.7987922857442298e-15,150.0,0.05394734814763069,0.0003532209410687339,0.0027903589666230634,0.08,0.7,5.516649926791216e-21,150.0,230973
