band,obs_var,var_lower,var_upper,obs_kurt,kurt_lower,kurt_upper,total_samples,kstest_stat_initial,initial_r,initial_eta,initial_scale,initial_exclude_cutoff,best_augmented_var,kstest_stat_cutoff_0.05
2,68.1864,56.220245,88.22938,76.02584,21.167332,267.61487,7277440.0,0.00199224694659772,0.4,-1.0,10.988543113950442,75.0,53.62099,0.0005034104599250908
3,27.385588,22.963741,34.27981,59.061752,20.656351,200.8648,7277440.0,0.0039444780385595735,0.3,-1.0,1.0300920993284755,0.0,27.385588,0.0005034104599250908
4,15.450016,12.18226,22.750885,160.87468,29.82191,604.6686,7277440.0,0.004475998531656811,0.3,-1.0,0.3817640980794537,150.0,10.149417,0.0005034104599250908
5,6.5922914,4.558493,14.222227,817.11304,46.4163,2093.8862,29109760.0,0.0028728082417121825,0.1,-0.1,1.1796795665794785e-12,25.0,4.897542,0.00025171095765658043
6,1.8142282,1.2577187,3.7562337,699.25555,45.621796,1876.3179,14554880.0,0.0026821503179861317,0.1,0.1,1.0317905882622006e-13,50.0,1.2238766,0.00035596969516627104
7,0.50236,0.36744073,0.83024925,295.0453,45.852585,958.6175,14554880.0,0.002860376186702889,0.1,0.3,1.0272812026836867e-14,100.0,0.31448767,0.00035596969516627104
8,0.20640317,0.13925774,0.42928034,722.39734,55.881493,1941.6935,14554880.0,0.0038740697300428378,0.1,0.6,8.595398331035517e-16,200.0,0.09371335,0.00035596969516627104
9,0.13840204,0.082114376,0.35168368,1439.9054,84.4363,3123.891,14782300.0,0.0029620623231211285,0.1,0.2,2.7987922857442298e-15,150.0,0.05394735,0.0003532209410687339
