band,total_samples,initial_r,initial_eta,kstest_stat_initial,initial_exclude_cutoff,best_r,best_eta,best_scale,kstest_stat_best,best_exclude_cutoff,n_pval_0.05
2,7277440.0,0.4,-1.0,0.0019922469488969,75.0,0.4,-1.0,10.988543113950442,0.0019922469488969,75.0,454840
3,7277440.0,0.3,-1.0,0.0039444665596932,0.0,0.3,-0.98,0.9442605684755438,0.0015460816570773694,0.0,767542
4,7277440.0,0.3,-1.0,0.0044759942476956,150.0,0.3,-1.01,0.41412885228109036,0.0036367306777326247,125.0,143913
5,29109760.0,0.1,-0.1,0.0028722242194079,25.0,0.14,-0.5,3.194601990128585e-07,0.0021223763178116473,50.0,431740
6,14554880.0,0.1,0.1,0.0026821529765157,50.0,0.1,0.1,1.0317906887617309e-13,0.0026821529765157,50.0,255847
7,14554880.0,0.1,0.3,0.0028603752851952,100.0,0.11,0.1,9.95551424116526e-13,0.002798221477421186,100.0,227420
8,14554880.0,0.1,0.6,0.0038740697300428,200.0,0.09,0.8,3.223271225362307e-18,0.003542353217217069,175.0,143913
9,14782300.0,0.1,0.2,0.0029620623231211,150.0,0.08,0.7,5.516649926791216e-21,0.0027903589666230634,150.0,230973
