band,obs_var,var_lower,var_upper,obs_kurt,kurt_lower,kurt_upper,total_samples
2,61.11389,51.687794,76.95329,58.128975,16.506182,220.12772,14393472.0
3,27.548136,22.12985,39.91087,143.294,22.389315,550.63574,14393472.0
4,27.68467,21.903875,40.12645,147.5057,32.586143,560.93787,14393472.0
5,8.80289,6.7602324,13.695076,214.38391,39.10541,764.4312,57573888.0
6,1.8857527,1.4353021,3.112819,274.281,36.40037,938.7657,28786944.0
7,0.56539047,0.44258165,0.8093488,142.61436,36.91307,522.66516,28786944.0
8,0.24928428,0.18883193,0.36889765,176.36838,48.08276,606.79834,28786944.0
9,0.17483261,0.12622046,0.2638218,213.68964,67.59167,648.69904,29236740.0
