band,obs_var,var_lower,var_upper,obs_kurt,kurt_lower,kurt_upper,total_samples,kstest_stat_initial,initial_r,initial_eta,initial_scale,initial_exclude_cutoff,best_augmented_var,kstest_stat_cutoff_0.05,kstest_stat_best,best_r,best_eta,best_scale,best_exclude_cutoff,n_pval_0.05
2,61.11389,51.687794,76.95329,58.128975,16.506182,220.12772,14393472.0,0.0034639517020966,0.4,-1.0,11.176158112436369,25.0,49.96623992919922,0.00035795998357040425,0.0018725699059265466,0.5,-1.05,29.2200233504089,75.0,506020
3,27.548136,22.12985,39.91087,143.294,22.389315,550.63574,14393472.0,0.0033934579003107,0.5,-1.1,13.1479991806878,150.0,21.982385635375977,0.00035795998357040425,0.0027620827583617613,0.4,-1.06,5.626264539744518,50.0,253009
4,27.68467,21.903875,40.12645,147.5057,32.586143,560.93787,14393472.0,0.0042613108751142,0.2,-0.9,0.0078899285149952,100.0,23.640750885009766,0.00035795998357040425,0.002645438421005508,0.19,-0.9,0.004613386501598941,25.0,253009
5,8.80289,6.7602324,13.695076,214.38391,39.10541,764.4312,57573888.0,0.0041932327715406,0.1,-0.2,2.879995443486569e-12,50.0,8.802889823913574,0.00017898288742047673,0.0032644619448052303,0.08,0.0,4.3622773512467825e-17,0.0,168673
6,1.8857527,1.4353021,3.112819,274.281,36.40037,938.7657,28786944.0,0.0044346694339422,0.1,0.0,1.8894988716258047e-13,75.0,1.428680658340454,0.00025311833069086866,0.00385776123792316,0.1,-0.04,2.4815699758220015e-13,50.0,126504
7,0.56539047,0.44258165,0.8093488,142.61436,36.91307,522.66516,28786944.0,0.0055202006150267,0.1,0.1,3.0558583142090126e-14,150.0,0.39692065119743347,0.00025311833069086866,0.0047490430578868495,0.08,0.5,1.092044964546852e-19,100.0,84336
8,0.24928428,0.18883193,0.36889765,176.36838,48.08276,606.79834,28786944.0,0.0064499289799636,0.1,0.3,3.729671654682384e-15,300.0,0.12820211052894592,0.00025311833069086866,0.005581759822904497,0.08,0.7,1.3109933814143391e-20,225.0,56224
9,0.17483261,0.12622046,0.2638218,213.68964,67.59167,648.69904,29236740.0,0.006260967539598,0.1,0.0,1.0126372454034015e-14,250.0,0.072069451212883,0.0002511637641100581,0.005426004265584039,0.08,0.4,3.3564120452619234e-20,250.0,64240
