layer,total_samples,initial_r,initial_eta,kstest_stat_initial,initial_exclude_cutoff,best_r,best_eta,best_scale,kstest_stat_best,best_exclude_cutoff,n_pval_0.05
2,27208.0,2.4,-1.0,0.0146665201581814,0.0,2.4,-1.0,52411.34832252356,0.0146665201581814,0.0,8607
3,108832.0,1.4,-1.2,0.1319399999999997,0.0,1.4,-1.2,18101.488034446375,0.1319399999999997,0.0,106
4,333298.0,1.4,-1.2,0.0750099999999998,0.0,1.8,-1.23,5993.256445313936,0.07500999999999974,100.0,325
5,1149538.0,6.0,-1.3,0.0396699999999998,0.0,6.0,-1.3,2458.9969387490046,0.0396699999999998,0.0,1122
6,4251250.0,1.3,-1.2,0.0135219951168569,50.0,1.7,-1.22,403.7940821459246,0.011299602016465626,0.0,14010
7,17005000.0,1.1,-1.2,0.013225730678897,25.0,0.7,-1.17,33.61253824692879,0.01179536148062707,25.0,14010
8,68020000.0,0.3,-0.9,0.0106007915636701,0.0,0.31,-0.9,0.11129128474784362,0.009946810539704781,25.0,18681
9,272080000.0,0.1,1.2,0.0064508855175569,25.0,0.09,1.5,1.614484624202772e-18,0.0063950317335418755,25.0,47286
