layer,obs_var,var_exclude_0,var_exclude_25,var_exclude_50,var_exclude_75,var_exclude_100,var_exclude_150,var_exclude_200,var_exclude_250,var_exclude_300,var_exclude_350,var_exclude_500,kstest_stat_0,kstest_stat_25,kstest_stat_50,kstest_stat_75
2,1830.9346,1830.9346,1452.4291,1276.1702,1145.6741,1040.547,878.6867,749.59924,645.6589,561.0355,489.7595,327.87213,0.016936870448775343,0.017616728219521982,0.027312266814269237,
3,587.78186,587.78186,541.5756,515.1323,493.12314,474.21182,442.0202,414.84943,391.35858,370.6499,351.75348,305.33328,0.004774822442595528,0.006796389431769523,0.008858275885730515,
4,164.60674,164.60674,159.67645,156.37877,153.57108,151.04408,146.5184,142.4962,138.86227,135.5482,132.4804,124.381584,0.004919686818396551,0.004879036489315092,0.005038087763519994,0.005611809681149826
5,37.86353,37.86353,37.04351,36.452328,35.93823,35.4775,34.66066,33.947586,33.302437,32.70942,32.16337,30.706472,0.0021255617122832304,0.0025455477107625413,0.002815684709275179,
6,7.493805,7.493805,7.288052,7.1478653,7.0289774,6.923156,6.736482,6.573743,6.4276547,6.294827,6.1721125,5.8499665,0.0034804048458575987,0.0030659576658849663,0.003783076990707901,0.003973928973766083
7,1.3869972,1.3869972,1.341698,1.3113118,1.2856779,1.2629622,1.2234186,1.1890159,1.1583558,1.1305045,1.104886,1.037957,0.00555571268511712,0.005078245115493596,0.005526718857545632,0.006116663132887612
8,0.21588294,0.21588294,0.20694143,0.20154075,0.19706982,0.19315535,0.18639039,0.18057492,0.17541991,0.1707596,0.16649014,0.15544103,0.006035225463215332,0.006658080718872084,0.007018121556567114,
