layer,obs_var,var_lower,var_upper,obs_kurt,kurt_lower,kurt_upper,total_samples
2,2115.98,1901.7118,2349.228,3.4033833,1.9920577,4.9680963,3180.0
3,673.21747,635.6923,712.8687,3.037643,2.2851176,3.9230359,12720.0
4,188.34312,177.02032,200.11723,3.6323195,2.8535008,4.629042,50880.0
5,43.649445,40.704983,46.74766,5.291733,4.1454306,6.7361245,203520.0
6,8.706341,8.027619,9.425082,7.502429,5.6327186,10.357133,814080.0
7,1.6204807,1.4816421,1.770143,10.01849,7.480563,14.607306,3256320.0
8,0.25356194,0.22936961,0.28192884,13.938591,9.163198,30.660614,13025280.0
