layer,obs_var,var_lower,var_upper,obs_kurt,kurt_lower,kurt_upper,total_samples,kstest_stat_initial,initial_r,initial_eta,initial_scale,initial_exclude_cutoff,best_augmented_var,kstest_stat_cutoff_0.05,kstest_stat_best,best_r,best_eta,best_scale,best_exclude_cutoff,n_pval_0.05
2,1830.9346,1652.0977,2023.4438,2.9339561,1.8463945,4.1260905,3180.0,0.0169368704487751,0.1,9.8,3.6609384127110794e-18,0.0,1830.9346,0.024030335482930112,0.0169368704487751,0.1,9.8,3.6609384127110794e-18,0.0,6787
3,587.78186,556.3321,620.6606,2.6045012,2.0262074,3.2706447,12720.0,0.0048215819746416,0.2,4.2,2.239007503399293e-05,0.0,587.7818603515625,0.01202851450611388,0.004790849628677929,0.21,3.9,8.138772583633311e-05,0.0,81499
4,164.60674,154.98448,174.51884,3.2788167,2.623241,4.093916,50880.0,0.0049514289363858,0.5,0.2,10.673559668229856,25.0,159.67645263671875,0.006017563498360196,0.004879036489315092,0.58,0.0,25.1629302037387,25.0,76320
5,37.86353,35.38852,40.433693,4.7892566,3.8439922,5.9254055,203520.0,0.0021255617122832,0.5,-0.3,4.640138383005177,0.0,37.863529205322266,0.0030096044936828606,0.0020585347175915425,0.46,-0.2,2.7039396710551133,0.0,457920
6,7.493805,6.9297924,8.083941,6.7401295,5.2458973,8.89221,814080.0,0.0033494860600522,0.4,-0.4,0.3328960708503723,25.0,7.288052082061768,0.0015050074551751034,0.0030659576658849663,0.4,-0.39,0.326808459937397,25.0,203520
7,1.3869972,1.2723972,1.5095419,9.084314,7.002164,12.550997,3256320.0,0.0055557126851171,0.3,-0.4,0.0077290445327737,0.0,1.3416980504989624,0.0007525549699048645,0.005078245115493596,0.3,-0.37,0.006965467214797726,25.0,72444
8,0.21588294,0.19615239,0.23834117,12.285479,8.5227375,23.484678,13025280.0,0.0069521722142792,0.2,0.0,2.9520750497624822e-06,0.0,0.21588294208049774,0.0003762902880576396,0.006035225463215332,0.16,0.4,1.248580756650768e-08,0.0,50880
