layer,obs_var,var_lower,var_upper,obs_kurt,kurt_lower,kurt_upper,total_samples,kstest_stat_initial,initial_r,initial_eta,initial_scale,initial_exclude_cutoff,best_augmented_var,kstest_stat_cutoff_0.05,kstest_stat_best,best_r,best_eta,best_scale,best_exclude_cutoff,n_pval_0.05
2,1830.9346,1652.0977,2023.4438,2.9339561,1.8463945,4.1260905,3180.0,0.0169368704487753,0.1,9.8,3.6609384127110555e-18,0.0,1830.9345703125,0.024030335482930112,0.01691478125489221,0.1,9.81,3.629908379592469e-18,0.0,6787
3,587.78186,556.3321,620.6606,2.6045012,2.0262074,3.2706447,12720.0,0.0047748224425955,0.23,3.4,0.0007130500667967,0.0,587.7818603515625,0.01202851450611388,0.004729178991736083,0.229,3.45,0.0006323201824772359,0.0,81499
4,164.60674,154.98448,174.51884,3.2788167,2.623241,4.093916,50880.0,0.004879036489315,0.58,0.0,25.1629302037387,25.0,158.26397705078125,0.006017563498360196,0.004792543938240801,0.589,-5.5511151e-17,26.447352313873342,35.0,76320
5,37.86353,35.38852,40.433693,4.7892566,3.8439922,5.9254055,203520.0,0.0020585347175915,0.46,-0.2,2.7039396710551133,0.0,37.863529205322266,0.0030096044936828606,0.0018737797315714344,0.462,-0.209,2.800130240675205,0.0,515160
6,7.493805,6.9297924,8.083941,6.7401295,5.2458973,8.89221,814080.0,0.0030659576658849,0.4,-0.39,0.326808459937397,25.0,7.288052082061768,0.0015050074551751034,0.0030569802151586556,0.398,-0.385,0.3142563920179256,25.0,203520
7,1.3869972,1.2723972,1.5095419,9.084314,7.002164,12.550997,3256320.0,0.0050782451154935,0.3,-0.37,0.0069654672147977,25.0,1.3287642002105713,0.0007525549699048645,0.0050162124131594155,0.303,-0.374,0.00760507695884488,35.0,76320
8,0.21588294,0.19615239,0.23834117,12.285479,8.5227375,23.484678,13025280.0,0.0060352254632153,0.16,0.4,1.248580756650768e-08,0.0,0.21588294208049774,0.0003762902880576396,0.005844547195398286,0.155,0.46,4.993554938684404e-09,0.0,54331
