layer,obs_var,var_lower,var_upper,obs_kurt,kurt_lower,kurt_upper,total_samples,kstest_stat_initial,initial_r,initial_eta,initial_scale,initial_exclude_cutoff,best_augmented_var,kstest_stat_cutoff_0.05
2,1830.9346,1652.0977,2023.4438,2.9339561,1.8463945,4.1260905,3180.0,0.01693687044877512,0.1,9.8,3.66093841271108e-18,0.0,1830.9346,0.024030335482930112
3,587.78186,556.3321,620.6606,2.6045012,2.0262074,3.2706447,12720.0,0.004821581974641664,0.2,4.2,2.239007503399293e-05,0.0,587.78186,0.01202851450611388
4,164.60674,154.98448,174.51884,3.2788167,2.623241,4.093916,50880.0,0.004951428936385838,0.5,0.2,10.673559668229856,25.0,159.67645,0.006017563498360196
5,37.86353,35.38852,40.433693,4.7892566,3.8439922,5.9254055,203520.0,0.0021255617122832304,0.5,-0.3,4.640138383005177,0.0,37.86353,0.0030096044936828606
6,7.493805,6.9297924,8.083941,6.7401295,5.2458973,8.89221,814080.0,0.0033494860600522536,0.4,-0.4,0.33289607085037237,25.0,7.288052,0.0015050074551751034
7,1.3869972,1.2723972,1.5095419,9.084314,7.002164,12.550997,3256320.0,0.00555571268511712,0.3,-0.4,0.007729044532773735,0.0,1.3869972,0.0007525549699048645
8,0.21588294,0.19615239,0.23834117,12.285479,8.5227375,23.484678,13025280.0,0.00695217221427924,0.2,0.0,2.9520750497624826e-06,0.0,0.21588294,0.0003762902880576396
