layer,total_samples,initial_r,initial_eta,kstest_stat_initial,initial_exclude_cutoff,best_r,best_eta,best_scale,kstest_stat_best,best_exclude_cutoff,n_pval_0.05
2,3180.0,0.1,9.8,0.0169368704487753,0.0,0.1,9.81,3.629908379592469e-18,0.01691478125489221,0.0,6787
3,12720.0,0.23,3.4,0.0047748224425955,0.0,0.229,3.45,0.0006323201824772359,0.004729178991736083,0.0,81499
4,50880.0,0.58,0.0,0.004879036489315,25.0,0.589,-5.5511151e-17,26.447352313873342,0.004792543938240801,35.0,76320
5,203520.0,0.46,-0.2,0.0020585347175915,0.0,0.462,-0.209,2.800130240675205,0.0018737797315714344,0.0,515160
6,814080.0,0.4,-0.39,0.0030659576658849,25.0,0.398,-0.385,0.3142563920179256,0.0030569802151586556,25.0,203520
7,3256320.0,0.3,-0.37,0.0050782451154935,25.0,0.303,-0.374,0.00760507695884488,0.0050162124131594155,35.0,76320
8,13025280.0,0.16,0.4,0.0060352254632153,0.0,0.155,0.46,4.993554938684404e-09,0.005844547195398286,0.0,54331
