layer,obs_var,var_lower,var_upper,obs_kurt,kurt_lower,kurt_upper,total_samples
2,18445.896,17320.533,19614.73,2.1607742,1.7205637,2.6481278,7072
3,4277.869,4026.3035,4538.021,3.3766665,2.8542027,3.9529917,28288
4,1053.9296,983.44293,1127.1803,4.9140143,4.1638584,5.754264,113152
5,252.7267,234.22198,272.04065,6.617303,5.607427,7.7867594,452608
6,58.23728,53.558605,63.144867,8.153259,6.8717995,9.637091,1810432
7,13.477817,12.332045,14.693017,9.758245,8.246491,11.523114,7241728
8,3.1406689,2.8570085,3.4403906,11.076965,9.279529,13.203795,28966912
9,0.7897655,0.71605057,0.8675503,12.014354,9.994679,14.384909,115867648
10,0.22915336,0.20743103,0.2524836,12.310106,10.158624,14.687782,463470592
