layer,obs_var,var_lower,var_upper,obs_kurt,kurt_lower,kurt_upper,total_samples
2,18256.06,16765.775,19811.217,2.2135348,1.6857932,2.778239,4000
3,4221.2715,3969.9553,4480.801,3.5400243,2.9813838,4.131279,16000
4,1046.169,975.7649,1118.3594,5.059963,4.2873545,5.9158034,64000
5,251.99075,233.47723,271.30774,6.483287,5.47009,7.651407,256000
6,58.64246,53.98384,63.55938,8.080873,6.83537,9.5260935,1024000
7,13.662098,12.496328,14.895482,9.652288,8.188058,11.354494,4096000
8,3.1901147,2.9022534,3.4946003,10.964051,9.227096,13.005775,16384000
9,0.79922307,0.72479045,0.87815404,12.088191,10.090047,14.437705,65536000
10,0.22991675,0.20806837,0.25316054,12.521338,10.349807,14.928116,262144000
