layer,obs_var,var_lower,var_upper,obs_kurt,kurt_lower,kurt_upper,total_samples,kstest_stat_initial,initial_r,initial_eta,initial_scale,initial_exclude_cutoff,best_augmented_var,kstest_stat_cutoff_0.05
2,18445.896,17320.533,19614.73,2.1607742,1.7205637,2.6481278,7072,0.06348208226564234,3.1,-0.8,38243.61980593991,50.0,15350.55,0.01612577750721614
3,4277.869,4026.3035,4538.021,3.3766665,2.8542027,3.9529917,28288,0.04373650982808186,1.4,-1.0,10586.244275210742,25.0,4091.0044,0.008068854211971187
4,1053.9296,983.44293,1127.1803,4.9140143,4.1638584,5.754264,113152,0.032709677963039474,1.0,-1.1,2511.337280273438,75.0,1004.5349,0.0040359092726554024
5,252.7267,234.22198,272.04065,6.617303,5.607427,7.7867594,452608,0.027326143344410192,2.1,-1.2,897.0700722647902,500.0,198.24464,0.002018324026021024
6,58.23728,53.558605,63.144867,8.153259,6.8717995,9.637091,1810432,0.038219999999999865,1.5,-1.3,352.18495584691317,0.0,58.23728,0.0010092542162957218
7,13.477817,12.332045,14.693017,9.758245,8.246491,11.523114,7241728,0.06864999999999982,0.9,-1.3,61.980958646184035,0.0,13.477817,0.0005046501409454036
8,3.1406689,2.8570085,3.4403906,11.076965,9.279529,13.203795,28966912,0.1111999999999998,0.3,-1.3,0.7088060095560083,0.0,3.1406689,0.0002523308264179366
9,0.7897655,0.71605057,0.8675503,12.014354,9.994679,14.384909,115867648,0.15910999999999975,0.3,-1.3,0.17823926676495683,0.0,0.7897655,0.00012616685191353853
10,0.22915336,0.20743103,0.2524836,12.310106,10.158624,14.687782,463470592,0.20863999999999977,0.3,-1.3,0.051716780381107684,0.0,0.22915336,6.30837855989912e-05
