layer,obs_var,var_lower,var_upper,obs_kurt,kurt_lower,kurt_upper,total_samples,kstest_stat_initial,initial_r,initial_eta,initial_scale,initial_exclude_cutoff,best_augmented_var,kstest_stat_cutoff_0.05,kstest_stat_best,best_r,best_eta,best_scale,best_exclude_cutoff,n_pval_0.05
2,18445.896,17320.533,19614.73,2.1607742,1.7205637,2.6481278,7072,0.0634820822656423,3.1,-0.8,38243.61980593991,50.0,18445.896484375,0.01612577750721614,0.06337252183187397,3.0,-0.85,48143.67428783373,0.0,442
3,4277.869,4026.3035,4538.021,3.3766665,2.8542027,3.9529917,28288,0.0437365098280818,1.4,-1.0,10586.244275210742,25.0,4277.869140625,0.008068854211971187,0.04352046498148182,1.6,-1.02,12196.601400454276,0.0,994
4,1053.9296,983.44293,1127.1803,4.9140143,4.1638584,5.754264,113152,0.0327096779630394,1.0,-1.1,2511.337280273438,75.0,1053.9295654296875,0.0040359092726554024,0.03227168468674518,0.95,-1.1,2504.9275466311587,0.0,1768
5,252.7267,234.22198,272.04065,6.617303,5.607427,7.7867594,452608,0.0273261433444101,2.1,-1.2,897.0700722647902,500.0,191.5237579345703,0.002018324026021024,0.027248569989896554,1.61,-1.2,819.7362895401988,600.0,2515
6,58.23728,53.558605,63.144867,8.153259,6.8717995,9.637091,1810432,0.0382199999999998,1.5,-1.3,352.1849558469132,0.0,58.23728,0.0010092542162957218,0.0382199999999998,1.5,-1.3,352.1849558469132,0.0,1326
7,13.477817,12.332045,14.693017,9.758245,8.246491,11.523114,7241728,0.0686499999999998,0.9,-1.3,61.98095864618404,0.0,12.322911262512207,0.0005046501409454036,0.06864999999999977,0.5,-1.18,11.740578565655682,100.0,372
8,3.1406689,2.8570085,3.4403906,11.076965,9.279529,13.203795,28966912,0.1111999999999998,0.3,-1.3,0.7088060095560083,0.0,3.1406689,0.0002523308264179366,0.1111999999999998,0.3,-1.3,0.7088060095560083,0.0,154
9,0.7897655,0.71605057,0.8675503,12.014354,9.994679,14.384909,115867648,0.1591099999999997,0.3,-1.3,0.1782392667649568,0.0,0.7897655,0.00012616685191353853,0.1591099999999997,0.3,-1.3,0.1782392667649568,0.0,67
10,0.22915336,0.20743103,0.2524836,12.310106,10.158624,14.687782,463470592,0.2086399999999997,0.3,-1.3,0.0517167803811076,0.0,0.22915336,6.30837855989912e-05,0.2086399999999997,0.3,-1.3,0.0517167803811076,0.0,-1
