layer,obs_var,var_lower,var_upper,obs_kurt,kurt_lower,kurt_upper,total_samples,kstest_stat_initial,initial_r,initial_eta,initial_scale,initial_exclude_cutoff,best_augmented_var,kstest_stat_cutoff_0.05
2,16450.04,15716.54,17193.23,0.1563983,0.02545343,0.29565573,7072,0.0462896679260863,7.0,8.7,13588.937566664557,100.0,13710.21,0.01612577750721614
3,3961.6892,3781.5576,4144.733,1.1485848,0.93224084,1.3945,28288,0.03516497623152243,1.3,0.0,3395.2692049810676,150.0,3534.1038,0.008068854211971187
4,949.18616,897.5398,1002.5062,2.550149,2.0279741,3.3239276,113152,0.027451476357090998,1.3,-0.5,1141.2192201309156,350.0,844.1199,0.0040359092726554024
5,223.89064,210.40285,238.11812,3.8355474,2.9133995,6.837455,452608,0.016822528129320502,0.6,-0.5,66.40868251021503,200.0,204.36977,0.002018324026021024
6,51.25995,47.85161,54.875374,5.0126247,3.778394,9.031911,1810432,0.00917099972612867,0.8,-0.8,46.61884822809475,250.0,45.327145,0.0010092542162957218
7,11.640145,10.80877,12.550139,6.3910446,4.5945234,13.187908,7241728,0.005378181119812031,0.7,-0.9,10.649581963444897,50.0,11.141249,0.0005046501409454036
8,2.663398,2.4525433,2.9311507,9.511261,5.4394016,35.96165,28966912,0.00567898548188972,0.8,-1.0,3.592495739251558,150.0,2.3877344,0.0002523308264179366
9,0.62763095,0.5728971,0.7048635,13.333357,6.5438294,53.33635,115867648,0.006923966154020467,0.6,-1.0,0.5124201975811421,25.0,0.6034627,0.00012616685191353853
10,0.1500003,0.13499886,0.17311253,20.285288,8.472993,88.88147,463470592,0.005662997290153515,0.3,-0.7,0.0018807231717011647,0.0,0.1500003,6.30837855989912e-05
