layer,total_samples,initial_r,initial_eta,kstest_stat_initial,initial_exclude_cutoff,best_r,best_eta,best_scale,kstest_stat_best,best_exclude_cutoff,n_pval_0.05
2,7072,7.0,8.7,0.0462896679260863,100.0,7.0,8.7,13588.937566664556,0.0462896679260863,100.0,884
3,28288,1.3,0.0,0.0351649762315224,150.0,1.3,0.0,3395.269204981068,0.0351649762315224,150.0,1491
4,113152,1.3,-0.5,0.0274514763570909,350.0,1.23,-0.5,1111.1978825302872,0.027448556978010852,250.0,2515
5,452608,0.6,-0.5,0.0168225281293205,200.0,0.61,-0.5,68.29336919827466,0.016739665468075593,275.0,6712
6,1810432,0.8,-0.8,0.0091709997261286,250.0,0.7,-0.77,35.299708158124815,0.00897200122714692,150.0,23868
7,7241728,0.7,-0.9,0.005378181119812,50.0,0.6,-0.86,7.084387489094008,0.005106736618440355,0.0,71604
8,28966912,0.8,-1.0,0.0056789854818897,150.0,0.7,-0.98,2.8781302549950687,0.005106253539840178,50.0,71604
9,115867648,0.6,-1.0,0.0069239661540204,25.0,0.5,-0.93,0.24736132811749445,0.00556148126296685,25.0,60415
10,463470592,0.3,-0.7,0.0056629972901535,0.0,0.3,-0.66,0.00166656905471132,0.004008540664929172,0.0,113152
