band,obs_var,var_lower,var_upper,obs_kurt,kurt_lower,kurt_upper,total_samples,kstest_stat_initial,initial_r,initial_eta,initial_scale,initial_exclude_cutoff,best_augmented_var,kstest_stat_cutoff_0.05,kstest_stat_best,best_r,best_eta,best_scale,best_exclude_cutoff,n_pval_0.05,param_gaussian,kstest_stat_gaussian,kstest_pval_gaussian,param_laplace,kstest_stat_laplace,kstest_pval_laplace,param_t,kstest_stat_t,kstest_pval_t,kstest_pval_gengamma
12,81898759230420.25,52921861420637.73,132034267584259.44,332.9222712066951,102.22249630885058,879.7391321488348,226080.0,0.0157532581199461,0.3,0.5,10000000000.0,0.0,39076018626957.33,0.0028555381762752,0.0137990618596562,0.32,0.9,10000000000.0,100.0,10057,1000000.0,0.159809,0.0,1000000.0,0.120574,0.0,1000000.0,0.0942346,0.0,8.0123069e-38
13,210013533604388.53,183300493610987.6,241071855426066.0,26.65584619966276,16.763985446147394,46.94060696806978,224640.0,0.0202425815786569,0.1,-0.1,45.04388619000756,50.0,195000339313721.97,0.0028646735481884,0.0198760307346692,0.1,-0.12,52.50860484037833,25.0,4441,1000000.0,0.19794,0.0,1000000.0,0.152809,0.0,1000000.0,0.128854,0.0,1.6040136999999996e-77
15,459985153498527.2,423339273722256.8,498949373630637.9,8.225180032582621,6.042164988256601,11.10909436510131,113760.0,0.0193653951170698,0.2,0.0,6075186369.89537,25.0,459985153498527.2,0.0040251136404998,0.0183628512264574,0.2,-0.03,6823735395.829303,0.0,5332,1000000.0,0.350533,0.0,1000000.0,0.312796,0.0,1000000.0,0.289434,0.0,9.438046200000002e-34
16,504969806504792.25,466674836879340.3,548459335096893.6,7.708934477462108,4.860887827188579,15.678093400459671,901440.0,0.0094025356963793,0.2,1.1,680039062.8431268,0.0,504969806504792.25,0.0014302327594031,0.0091425416379787,0.22,0.8,5912563332.130513,0.0,21127,1000000.0,0.400469,0.0,1000000.0,0.365435,0.0,1000000.0,0.342276,0.0,7.094050499999999e-66
