band,total_samples,initial_r,initial_eta,kstest_stat_initial,initial_exclude_cutoff,best_r,best_eta,best_scale,kstest_stat_best,best_exclude_cutoff,n_pval_0.05
12,226080.0,0.2,1.3,0.0188775355308484,0.0,0.2,1.3,10000000.0,0.0188775355308484,0.0,5298
13,224640.0,0.1,-0.1,0.0202425815786569,50.0,0.1,-0.12,52.50860484037833,0.01987603073466926,25.0,4441
15,113760.0,0.1,1.6,0.0220000375185173,0.0,0.11,1.3,20.714142624143516,0.021590437343773555,0.0,3999
16,901440.0,0.1,3.8,0.0107855897571301,0.0,0.11,3.4,0.2380400760010999,0.010780306463567091,0.0,15844
