band,total_samples,initial_r,initial_eta,kstest_stat_initial,initial_exclude_cutoff,best_r,best_eta,best_scale,kstest_stat_best,best_exclude_cutoff,n_pval_0.05
12,226080.0,0.1,2.1,0.0248350783449393,500.0,0.11,2.2,0.06284899414199109,0.020918328341640757,600.0,4239.0
13,224640.0,0.1,-0.1,0.0202425815786569,50.0,0.1,-0.12,52.50860484037833,0.01987603073466926,25.0,4441.0
15,113760.0,0.7,-1.0,0.0075580544416812,100.0,0.7,-1.03,591501399481029.5,0.005336124183356161,0.0,63990.0
16,901440.0,1.0,-0.8,0.0016551835539044,75.0,0.99,-0.8,661004507452649.8,0.0014614158773162333,75.0,901440.0
