band,total_samples,initial_r,initial_eta,kstest_stat_initial,initial_exclude_cutoff,best_r,best_eta,best_scale,kstest_stat_best,best_exclude_cutoff,n_pval_0.05
12,226080.0,0.3,0.5,0.0157532581199461,0.0,0.32,0.9,10000000000.0,0.013799061859656212,100.0,10057
13,224640.0,0.1,-0.1,0.0202425815786569,50.0,0.1,-0.12,52.50860484037833,0.01987603073466926,25.0,4441
15,113760.0,0.2,0.0,0.0193653951170698,25.0,0.2,-0.03,6823735395.829303,0.018362851226457422,0.0,5332
16,901440.0,0.2,1.1,0.0094025356963793,0.0,0.22,0.8,5912563332.130513,0.009142541637978757,0.0,21127
