layer,obs_var,var_lower,var_upper,obs_kurt,kurt_lower,kurt_upper,total_samples
2,48477.156,20407.244,98426.12,464.3678,99.54912,783.3673,4500.0
3,9444.763,5309.8564,15352.427,431.8413,166.97908,690.7381,18000.0
4,2098.4902,931.15106,4352.503,1066.9325,136.6934,2116.355,72000.0
5,347.0016,166.50749,821.238,1301.6492,85.05527,3381.1282,288000.0
6,95.13281,42.79116,309.41226,3018.1877,62.34448,5098.2686,1152000.0
7,27.165165,14.275747,79.906204,2270.9495,50.7038,4215.7363,4608000.0
8,10.93526,5.5230093,31.109842,1948.57,69.62125,4228.2856,18432000.0
9,1.8180541,0.9951887,4.7945147,1645.8049,67.1032,3605.757,73728000.0
10,0.17964144,0.07924946,0.8174423,5707.5054,74.193924,6393.3745,294912000.0
