layer,obs_var,var_lower,var_upper,obs_kurt,kurt_lower,kurt_upper,total_samples,kstest_stat_initial,initial_r,initial_eta,initial_scale,initial_exclude_cutoff,best_augmented_var,kstest_stat_cutoff_0.05
2,48477.156,20407.244,98426.12,464.3678,99.54912,783.3673,4500.0,0.01135128564088106,0.6,-0.8,4760.1220633141975,25.0,8848.582,0.02020791513926377
3,9444.763,5309.8564,15352.427,431.8413,166.97908,690.7381,18000.0,0.007555890393839082,0.1,1.6,7.425266316612838e-13,50.0,2284.005,0.010113361889707637
4,2098.4902,931.15106,4352.503,1066.9325,136.6934,2116.355,72000.0,0.008040916117551755,0.1,1.8,7.694980202174651e-14,250.0,410.87903,0.005059013921713306
5,347.0016,166.50749,821.238,1301.6492,85.05527,3381.1282,288000.0,0.004838293176366526,0.1,2.4,3.977534018712196e-15,250.0,94.40657,0.0025300879366481855
6,95.13281,42.79116,309.41226,3018.1877,62.34448,5098.2686,1152000.0,0.002359530243569473,0.1,2.9,4.2765944704338545e-16,150.0,30.26047,0.0012651889283752558
7,27.165165,14.275747,79.906204,2270.9495,50.7038,4215.7363,4608000.0,0.0018563370288583458,0.1,2.7,2.4582476778982937e-16,100.0,11.398344,0.0006326306686923136
8,10.93526,5.5230093,31.109842,1948.57,69.62125,4228.2856,18432000.0,0.0031110387088850167,0.1,2.4,1.6246560378016664e-16,150.0,3.856113,0.0003163243810321388
9,1.8180541,0.9951887,4.7945147,1645.8049,67.1032,3605.757,73728000.0,0.005405387291632868,0.1,2.1,5.3712187619475106e-17,250.0,0.6218019,0.00015816445163252768
10,0.17964144,0.07924946,0.8174423,5707.5054,74.193924,6393.3745,294912000.0,0.008018654531442682,0.1,1.6,1.4170570782950047e-17,350.0,0.04358854,7.908279102599134e-05
