layer,obs_var,var_lower,var_upper,obs_kurt,kurt_lower,kurt_upper,total_samples,kstest_stat_initial,initial_r,initial_eta,initial_scale,initial_exclude_cutoff,best_augmented_var,kstest_stat_cutoff_0.05
2,,,,,,,0.0,,,,,,,
3,946814.56,917571.9,976698.9,-0.5385437,-0.61486703,-0.456596,19544.0,0.058963557966840496,1.2,20.0,85813.70905703766,0.0,946814.56,0.009706021896506337
4,391889.44,377544.62,406418.84,0.024665833,-0.12435538,0.19104141,177766.0,0.022741035533411502,1.8,20.0,99820.2415724981,0.0,391889.44,0.003220181317494518
5,115589.14,110075.95,121213.9,1.5172753,1.2089299,1.87368,820632.0,0.0036475164688985068,1.1,-0.1,95560.65655751347,0.0,115589.14,0.0014989881740439803
6,35460.496,32829.094,38199.375,6.683017,5.8825774,7.561228,3670424.0,0.005309385973326308,0.8,-0.8,31617.404711944757,250.0,30741.357,0.0007088353466666655
7,6775.734,6192.9053,7381.213,9.732124,8.434924,11.334869,15384514.0,0.004147624273246331,0.5,-0.8,1788.1282261439735,150.0,6008.111,0.0003462388787131613
8,735.1625,664.8732,812.6486,13.064596,9.912193,20.730494,62976002.0,0.004530963632383617,0.4,-0.8,76.50429095084577,50.0,689.66425,0.000171134296658041
9,65.5812,57.39219,75.238235,25.35712,15.238648,48.869812,254776200.0,0.003018647637752392,0.3,-0.7,0.7373964678857885,50.0,58.81232,8.508412696542748e-05
