band,obs_var,var_lower,var_upper,obs_kurt,kurt_lower,kurt_upper,total_samples
2,68.11709,55.835213,87.515564,75.45263,22.73522,243.63632,7200416.0
3,29.2457,23.585127,41.341854,126.1682,23.465864,485.1731,7200416.0
4,29.628668,23.78233,41.52042,120.88147,29.79572,468.29803,7200416.0
5,16.69347,13.227633,24.550312,157.45467,33.213493,601.6631,28801664.0
6,4.43327,3.4718091,6.4579906,153.43819,36.891144,563.1363,14400832.0
7,1.072669,0.8582571,1.4705027,109.93092,33.222305,410.26602,14400832.0
8,0.4273659,0.338485,0.5933248,118.45518,37.577827,438.7473,14400832.0
9,0.31703898,0.23593715,0.49005392,216.3122,54.78193,728.00464,14625845.0
