band,obs_var,var_lower,var_upper,obs_kurt,kurt_lower,kurt_upper,total_samples
2,68.117096,55.835213,87.51556,75.4526,22.735222,243.63638,100000.0
3,29.245703,23.585125,41.341854,126.16818,23.465858,485.17307,100000.0
4,29.628666,23.78233,41.52042,120.881485,29.795713,468.298,100000.0
5,16.693472,13.227633,24.550312,157.45462,33.213493,601.663,100000.0
6,4.43327,3.4718091,6.4579906,153.43819,36.89114,563.1363,100000.0
7,1.072669,0.858257,1.4705027,109.93094,33.222305,410.26596,100000.0
8,0.42736593,0.338485,0.5933248,118.45516,37.577824,438.74747,100000.0
9,0.317039,0.23593713,0.49005392,216.31216,54.781918,728.0046,100000.0
