band,obs_var,var_lower,var_upper,obs_kurt,kurt_lower,kurt_upper,total_samples,kstest_stat_initial,initial_r,initial_eta,initial_scale,initial_exclude_cutoff,best_augmented_var,kstest_stat_cutoff_0.05,kstest_stat_best,best_r,best_eta,best_scale,best_exclude_cutoff,n_pval_0.05
2,68.117096,55.835213,87.51556,75.4526,22.735222,243.63638,100000.0,0.0032920745433373,0.4,-1.0,10.441888066694268,100.0,55.51548385620117,0.004293014618329405,0.0020070826992741875,0.3,-0.87,1.235217414822986,50.0,480540
3,29.245703,23.585125,41.341854,126.16818,23.465858,485.17307,100000.0,0.002931975823529,0.4,-1.0,4.117691700243379,150.0,23.437091827392578,0.004293014618329405,0.0015133372905769549,0.36,-1.0,2.8023504223527573,50.0,810912
4,29.628666,23.78233,41.52042,120.881485,29.795713,468.298,100000.0,0.0026227264784517,0.2,-0.9,0.0101643789382207,25.0,25.614235,0.004293014618329405,0.0026227264784517,0.2,-0.9,0.0101643789382207,25.0,270301
5,16.693472,13.227633,24.550312,157.45462,33.213493,601.663,100000.0,0.0071027223969428,0.1,-0.4,2.1311290290595128e-11,25.0,16.693471908569336,0.004293014618329405,0.006716283104300225,0.1,-0.46,3.751337463782314e-11,0.0,42187
6,4.43327,3.4718091,6.4579906,153.43819,36.89114,563.1363,100000.0,0.0080999649847175,0.1,-0.3,2.7125412935497825e-12,50.0,3.2693560123443604,0.004293014618329405,0.006956538852994718,0.1,-0.28,2.255761667624216e-12,75.0,37500
7,1.072669,0.858257,1.4705027,109.93094,33.222305,410.26596,100000.0,0.0078092955556217,0.1,-0.1,1.7347544087772837e-13,150.0,0.7496969699859619,0.004293014618329405,0.007248909995029251,0.1,-0.1,1.8058082945527636e-13,125.0,35593
8,0.42736593,0.338485,0.5933248,118.45516,37.577824,438.74747,100000.0,0.0088992468383437,0.1,0.1,1.7723599690931398e-14,350.0,0.23152129352092743,0.004293014618329405,0.008189505931067046,0.08,0.5,6.369828881721267e-20,275.0,28125
9,0.317039,0.23593713,0.49005392,216.31216,54.781918,728.0046,100000.0,0.007757055479204,0.1,-0.1,2.997149216452467e-14,350.0,0.1407143473625183,0.004293014618329405,0.007165979289441243,0.08,0.2,2.0195048083725083e-19,275.0,37500
