band,obs_var,var_lower,var_upper,obs_kurt,kurt_lower,kurt_upper,total_samples,kstest_stat_initial,initial_r,initial_eta,initial_scale,initial_exclude_cutoff,best_augmented_var,kstest_stat_cutoff_0.05
2,68.117096,55.835213,87.51556,75.4526,22.735222,243.63638,100000.0,0.0032920745433373533,0.4,-1.0,10.441888066694267,100.0,50.95347,0.004293014618329405
3,29.245703,23.585125,41.341854,126.16818,23.465858,485.17307,100000.0,0.002931975823529054,0.4,-1.0,4.117691700243379,150.0,20.093174,0.004293014618329405
4,29.628666,23.78233,41.52042,120.881485,29.795713,468.298,100000.0,0.0026227264784517493,0.2,-0.9,0.010164378938220793,25.0,25.614235,0.004293014618329405
5,16.693472,13.227633,24.550312,157.45462,33.213493,601.663,100000.0,0.007102722396942884,0.1,-0.4,2.1311290290595128e-11,25.0,14.287996,0.004293014618329405
6,4.43327,3.4718091,6.4579906,153.43819,36.89114,563.1363,100000.0,0.008099964984717545,0.1,-0.3,2.7125412935497825e-12,50.0,3.4718788,0.004293014618329405
7,1.072669,0.858257,1.4705027,109.93094,33.222305,410.26596,100000.0,0.007809295555621709,0.1,-0.1,1.7347544087772837e-13,150.0,0.72019833,0.004293014618329405
8,0.42736593,0.338485,0.5933248,118.45516,37.577824,438.74747,100000.0,0.008899246838343736,0.1,0.1,1.7723599690931398e-14,350.0,0.2102316,0.004293014618329405
9,0.317039,0.23593713,0.49005392,216.31216,54.781918,728.0046,100000.0,0.007757055479204009,0.1,-0.1,2.997149216452467e-14,350.0,0.12442925,0.004293014618329405
