band,total_samples,initial_r,initial_eta,kstest_stat_initial,initial_exclude_cutoff,best_r,best_eta,best_scale,kstest_stat_best,best_exclude_cutoff,n_pval_0.05
2,7200416.0,0.4,-1.0,0.0032920745415147,100.0,0.3,-0.87,1.235217414822986,0.0020070826992741875,50.0,450026
3,7200416.0,0.4,-1.0,0.002931981770806,150.0,0.36,-1.0,2.8023504223527573,0.0015133372905769549,50.0,810958
4,7200416.0,0.2,-0.9,0.0026227274936807,25.0,0.2,-0.9,0.0101643781813364,0.0026227274936807,25.0,270315
5,28801664.0,0.1,-0.4,0.0071034851167611,25.0,0.1,-0.46,3.7513370351651625e-11,0.006716286780561409,0.0,42189
6,14400832.0,0.1,-0.3,0.0080990655045616,50.0,0.1,-0.28,2.255761667624216e-12,0.006956538852994718,75.0,40044
7,14400832.0,0.1,-0.1,0.007809377348235,150.0,0.1,-0.1,1.8058081509820062e-13,0.007247922495487891,125.0,35595
8,14400832.0,0.1,0.1,0.0088992459120611,350.0,0.08,0.5,6.369828881721267e-20,0.008189505931067046,275.0,28126
9,14625845.0,0.1,-0.1,0.0077570545339909,350.0,0.08,0.2,2.019504594513963e-19,0.007165980249816878,275.0,36153
