band,obs_var,var_lower,var_upper,obs_kurt,kurt_lower,kurt_upper,total_samples
12,100482621369653.25,74507720207924.62,133846320474960.11,126.74531316530678,67.15193240604754,217.96245853236945,241152.0
13,256511248174896.1,231887980180274.03,283299017445872.25,13.171957787153975,10.017811571738628,17.879431575487736,239616.0
15,556433821854561.75,514978511674090.6,600871879838637.2,7.002010168735021,4.830735342598954,10.385528537305895,121344.0
16,542056013852580.75,504127221621085.3,584932342539469.6,6.21628364023802,3.888562706556714,13.188167117761049,961536.0
