band,obs_var,var_lower,var_upper,obs_kurt,kurt_lower,kurt_upper,total_samples,kstest_stat_initial,initial_r,initial_eta,initial_scale,initial_exclude_cutoff,best_augmented_var,kstest_stat_cutoff_0.05
12,100482621369653.23,74507720207924.62,133846320474960.12,126.74531316530678,67.15193240604754,217.96245853236945,241152.0,0.017947529409182397,0.3,0.6,10000000000.0,0.0,100482621369653.25,0.002764885682102894
13,256511248174896.1,231887980180274.03,283299017445872.25,13.171957787153977,10.017811571738628,17.879431575487736,239616.0,0.027662913838547423,0.1,0.1,21.625210631856365,0.0,256511248174896.1,0.002773731113852124
15,556433821854561.75,514978511674090.6,600871879838637.2,7.002010168735021,4.830735342598954,10.385528537305897,121344.0,0.010194254927409996,0.2,0.8,1275769448.562163,0.0,556433821854561.75,0.0038973447535638073
16,542056013852580.8,504127221621085.3,584932342539469.6,6.21628364023802,3.888562706556714,13.188167117761049,961536.0,0.002837662012048159,0.2,2.1,171532370.65282547,0.0,542056013852580.75,0.0013848226074512021
