band,obs_var,var_lower,var_upper,obs_kurt,kurt_lower,kurt_upper,total_samples,kstest_stat_initial,initial_r,initial_eta,initial_scale,initial_exclude_cutoff,best_augmented_var,kstest_stat_cutoff_0.05,kstest_stat_best,best_r,best_eta,best_scale,best_exclude_cutoff,n_pval_0.05
12,100482621369653.23,74507720207924.62,133846320474960.12,126.74531316530678,67.15193240604754,217.96245853236945,241152.0,0.0164331600322902,0.2,1.4,10000000.0,0.0,61570565621585.2,0.002764885682102894,0.016375658668760562,0.19,0.9,10000000.0,100.0,7152
13,256511248174896.1,231887980180274.03,283299017445872.25,13.171957787153977,10.017811571738628,17.879431575487736,239616.0,0.0276629138385474,0.1,0.1,21.625210631856365,0.0,256511248174896.1,0.002773731113852124,0.02577468558642415,0.13,-0.3,1008028.5971842665,0.0,2808
15,556433821854561.75,514978511674090.6,600871879838637.2,7.002010168735021,4.830735342598954,10.385528537305897,121344.0,0.0121329421976538,0.1,3.3,0.0035508921095558,0.0,556433821854561.75,0.0038973447535638073,0.0121329421976538,0.1,3.3,0.0035508921095558,0.0,12798
16,542056013852580.8,504127221621085.3,584932342539469.6,6.21628364023802,3.888562706556714,13.188167117761049,961536.0,0.0037824228933285,0.1,5.9,6.14127042979264e-05,0.0,542056013852580.8,0.0013848226074512021,0.0037824228933285,0.1,5.9,6.14127042979264e-05,0.0,135216
