band,total_samples,initial_r,initial_eta,kstest_stat_initial,initial_exclude_cutoff,best_r,best_eta,best_scale,kstest_stat_best,best_exclude_cutoff,n_pval_0.05
12,241152.0,0.3,0.6,0.0179475294091823,0.0,0.29,0.4,10000000000.0,0.016845719771898488,100.0,6358
13,239616.0,0.1,0.1,0.0276629138385474,0.0,0.13,-0.3,1008028.5971842665,0.02577468558642415,0.0,2808
15,121344.0,0.2,0.8,0.0101942549274099,0.0,0.2,0.8,1275769448.562163,0.0101942549274099,0.0,17064
16,961536.0,0.2,2.1,0.0028376620120481,0.0,0.21,1.9,567690816.3654422,0.0024835980826676263,0.0,304236
