band,total_samples,initial_r,initial_eta,kstest_stat_initial,initial_exclude_cutoff,best_r,best_eta,best_scale,kstest_stat_best,best_exclude_cutoff,n_pval_0.05
12,241152.0,0.1,1.1,0.0299515720868451,500.0,0.1,1.4,0.014107079899282329,0.0265529119190534,600.0,2680
13,239616.0,0.2,-0.8,0.0231522923350178,0.0,0.23,-0.9,556082637463.4822,0.021385508487799215,0.0,4212
15,121344.0,0.8,-0.8,0.0022945295641185,75.0,0.72,-0.8,467016479049623.7,0.0015259419457565593,0.0,777478
16,961536.0,0.5,0.0,0.000694944413763,25.0,0.5,0.0,43755359958479.12,0.000694944413763,25.0,3650832
