layer,obs_var,var_lower,var_upper,obs_kurt,kurt_lower,kurt_upper,total_samples
2,,,,,,,0.0
3,1150192.8,964303.56,1354585.9,0.44722056,-0.27915817,1.2011727,564.0
4,919570.0,877478.8,962246.25,1.2017546,0.9072555,1.5674438,22538.0
5,335493.44,315293.88,356705.38,3.746035,3.1581578,4.343529,296776.0
6,60756.43,56444.715,65250.867,5.8733997,5.055461,6.8063235,2880648.0
7,7845.426,7280.4824,8443.186,6.2025995,5.3479404,7.9789815,25362406.0
8,584.5731,534.2055,640.87836,10.5176,7.347862,18.280815,213093688.0
