layer,obs_var,var_lower,var_upper,obs_kurt,kurt_lower,kurt_upper,total_samples,kstest_stat_initial,initial_r,initial_eta,initial_scale,initial_exclude_cutoff,best_augmented_var,kstest_stat_cutoff_0.05,kstest_stat_best,best_r,best_eta,best_scale,best_exclude_cutoff,n_pval_0.05,param_gaussian,kstest_stat_gaussian,kstest_pval_gaussian,param_laplace,kstest_stat_laplace,kstest_pval_laplace,param_t,kstest_stat_t,kstest_pval_t,kstest_pval_gengamma
2,,,,,,,0.0,,,,,,,,,,,,,-1,,,,,,,,,,
3,1150192.8,964303.56,1354585.9,0.44722056,-0.27915817,1.2011727,564.0,0.0223000136155552,1.1,20.0,77268.8381519328,0.0,1150192.75,0.0568820832907503,0.0221414258998961,1.18,20.0,98635.49191694752,0.0,3610,1076.69,0.0192842,0.982169,969.639,0.0426086,0.250294,799.623,0.0423907,0.255585,0.93917761
4,919570.0,877478.8,962246.25,1.2017546,0.9072555,1.5674438,22538.0,0.0290069398364033,0.5,0.4,50415.021929824565,0.0,919570.0,0.0090389255084191,0.0287924423785479,0.53,0.3,73640.99573785093,0.0,2112,779.489,0.0508768,3.8499899999999996e-51,688.715,0.0245455,3.14865e-12,572.397,0.0268888,1.37191e-14,1.1509326000000002e-16
5,335493.44,315293.88,356705.38,3.746035,3.1581578,4.343529,296776.0,0.0087563227680735,0.2,11.0,0.0002584891367168,350.0,281100.46875,0.0024924069574146,0.0082239119447923,0.23,11.0,0.0070430405685858,425.0,27822,503.395,0.0146163,1.6743899999999997e-55,442.249,0.0259016,2.125899999999999e-173,363.533,0.022845,5.584279999999998e-135,7.316134000000001e-18
6,60756.43,56444.715,65250.867,5.8733997,5.055461,6.8063235,2880648.0,0.0040320823701835,0.1,3.8,1.5571995272915928e-13,0.0,60756.43,0.0008001194016298,0.0040320823701835,0.1,3.8,1.5571995272915928e-13,0.0,113931,172.292,0.0341092,0.0,152.648,0.011037,,120.143,0.0072836,3.634889999999999e-133,4.1832719e-41
7,7845.426,7280.4824,8443.186,6.2025995,5.3479404,7.9789815,25362406.0,0.0059465516377686,0.4,-0.7,674.4849530328789,0.0,7845.42578125,0.0002696655722402,0.0057296618286024,0.46,-0.8,1677.2582842715387,0.0,55726,52.1398,0.0499758,0.0,46.0831,0.0252786,0.0,34.9424,0.0241521,0.0,0.0
8,584.5731,534.2055,640.87836,10.5176,7.347862,18.280815,213093688.0,0.0055785780155856,0.4,-0.8,62.28298571789177,25.0,584.5731201171875,9.303414483735194e-05,0.0045041023226519,0.4,-0.83,70.40425068891271,0.0,87790,12.5383,0.0586271,0.0,10.9773,0.0330573,0.0,8.48305,0.0330239,0.0,0.0
