layer,obs_var,var_exclude_0,var_exclude_25,var_exclude_50,var_exclude_100,var_exclude_150,var_exclude_250,var_exclude_350,var_exclude_500
2,188570.73,188570.73,53255.48,45081.785,36420.285,30676.793,23064.148,18413.592,13823.26
3,42568.312,42568.312,17821.275,14721.262,12236.73,10732.189,8833.768,7600.5903,6365.4575
4,10773.336,10773.336,5597.328,4464.238,3574.9995,3107.3118,2605.4773,2310.4902,2000.5931
5,1800.4349,1800.4349,967.1967,795.38226,642.70654,566.3092,477.0844,420.5678,363.675
6,390.8875,390.8875,192.20319,158.68784,129.36212,114.1288,96.79618,86.33645,75.97758
7,98.47922,98.47922,42.509384,35.69884,29.994589,27.104929,23.804392,21.784376,19.74415
8,33.173733,33.173733,16.510288,13.967173,11.896943,10.898866,9.773006,9.064301,8.316109
9,11.252635,11.252635,4.5747337,3.8481076,3.2806263,3.0072985,2.686348,2.4782884,2.2561734
10,1.8759142,1.8759142,0.6416747,0.5432802,0.4631687,0.42269677,0.3746135,0.34346884,0.3103359
