layer,obs_var,var_exclude_0,MAD,var_exclude_100,var_exclude_400
2,188570.73,188570.73,158.80325,36420.285,16658.74
3,42568.312,42568.312,70.61335,12236.73,7121.1626
4,10773.336,10773.336,31.406,3574.9995,2194.8887
5,1800.4349,1800.4349,13.657659,642.70654,398.9102
6,390.8875,390.8875,6.584007,129.36212,82.37035
7,98.47922,98.47922,3.4469478,29.994589,21.009548
8,33.173733,33.173733,2.2069256,11.896943,8.784658
9,11.252635,11.252635,1.1324744,3.2806263,2.3953981
10,1.8759142,1.8759142,0.4122957,0.4631687,0.33112258
