layer,obs_var,var_lower,var_upper,obs_kurt,kurt_lower,kurt_upper,total_samples
2,188568.48,99639.69,330252.97,536.0407,113.30085,760.9477,9000
3,42567.688,23775.207,71603.1,488.98392,135.97705,891.2222,36000
4,10773.024,5322.7065,20877.057,785.2625,131.36769,1768.965,144000
5,1800.4326,923.8044,3624.7683,858.10016,109.90415,2074.951,576000
6,390.86823,183.29387,971.2292,1521.2782,104.04905,3444.5947,2304000
7,98.47588,41.01833,351.57446,3306.414,84.38518,5671.773,9216000
8,33.197308,15.931733,100.44257,2270.344,78.3117,4640.2104,36864000
9,11.251238,4.42777,43.867798,5139.562,82.370804,6105.731,147456000
10,1.8759975,0.61680007,10.1300535,9748.247,78.49217,7481.529,589824000
