layer,obs_var,var_lower,var_upper,obs_kurt,kurt_lower,kurt_upper,total_samples,kstest_stat_initial,initial_r,initial_eta,initial_scale,initial_exclude_cutoff,best_augmented_var,kstest_stat_cutoff_0.05
2,188570.73,99638.34,330262.22,536.03296,113.30454,760.9436,9000.0,0.014584253059125113,0.1,2.1,4.600288773466354e-12,25.0,53255.48,0.014296961166644029
3,42568.312,23773.76,71607.33,488.9953,135.97452,891.27313,36000.0,0.013127038969653282,0.1,1.8,1.809762641487892e-12,200.0,9663.358,0.007153161548533642
4,10773.336,5322.67,20877.791,785.2428,131.39227,1768.9534,144000.0,0.009242374653490315,0.1,1.5,8.671865204763225e-13,500.0,2000.5931,0.003577744605964338
5,1800.4349,923.853,3624.655,858.0374,109.91374,2074.8833,576000.0,0.0069412620391117175,0.1,1.5,1.823013028491886e-13,350.0,420.5678,0.001789162458327746
6,390.8875,183.28865,971.46985,1521.5397,104.03553,3444.5295,2304000.0,0.004748627089042667,0.1,2.3,4.845850294877852e-15,300.0,91.054344,0.0008946536675937644
7,98.47922,41.024357,351.60403,3306.705,84.34887,5672.12,9216000.0,0.003924006063943386,0.2,0.8,5.457776771476469e-05,250.0,23.804392,0.00044734493084683295
8,33.173733,15.926921,100.374084,2264.614,78.32176,4638.6377,36864000.0,0.0033500000000000196,0.1,2.4,5.012415518397221e-16,100.0,11.896943,0.00022367698811616015
9,11.252635,4.4278646,43.877705,5137.0986,82.329865,6105.3716,147456000.0,0.005950000000000177,0.1,1.9,5.025335464975186e-16,75.0,3.4964397,0.00011183962453501836
10,1.8759142,0.6159922,10.184826,9775.981,78.68425,7496.8584,589824000.0,0.02609999999998963,0.3,-0.7,0.008045400176149832,25.0,0.6416747,5.5920094864633584e-05
