layer,obs_var,var_lower,var_upper,obs_kurt,kurt_lower,kurt_upper,total_samples,kstest_stat_initial,initial_r,initial_eta,initial_scale,initial_exclude_cutoff,best_augmented_var,kstest_stat_cutoff_0.05,kstest_stat_best,best_r,best_eta,best_scale,best_exclude_cutoff,n_pval_0.05
2,188570.73,99638.34,330262.22,536.03296,113.30454,760.9436,9000.0,0.0145842530591251,0.1,2.1,4.600288773466354e-12,25.0,53255.48046875,0.014296961166644029,0.013944027069014542,0.09,2.5,8.081717532638134e-15,25.0,9000.0
3,42568.312,23773.76,71607.33,488.9953,135.97452,891.27313,36000.0,0.0131270389696532,0.1,1.8,1.809762641487892e-12,200.0,9663.358,0.007153161548533642,0.0131270389696532,0.1,1.8,1.809762641487892e-12,200.0,10807.0
4,10773.336,5322.67,20877.791,785.2428,131.39227,1768.9534,144000.0,0.0092423746534903,0.1,1.5,8.671865204763226e-13,500.0,2194.888671875,0.003577744605964338,0.008050695912777156,0.09,1.7,3.0380316446786148e-15,400.0,28830.0
5,1800.4349,923.853,3624.655,858.0374,109.91374,2074.8833,576000.0,0.0069412620391117,0.1,1.5,1.8230130284918862e-13,350.0,432.80450439453125,0.001789162458327746,0.006447979687318917,0.1,1.5,1.8760547798255864e-13,325.0,45562.0
6,390.8875,183.28865,971.46985,1521.5397,104.03553,3444.5295,2304000.0,0.0047486270890426,0.1,2.3,4.8458502948778516e-15,300.0,93.7691879272461,0.0008946536675937644,0.0043935070111623675,0.1,2.2,6.339070929164958e-15,275.0,91125.0
7,98.47922,41.024357,351.60403,3306.705,84.34887,5672.12,9216000.0,0.0039240060639433,0.2,0.8,5.457776771476469e-05,250.0,24.458982467651367,0.00044734493084683295,0.0037799999999983402,0.21,0.6,0.00019207747057990086,225.0,136687.0
8,33.173733,15.926921,100.374084,2264.614,78.32176,4638.6377,36864000.0,0.00335,0.1,2.4,5.012415518397221e-16,100.0,10.898865699768066,0.00022367698811616015,0.0033499999999971886,0.12,2.0,2.5765723729655666e-12,150.0,162000.0
9,11.252635,4.4278646,43.877705,5137.0986,82.329865,6105.3716,147456000.0,0.0059500000000001,0.1,1.9,5.025335464975186e-16,75.0,3.007298469543457,0.00011183962453501836,0.005949999999982469,0.12,1.5,2.2182159598915335e-12,150.0,54000.0
10,1.8759142,0.6159922,10.184826,9775.981,78.68425,7496.8584,589824000.0,0.0260999999999896,0.3,-0.7,0.0080454001761498,25.0,0.4942845106124878,5.5920094864633584e-05,0.026099999999980417,0.62,-1.0,0.45459206771156807,75.0,2845.0
