layer,total_samples,initial_r,initial_eta,kstest_stat_initial,initial_exclude_cutoff,best_r,best_eta,best_scale,kstest_stat_best,best_exclude_cutoff,n_pval_0.05
2,9000.0,0.1,2.1,0.0145842530591251,25.0,0.09,2.5,8.081717532638134e-15,0.013944027069014542,25.0,9000.0
3,36000.0,0.1,1.8,0.0131270389696532,200.0,0.1,1.8,1.809762641487892e-12,0.0131270389696532,200.0,10807.0
4,144000.0,0.1,1.5,0.0092423746534903,500.0,0.09,1.7,3.0380316446786148e-15,0.008050695912777156,400.0,28830.0
5,576000.0,0.1,1.5,0.0069412620391117,350.0,0.1,1.5,1.8760547798255864e-13,0.006447979687318917,325.0,45562.0
6,2304000.0,0.1,2.3,0.0047486270890426,300.0,0.1,2.2,6.339070929164958e-15,0.0043935070111623675,275.0,91125.0
7,9216000.0,0.2,0.8,0.0039240060639433,250.0,0.21,0.6,0.00019207747057990086,0.0037799999999983402,225.0,136687.0
8,36864000.0,0.1,2.4,0.00335,100.0,0.12,2.0,2.5765723729655666e-12,0.0033499999999971886,150.0,162000.0
9,147456000.0,0.1,1.9,0.0059500000000001,75.0,0.12,1.5,2.2182159598915335e-12,0.005949999999982469,150.0,54000.0
10,589824000.0,0.3,-0.7,0.0260999999999896,25.0,0.62,-1.0,0.45459206771156807,0.026099999999980417,75.0,2845.0
