layer,obs_var,var_lower,var_upper,obs_kurt,kurt_lower,kurt_upper,total_samples
2,2.5094647408196953,2.394227822529901,2.627986989929696,1.2695812588565643,0.895751512119011,1.7744154298597075,10000.0
3,5.007769589569067,4.79000453474373,5.230256615283438,0.9410489507049307,0.6965704345541028,1.2122217092148837,10000.0
4,24.856175161840504,23.734480234954024,25.998470327463146,1.1243233199544687,0.8451237175572487,1.427006234217056,10000.0
5,1.2446303569416184,1.1888619124741193,1.3019027965791325,1.100882582576749,0.8045076824603469,1.4222967651475062,10000.0
6,14.893656743446622,14.2488626791196,15.55394197013118,0.8843220290605842,0.6539043525967274,1.1284695864201764,10000.0
7,30.00960382965418,28.694512321760552,31.361410760450635,0.9869857633758063,0.717404035315516,1.2856609557111194,10000.0
8,149.33430175650022,143.01636634501315,155.76476083927435,0.7162778912743706,0.5012425693861557,0.9585516458490758,10000.0
9,7.508410418880585,7.1837941919344726,7.845591260528227,0.8737618348923561,0.6091346976490154,1.1803695469037059,10000.0
