layer,obs_var,var_lower,var_upper,obs_kurt,kurt_lower,kurt_upper,total_samples,initial_r,initial_eta,kstest_stat_initial,kstest_stat_cutoff_0.05,best_r_eta0,kstest_stat_eta0,best_r,best_eta,kstest_stat_best,iter1_r,iter1_eta,kstest_stat_iter1,n_pval_0.05
2,2.509464740819696,2.394227822529901,2.627986989929696,1.2695812588565645,0.895751512119011,1.7744154298597077,10000.0,0.93,0.7,0.0037290655820219,0.013564202793681,0.73,0.0124617112317897,0.939,0.74,0.0034791889926113484,0.939,0.74,0.0034791889926113484,153940
3,5.007769589569067,4.79000453474373,5.230256615283438,0.9410489507049308,0.6965704345541028,1.2122217092148837,10000.0,0.82,1.5,0.0044590231996455,0.013564202793681,0.57,0.0171198532391266,0.811,1.43,0.004170960264335277,0.811,1.43,0.004170960264335277,108118
4,24.856175161840504,23.734480234954024,25.998470327463146,1.1243233199544689,0.8451237175572487,1.427006234217056,10000.0,0.62,2.8,0.0056534756260437,0.013564202793681,0.4,0.0260604775630967,0.623,2.86,0.005564496855492096,0.623,2.86,0.005564496855492096,56952
5,1.2446303569416184,1.188861912474119,1.3019027965791323,1.100882582576749,0.8045076824603469,1.4222967651475062,10000.0,1.62,0.9,0.0054018143612412,0.013564202793681,1.03,0.0126019260014064,1.624,0.91,0.005329334485502102,1.624,0.91,0.005329334485502102,64071
6,14.893656743446622,14.2488626791196,15.55394197013118,0.8843220290605842,0.6539043525967274,1.1284695864201764,10000.0,0.7,3.1,0.0118460989057855,0.013564202793681,0.43,0.0349242125021488,0.697,3.05,0.01182428115148021,0.697,3.05,0.01182428115148021,12655
7,30.00960382965418,28.694512321760552,31.361410760450635,0.9869857633758063,0.717404035315516,1.2856609557111194,10000.0,0.67,4.7,0.006152350263097,0.013564202793681,0.39,0.032063744967328,0.668,4.64,0.0060259453991782785,0.668,4.64,0.0060259453991782785,50625
8,149.33430175650022,143.01636634501315,155.76476083927437,0.7162778912743706,0.5012425693861557,0.9585516458490758,10000.0,0.52,5.3,0.0089171064103415,0.013564202793681,0.31,0.0366000611259641,0.52,5.3,0.008917106410341546,0.52,5.3,0.008917106410341546,22500
9,7.508410418880585,7.1837941919344726,7.845591260528227,0.8737618348923561,0.6091346976490154,1.180369546903706,10000.0,0.83,2.8,0.0038643738404954,0.013564202793681,0.51,0.0232084961208896,0.828,2.78,0.0036919959849505135,0.828,2.78,0.0036919959849505135,136836
