layer,obs_var,var_lower,var_upper,obs_kurt,kurt_lower,kurt_upper,total_samples
2,7687.9434,6901.589,8522.409,4.7117805,3.6642096,5.7939153,4000
3,2119.814,1966.5588,2281.2178,6.3883505,5.0945187,7.8228188,16000
4,616.563,566.25104,668.96387,8.496661,6.907858,10.395842,64000
5,164.3762,149.83713,179.72507,10.352955,8.51466,12.568257,256000
6,40.300583,36.560146,44.29979,11.914604,9.975632,14.141745,1024000
7,9.229148,8.308782,10.208145,13.944969,11.784454,16.425611,4096000
8,2.0329013,1.8173542,2.2629735,16.007273,13.317561,19.239584,16384000
9,0.4797613,0.42719352,0.53634554,17.688694,14.312851,21.892488,65536000
10,0.1427021,0.12780245,0.15878849,15.678446,12.129443,19.822157,262144000
