layer,obs_var,var_lower,var_upper,obs_kurt,kurt_lower,kurt_upper,total_samples
2,7882.226,7270.7935,8526.805,4.8081603,3.962593,5.6818247,7072
3,2171.4395,2014.1039,2337.045,6.2486353,5.0782313,7.545143,28288
4,624.0545,573.4609,677.5113,8.371094,6.8584476,10.192197,113152
5,162.62987,148.6238,177.47847,10.098272,8.364773,12.229185,452608
6,39.51513,35.818707,43.417225,11.91644,9.970272,14.196428,1810432
7,9.031426,8.133928,9.987995,14.131292,11.882399,16.817919,7241728
8,1.9914628,1.778397,2.218849,16.38771,13.580087,19.870974,28966912
9,0.4719379,0.4199706,0.52760106,17.793436,14.329135,22.161554,115867648
10,0.14055541,0.12588458,0.15649457,15.608429,12.037827,19.746313,463470592
