layer,obs_var,var_lower,var_upper,obs_kurt,kurt_lower,kurt_upper,total_samples
2,9603.463,9062.19,10164.071,1.5450659,1.1447386,2.0025947,7072
3,2720.8342,2572.3542,2874.905,2.6263638,2.1734078,3.2156858,28288
4,753.9402,707.0698,802.8066,4.000318,3.232317,5.0902905,113152
5,194.982,181.9763,208.78412,5.1636887,4.0283217,8.982092,452608
6,46.94432,43.39761,51.023575,7.64917,5.1013565,20.824207,1810432
7,10.670525,9.762846,12.098597,14.009258,6.0968323,66.927185,7241728
8,2.3083897,2.0970862,2.657379,17.870512,6.868606,87.880844,28966912
9,0.51185393,0.4594367,0.619605,29.756325,8.036207,173.59506,115867648
10,0.11719494,0.10428319,0.13926432,28.386827,10.054461,137.19507,463470592
