layer,obs_var,var_lower,var_upper,obs_kurt,kurt_lower,kurt_upper,total_samples,kstest_stat_initial,initial_r,initial_eta,initial_scale,initial_exclude_cutoff,best_augmented_var,kstest_stat_cutoff_0.05
2,7882.226,7270.7935,8526.805,4.8081603,3.962593,5.6818247,7072,0.009517973396707874,1.9,-0.9,16921.164537313867,25.0,6685.9224,0.01612577750721614
3,2171.4395,2014.1039,2337.045,6.2486353,5.0782313,7.545143,28288,0.005658074231007837,1.3,-1.1,6581.814335778388,0.0,2171.4395,0.008068854211971187
4,624.0545,573.4609,677.5113,8.371094,6.8584476,10.192197,113152,0.007489449204179488,2.1,-1.2,2273.981343702143,350.0,502.53,0.0040359092726554024
5,162.62987,148.6238,177.47847,10.098272,8.364773,12.229185,452608,0.014292029214911073,0.6,-1.2,242.44428310430618,100.0,148.04727,0.002018324026021024
6,39.51513,35.818707,43.417225,11.91644,9.970272,14.196428,1810432,0.034359999999999724,8.4,-1.3,250.11020941446242,0.0,39.51513,0.0010092542162957218
7,9.031426,8.133928,9.987995,14.131292,11.882399,16.817919,7241728,0.07265999999999972,8.4,-1.3,57.16423070636515,0.0,9.031426,0.0005046501409454036
8,1.9914628,1.778397,2.218849,16.38771,13.580087,19.870974,28966912,0.1199699999999998,0.7,-1.0,2.37691490172276,0.0,1.9914628,0.0002523308264179366
9,0.4719379,0.4199706,0.52760106,17.793436,14.329135,22.161554,115867648,0.1697599999999998,0.7,-1.0,0.563282527713911,0.0,0.4719379,0.00012616685191353853
10,0.14055541,0.12588458,0.15649457,15.608429,12.037827,19.746313,463470592,0.22045999999999977,0.3,-1.3,0.0317214340500302,0.0,0.14055541,6.30837855989912e-05
