layer,total_samples,initial_r,initial_eta,kstest_stat_initial,initial_exclude_cutoff,best_r,best_eta,best_scale,kstest_stat_best,best_exclude_cutoff,n_pval_0.05
2,7072,1.9,-0.9,0.0095179733967078,25.0,1.8,-0.89,16404.879751471184,0.009317622675524329,25.0,21499
3,28288,1.3,-1.1,0.0056580742310078,0.0,1.27,-1.1,6494.7075599106365,0.005417081993041251,0.0,63648
4,113152,2.1,-1.2,0.0074894492041794,350.0,1.74,-1.2,2171.508391498962,0.007420157119328086,375.0,31824
5,452608,0.6,-1.2,0.014292029214911,100.0,0.9,-1.25,562.5768890774293,0.013424682157344825,50.0,10608
6,1810432,8.4,-1.3,0.0343599999999997,0.0,8.4,-1.3,250.1102094144624,0.0343599999999997,0.0,1491
7,7241728,8.4,-1.3,0.0726599999999997,0.0,8.4,-1.3,57.16423070636515,0.0726599999999997,0.0,331
8,28966912,0.7,-1.0,0.1199699999999998,0.0,0.7,-1.0,2.37691490172276,0.1199699999999998,0.0,123
9,115867648,0.7,-1.0,0.1697599999999998,0.0,0.7,-1.0,0.563282527713911,0.1697599999999998,0.0,61
10,463470592,0.3,-1.3,0.2204599999999997,0.0,0.3,-1.3,0.0317214340500302,0.2204599999999997,0.0,-1
