layer,obs_var,var_lower,var_upper,obs_kurt,kurt_lower,kurt_upper,total_samples
2,7638.1743,7124.338,8164.0312,-0.2827077,-0.4349386,-0.11443205,2446
3,1626.8713,1559.126,1696.7073,0.6527314,0.5130607,0.79877365,9784
4,341.02756,323.16043,359.46347,2.2638965,1.8649983,2.7516983,39136
5,65.81289,61.691994,70.08142,4.1779194,3.5179112,4.9886613,156544
6,12.935615,11.939695,14.019106,7.6781635,5.76646,12.299148,626176
7,2.5201735,2.2894056,2.793002,12.723302,8.106244,33.117836,2504704
8,0.5411992,0.48327035,0.62677884,22.243805,10.200109,93.25276,10018816
9,0.14316116,0.1273982,0.16700502,24.571327,11.068905,97.77317,40075264
