layer,obs_var,var_lower,var_upper,obs_kurt,kurt_lower,kurt_upper,total_samples
2,7908.9004,7080.2607,8774.054,1.4887228,0.95503485,2.1240697,2006
3,1418.757,1327.9937,1512.585,3.1275582,2.7253184,3.56856,8024
4,251.78549,234.79318,269.31,5.112955,4.485661,5.7674527,32096
5,47.607697,43.785217,51.550293,8.086,7.108896,9.1402025,128384
6,9.022593,8.200053,9.890902,11.367016,9.823174,13.105709,513536
7,1.8022028,1.6156793,2.000685,15.383129,12.961468,18.183554,2054144
8,0.4188905,0.37312594,0.46751538,17.06704,14.140153,20.44701,8216576
9,0.14208572,0.12792836,0.1572178,14.005913,11.452213,16.784443,32866304
