layer,obs_var,var_lower,var_upper,obs_kurt,kurt_lower,kurt_upper,total_samples
2,31541612.0,28931490.0,34263868.0,0.63839746,0.34543383,0.9482721,2446
3,6082628.5,5795836.0,6381056.0,1.41576,1.1720507,1.6734715,9784
4,1234280.6,1166478.8,1304523.6,2.7045832,2.2895935,3.1600647,39136
5,234153.34,219124.92,249685.44,4.4742146,3.8841627,5.119264,156544
6,45252.566,41823.973,48855.008,7.118702,6.031174,8.40904,626176
7,8730.283,7959.781,9548.441,10.400122,8.524142,12.878841,2504704
8,1847.5098,1666.1426,2040.0414,13.392334,10.982724,16.352785,10018816
9,480.59317,432.61554,532.2186,14.4669895,11.81313,17.756971,40075264
