layer,obs_var,var_lower,var_upper,obs_kurt,kurt_lower,kurt_upper,total_samples,kstest_stat_initial,initial_r,initial_eta,initial_scale,initial_exclude_cutoff,best_augmented_var,kstest_stat_cutoff_0.05
2,31541612.0,28931490.0,34263868.0,0.63839746,0.34543383,0.9482721,2446,0.03607893820703084,0.3,6.6,464.73111450129943,0.0,31541612.0,0.027391058317828124
3,6082628.5,5795836.0,6381056.0,1.41576,1.1720507,1.6734715,9784,0.028637926321534224,0.4,1.0,47448.50168880198,0.0,6082628.5,0.01371292533206765
4,1234280.6,1166478.8,1304523.6,2.7045832,2.2895935,3.1600647,39136,0.02318600943369109,0.4,-0.1,33168.385872753344,25.0,1197648.5,0.006860766614414416
5,234153.34,219124.92,249685.44,4.4742146,3.8841627,5.119264,156544,0.017056044968168038,0.5,-0.8,69688.49516369049,0.0,234153.34,0.0034314536386640306
6,45252.566,41823.973,48855.008,7.118702,6.031174,8.40904,626176,0.019249462072145285,0.6,-1.0,36834.66758512586,50.0,43379.14,0.0017159936940756553
7,8730.283,7959.781,9548.441,10.400122,8.524142,12.878841,2504704,0.02105541306907399,0.7,-1.1,11942.902655989195,150.0,7662.677,0.0008580634771374716
8,1847.5098,1666.1426,2040.0414,13.392334,10.982724,16.352785,10018816,0.00896714879586813,0.4,-1.0,354.5163067587972,50.0,1729.9396,0.000429048385014687
9,480.59317,432.61554,532.2186,14.4669895,11.81313,17.756971,40075264,0.010337004752993595,0.5,-1.1,296.11803690592455,100.0,426.40997,0.0002145283527339156
