layer,obs_var,var_lower,var_upper,obs_kurt,kurt_lower,kurt_upper,total_samples,kstest_stat_initial,initial_r,initial_eta,initial_scale,initial_exclude_cutoff,best_augmented_var,kstest_stat_cutoff_0.05
2,7908.9004,7080.2607,8774.054,1.4887228,0.95503485,2.1240697,2006,0.1079626873573461,1.6,-0.9,18747.543664884088,0.0,7908.9004,0.030238176430869766
3,1418.757,1327.9937,1512.585,3.1275582,2.7253184,3.56856,8024,0.07907951878716779,1.3,-1.1,4300.370830861758,0.0,1418.757,0.015140345828992074
4,251.78549,234.79318,269.31,5.112955,4.485661,5.7674527,32096,0.06083684137978729,0.8,-1.2,614.5084906414202,50.0,232.42664,0.007575426642488798
5,47.607697,43.785217,51.550293,8.086,7.108896,9.1402025,128384,0.07165999999999983,0.9,-1.3,218.9353633188146,0.0,47.607697,0.0037890191408675262
6,9.022593,8.200053,9.890902,11.367016,9.823174,13.105709,513536,0.1031499999999998,0.3,-1.3,2.0362757374529536,0.0,9.022593,0.001894835072058157
7,1.8022028,1.6156793,2.000685,15.383129,12.961468,18.183554,2054144,0.14051999999999976,0.3,-1.3,0.4067325283500346,0.0,1.8022028,0.0009474987921691133
8,0.4188905,0.37312594,0.46751538,17.06704,14.140153,20.44701,8216576,0.18200999999999978,0.2,-0.3,1.3852199273450015e-05,0.0,0.4188905,0.0004737696952028646
9,0.14208572,0.12792836,0.1572178,14.005913,11.452213,16.784443,32866304,0.2250399999999998,0.2,-0.3,4.698601723821068e-06,0.0,0.14208572,0.00023688992051635398
