layer,obs_var,var_lower,var_upper,obs_kurt,kurt_lower,kurt_upper,total_samples,kstest_stat_initial,initial_r,initial_eta,initial_scale,initial_exclude_cutoff,best_augmented_var,kstest_stat_cutoff_0.05,kstest_stat_best,best_r,best_eta,best_scale,best_exclude_cutoff,n_pval_0.05
2,7908.9004,7080.2607,8774.054,1.4887228,0.95503485,2.1240697,2006,0.1079626873573461,1.6,-0.9,18747.543664884088,0.0,7908.900390625,0.030238176430869766,0.10794366926605986,1.9,-0.91,20278.286731176006,0.0,156
3,1418.757,1327.9937,1512.585,3.1275582,2.7253184,3.56856,8024,0.0790795187871677,1.3,-1.1,4300.370830861758,0.0,1418.7569580078125,0.015140345828992074,0.07903318648075336,1.25,-1.1,4203.617077238918,0.0,280
4,251.78549,234.79318,269.31,5.112955,4.485661,5.7674527,32096,0.0608368413797872,0.8,-1.2,614.5084906414202,50.0,225.19711303710938,0.007575426642488798,0.06047482552342953,1.1,-1.23,893.6345577619092,75.0,501
5,47.607697,43.785217,51.550293,8.086,7.108896,9.1402025,128384,0.0716599999999998,0.9,-1.3,218.9353633188146,0.0,44.24456024169922,0.0037890191408675262,0.07165999999999978,0.8,-1.26,148.90917718020538,100.0,375
6,9.022593,8.200053,9.890902,11.367016,9.823174,13.105709,513536,0.1031499999999998,0.3,-1.3,2.0362757374529536,0.0,9.022593,0.001894835072058157,0.1031499999999998,0.3,-1.3,2.0362757374529536,0.0,175
7,1.8022028,1.6156793,2.000685,15.383129,12.961468,18.183554,2054144,0.1405199999999997,0.3,-1.3,0.4067325283500346,0.0,1.8022028,0.0009474987921691133,0.1405199999999997,0.3,-1.3,0.4067325283500346,0.0,93
8,0.4188905,0.37312594,0.46751538,17.06704,14.140153,20.44701,8216576,0.1820099999999997,0.2,-0.3,1.3852199273450016e-05,0.0,0.4188905,0.0004737696952028646,0.1820099999999997,0.2,-0.3,1.3852199273450016e-05,0.0,51
9,0.14208572,0.12792836,0.1572178,14.005913,11.452213,16.784443,32866304,0.2250399999999998,0.2,-0.3,4.698601723821068e-06,0.0,0.14208572,0.00023688992051635398,0.2250399999999998,0.2,-0.3,4.698601723821068e-06,0.0,-1
