layer,obs_var,var_lower,var_upper,obs_kurt,kurt_lower,kurt_upper,total_samples,kstest_stat_initial,initial_r,initial_eta,initial_scale,initial_exclude_cutoff,best_augmented_var,kstest_stat_cutoff_0.05,kstest_stat_best,best_r,best_eta,best_scale,best_exclude_cutoff,n_pval_0.05
2,7638.1743,7124.338,8164.0312,-0.2827077,-0.4349386,-0.11443205,2446,0.0403389813416451,20.0,20.0,7801.812320221177,0.0,7638.1743,0.027391058317828124,0.0403389813416451,20.0,20.0,7801.812320221177,0.0,1158
3,1626.8713,1559.126,1696.7073,0.6527314,0.5130607,0.79877365,9784,0.0267610448309177,9.9,-0.5,3371.850169516104,0.0,1626.8713,0.01371292533206765,0.0267610448309177,9.9,-0.5,3371.850169516104,0.0,2446
4,341.02756,323.16043,359.46347,2.2638965,1.8649983,2.7516983,39136,0.0178055044338587,15.0,-0.9,937.9161981255904,0.0,341.02756,0.006860766614414416,0.0178055044338587,15.0,-0.9,937.9161981255904,0.0,5872
5,65.81289,61.691994,70.08142,4.1779194,3.5179112,4.9886613,156544,0.0161963537991779,0.8,-0.9,74.82958777002668,150.0,61.064605712890625,0.0034314536386640306,0.016069083063568246,1.1,-0.96,124.20909740727511,150.0,7338
6,12.935615,11.939695,14.019106,7.6781635,5.76646,12.299148,626176,0.0180198511872874,0.6,-1.0,9.86382187426432,150.0,12.311245918273926,0.0017159936940756553,0.017509364743478972,0.8,-1.05,20.83496702440526,50.0,6190
7,2.5201735,2.2894056,2.793002,12.723302,8.106244,33.117836,2504704,0.0189739247406156,0.7,-1.1,3.539875905778345,100.0,2.3136677742004395,0.0008580634771374716,0.017909227954557905,0.9,-1.13,5.625084350886455,75.0,5503
8,0.5411992,0.48327035,0.62677884,22.243805,10.200109,93.25276,10018816,0.0080387093255268,0.4,-1.0,0.1109078877354531,0.0,0.5411992,0.000429048385014687,0.0080387093255268,0.4,-1.0,0.1109078877354531,0.0,29352
9,0.14316116,0.1273982,0.16700502,24.571327,11.068905,97.77317,40075264,0.0106058790646461,0.5,-1.1,0.0938816306491693,25.0,0.14316116273403168,0.0002145283527339156,0.00797369091101946,0.35,-1.0,0.014600902895088485,0.0,29352
