layer,total_samples,initial_r,initial_eta,kstest_stat_initial,initial_exclude_cutoff,best_r,best_eta,best_scale,kstest_stat_best,best_exclude_cutoff,n_pval_0.05
2,2446,20.0,20.0,0.0403389813416451,0.0,20.0,20.0,7801.812320221177,0.0403389813416451,0.0,1158
3,9784,9.9,-0.5,0.0267610448309177,0.0,9.9,-0.5,3371.850169516104,0.0267610448309177,0.0,2446
4,39136,15.0,-0.9,0.0178055044338587,0.0,15.0,-0.9,937.9161981255904,0.0178055044338587,0.0,5872
5,156544,0.8,-0.9,0.0161963537991779,150.0,1.1,-0.96,124.20909740727511,0.016069083063568246,150.0,7338
6,626176,0.6,-1.0,0.0180198511872874,150.0,0.8,-1.05,20.83496702440526,0.017509364743478972,50.0,6190
7,2504704,0.7,-1.1,0.0189739247406156,100.0,0.9,-1.13,5.625084350886455,0.017909227954557905,75.0,5503
8,10018816,0.4,-1.0,0.0080387093255268,0.0,0.4,-1.0,0.1109078877354531,0.0080387093255268,0.0,29352
9,40075264,0.5,-1.1,0.0106058790646461,25.0,0.35,-1.0,0.014600902895088485,0.00797369091101946,0.0,29352
