layer,total_samples,initial_r,initial_eta,kstest_stat_initial,initial_exclude_cutoff,best_r,best_eta,best_scale,kstest_stat_best,best_exclude_cutoff,n_pval_0.05
2,2006,1.6,-0.9,0.1079626873573461,0.0,1.9,-0.91,20278.286731176006,0.10794366926605986,0.0,156
3,8024,1.3,-1.1,0.0790795187871677,0.0,1.25,-1.1,4203.617077238918,0.07903318648075336,0.0,280
4,32096,0.8,-1.2,0.0608368413797872,50.0,1.1,-1.23,893.6345577619092,0.06047482552342953,75.0,501
5,128384,0.9,-1.3,0.0716599999999998,0.0,0.8,-1.26,148.90917718020538,0.07165999999999978,100.0,375
6,513536,0.3,-1.3,0.1031499999999998,0.0,0.3,-1.3,2.0362757374529536,0.1031499999999998,0.0,175
7,2054144,0.3,-1.3,0.1405199999999997,0.0,0.3,-1.3,0.4067325283500346,0.1405199999999997,0.0,93
8,8216576,0.2,-0.3,0.1820099999999997,0.0,0.2,-0.3,1.3852199273450016e-05,0.1820099999999997,0.0,51
9,32866304,0.2,-0.3,0.2250399999999998,0.0,0.2,-0.3,4.698601723821068e-06,0.2250399999999998,0.0,-1
