layer,obs_var,var_lower,var_upper,obs_kurt,kurt_lower,kurt_upper,total_samples
2,2275.5007,2053.2039,2515.6301,2.9851513,1.7707645,4.3670983,3180.0
3,731.8085,692.46075,773.1926,2.6773448,2.0222383,3.4513702,12720.0
4,204.85616,192.84445,217.28966,3.3311763,2.626189,4.2267427,50880.0
5,47.32907,44.213856,50.590443,4.919961,3.8916028,6.2302814,203520.0
6,9.356699,8.643291,10.108271,7.0532923,5.380576,9.599891,814080.0
7,1.7147584,1.5710897,1.8688626,9.429799,7.1827817,13.313757,3256320.0
8,0.26178214,0.23745756,0.29004395,13.01199,8.738512,28.509798,13025280.0
