layer,obs_var,var_lower,var_upper,obs_kurt,kurt_lower,kurt_upper,total_samples,kstest_stat_initial,initial_r,initial_eta,initial_scale,initial_exclude_cutoff,best_augmented_var,kstest_stat_cutoff_0.05
2,2275.5007,2053.2039,2515.6301,2.9851513,1.7707645,4.3670983,3180.0,0.01740153334706296,5.1,-0.3,3411.362889031945,25.0,1812.5482,0.024030335482930112
3,731.8085,692.46075,773.1926,2.6773448,2.0222383,3.4513702,12720.0,0.004247907741929513,0.4,1.3,4.416893496868105,0.0,731.8085,0.01202851450611388
4,204.85616,192.84445,217.28966,3.3311763,2.626189,4.2267427,50880.0,0.004979893614850239,0.4,0.5,2.6274075705579056,0.0,204.85616,0.006017563498360196
5,47.32907,44.213856,50.590443,4.919961,3.8916028,6.2302814,203520.0,0.00259788593572996,0.5,-0.3,5.669105286691701,25.0,46.2599,0.0030096044936828606
6,9.356699,8.643291,10.108271,7.0532923,5.380576,9.599891,814080.0,0.0038702677411548425,0.3,-0.1,0.027311544878684504,0.0,9.356699,0.0015050074551751034
7,1.7147584,1.5710897,1.8688626,9.429799,7.1827817,13.313757,3256320.0,0.00520516530818893,0.3,-0.4,0.009230659820756278,25.0,1.656466,0.0007525549699048645
8,0.26178214,0.23745756,0.29004395,13.01199,8.738512,28.509798,13025280.0,0.006179524326670571,0.2,0.0,3.4268847481292648e-06,25.0,0.2506054,0.0003762902880576396
