layer,obs_var,var_lower,var_upper,obs_kurt,kurt_lower,kurt_upper,total_samples,kstest_stat_initial,initial_r,initial_eta,initial_scale,initial_exclude_cutoff,best_augmented_var,kstest_stat_cutoff_0.05
2,2115.98,1901.7118,2349.228,3.4033833,1.9920577,4.9680963,3180.0,0.018264043866442425,0.2,3.8,0.00011323124209996543,0.0,2115.98,0.024030335482930112
3,673.21747,635.6923,712.8687,3.037643,2.2851176,3.9230359,12720.0,0.004540300105681738,0.3,2.1,0.12592173410288088,0.0,673.21747,0.01202851450611388
4,188.34312,177.02032,200.11723,3.6323195,2.8535008,4.629042,50880.0,0.005056159134915639,0.6,-0.1,36.159035974746786,25.0,182.21657,0.006017563498360196
5,43.649445,40.704983,46.74766,5.291733,4.1454306,6.7361245,203520.0,0.001980108018862836,0.4,-0.1,1.2088535333725992,0.0,43.649445,0.0030096044936828606
6,8.706341,8.027619,9.425082,7.502429,5.6327186,10.357133,814080.0,0.003892537814076502,0.4,-0.4,0.37749243729690696,50.0,8.264395,0.0015050074551751034
7,1.6204807,1.4816421,1.770143,10.01849,7.480563,14.607306,3256320.0,0.005506657424174444,0.3,-0.4,0.008494662611084612,50.0,1.5243894,0.0007525549699048645
8,0.25356194,0.22936961,0.28192884,13.938591,9.163198,30.660614,13025280.0,0.00647385926766697,0.2,0.0,3.309749325849774e-06,25.0,0.24203938,0.0003762902880576396
