layer,total_samples,initial_r,initial_eta,kstest_stat_initial,initial_exclude_cutoff,best_r,best_eta,best_scale,kstest_stat_best,best_exclude_cutoff,n_pval_0.05
2,3180.0,0.2,3.8,0.0182640438664424,0.0,0.2,3.8,0.0001132312420999,0.0182640438664424,0.0,5365
3,12720.0,0.3,2.1,0.0045403001056817,0.0,0.3,2.1,0.1259217341028808,0.0045403001056817,0.0,91686
4,50880.0,0.6,-0.1,0.0050561591349156,25.0,0.49,0.1,12.685008949069697,0.004827851106558145,0.0,76320
5,203520.0,0.4,-0.1,0.0019801080188628,0.0,0.4,-0.1,1.2088535333725992,0.0019801080188628,0.0,457920
6,814080.0,0.4,-0.4,0.0038925378140765,50.0,0.39,-0.4,0.33073510852547183,0.003408966252436585,25.0,152640
7,3256320.0,0.3,-0.4,0.0055066574241744,50.0,0.23,-0.1,0.00023139418391766457,0.0048174888198818655,0.0,76320
8,13025280.0,0.2,0.0,0.0064738592676669,25.0,0.16,0.4,1.3998591661571648e-08,0.006385498270812806,25.0,45840
