band,obs_var,var_lower,var_upper,obs_kurt,kurt_lower,kurt_upper,total_samples
2,57.350895,47.316536,75.23518,81.11204,20.601892,304.70905,100000.0
3,28.362835,23.131216,39.158527,108.53434,22.784437,426.0348,100000.0
4,19.804796,15.818209,27.39538,116.36713,31.201988,433.28998,100000.0
5,11.807234,9.242341,16.38457,127.5701,39.79709,437.5481,100000.0
6,9.799885,7.317126,17.313768,366.21494,40.987793,1174.9462,100000.0
7,3.985288,3.034718,5.7186375,155.7068,44.85053,512.4084,100000.0
8,1.0709867,0.70209783,2.883485,1710.5789,40.346313,3236.2427,100000.0
9,0.25908038,0.18380599,0.48575997,479.14316,54.962437,1437.0614,100000.0
