band,obs_var,var_lower,var_upper,obs_kurt,kurt_lower,kurt_upper,total_samples
2,57.3509,47.316536,75.23519,81.11203,20.601892,304.70905,6096330.0
3,28.362835,23.131216,39.158527,108.53434,22.784435,426.03485,7225280.0
4,19.804794,15.818209,27.39538,116.36716,31.201988,433.28992,8805810.0
5,11.807234,9.24234,16.38457,127.5701,39.797092,437.5481,10386340.0
6,9.799885,7.317126,17.313768,366.2149,40.987793,1174.9464,12418450.0
7,3.9852872,3.0347183,5.7186375,155.70683,44.850533,512.40845,14902140.0
8,1.0709867,0.70209783,2.883485,1710.5789,40.346313,3236.2432,17837410.0
9,0.25908035,0.18380599,0.48575997,479.14325,54.962414,1437.0614,28675330.0
