band,obs_var,var_lower,var_upper,obs_kurt,kurt_lower,kurt_upper,total_samples,kstest_stat_initial,initial_r,initial_eta,initial_scale,initial_exclude_cutoff,best_augmented_var,kstest_stat_cutoff_0.05,kstest_stat_best,best_r,best_eta,best_scale,best_exclude_cutoff,n_pval_0.05
2,57.3509,47.316536,75.23519,81.11203,20.601892,304.70905,6096330.0,0.0038899318829316,0.4,-1.0,8.432069773136439,150.0,47.33473587036133,0.0005500162082679955,0.0018979419037257195,0.36,-1.0,5.659768628086683,50.0,542505
3,28.362835,23.131216,39.158527,108.53434,22.784435,426.03485,7225280.0,0.0026829199834477,0.3,-1.0,1.0668506553408712,0.0,22.035348892211914,0.0005052241939934654,0.0016983275061841496,0.4,-1.07,5.866101229465661,75.0,677370
4,19.804794,15.818209,27.39538,116.36716,31.201988,433.28992,8805810.0,0.0050293425862236,0.2,-0.9,0.0078590453617156,0.0,15.874792098999023,0.0004576449703745978,0.0023941984323728738,0.25,-1.0,0.13228993415832518,50.0,309577
5,11.807234,9.24234,16.38457,127.5701,39.797092,437.5481,10386340.0,0.0034899120313311,0.2,-0.9,0.003242153970022,100.0,9.215591430664062,0.00042138930126395745,0.0030983452362061126,0.17,-0.8,0.00017698423640268634,50.0,182571
6,9.799885,7.317126,17.313768,366.2149,40.987793,1174.9464,12418450.0,0.006143887027088,0.1,-0.2,2.919030857004385e-12,75.0,6.4729323387146,0.0003853740704930425,0.004220479506211792,0.14,-0.6,7.981668927513086e-07,100.0,109146
7,3.9852872,3.0347183,5.7186375,155.70683,44.850533,512.40845,14902140.0,0.0057323700720278,0.2,-0.8,0.0004790883758168,250.0,2.2767410278320312,0.0003517978536837067,0.004645690278449277,0.19,-0.8,0.0002587435053854454,175.0,87316
8,1.0709867,0.70209783,2.883485,1710.5789,40.346313,3236.2432,17837410.0,0.0030483339416299,0.1,-0.1,1.828036637093633e-13,25.0,0.698574960231781,0.0003215531697595952,0.002940794147473119,0.11,-0.2,9.68632096319176e-12,50.0,209031
9,0.25908035,0.18380599,0.48575997,479.14325,54.962414,1437.0614,28675330.0,0.0044015443154199,0.1,-0.1,3.740838023739981e-14,100.0,0.1666582226753235,0.00025361045169878453,0.002959541099035956,0.1,-0.12,4.487679759253908e-14,75.0,212647
