band,obs_var,var_lower,var_upper,obs_kurt,kurt_lower,kurt_upper,total_samples,kstest_stat_initial,initial_r,initial_eta,initial_scale,initial_exclude_cutoff,best_augmented_var,kstest_stat_cutoff_0.05
2,57.3509,47.316536,75.23519,81.11203,20.601892,304.70905,6096330.0,0.0038899318829316853,0.4,-1.0,8.432069773136439,150.0,41.146122,0.0005500162082679955
3,28.362835,23.131216,39.158527,108.53434,22.784435,426.03485,7225280.0,0.002682919983447718,0.3,-1.0,1.0668506553408712,0.0,28.362835,0.0005052241939934654
4,19.804794,15.818209,27.39538,116.36716,31.201988,433.28992,8805810.0,0.005029342586223673,0.2,-0.9,0.007859045361715647,0.0,19.804794,0.0004576449703745978
5,11.807234,9.24234,16.38457,127.5701,39.797092,437.5481,10386340.0,0.0034899120313311074,0.2,-0.9,0.003242153970022049,100.0,8.170228,0.00042138930126395745
6,9.799885,7.317126,17.313768,366.2149,40.987793,1174.9464,12418450.0,0.006143887027088013,0.1,-0.2,2.919030857004385e-12,75.0,6.849649,0.0003853740704930425
7,3.9852872,3.0347183,5.7186375,155.70683,44.850533,512.40845,14902140.0,0.005732370072027874,0.2,-0.8,0.00047908837581689124,250.0,2.0231752,0.0003517978536837067
8,1.0709867,0.70209783,2.883485,1710.5789,40.346313,3236.2432,17837410.0,0.003048333941629955,0.1,-0.1,1.8280366370936326e-13,25.0,0.75892526,0.0003215531697595952
9,0.25908035,0.18380599,0.48575997,479.14325,54.962414,1437.0614,28675330.0,0.00440154431541992,0.1,-0.1,3.7408380237399804e-14,100.0,0.15530413,0.00025361045169878453
