band,total_samples,initial_r,initial_eta,kstest_stat_initial,initial_exclude_cutoff,best_r,best_eta,best_scale,kstest_stat_best,best_exclude_cutoff,n_pval_0.05
2,6096330.0,0.4,-1.0,0.0038899318829316,150.0,0.36,-1.0,5.659768628086683,0.0018979419037257195,50.0,542505
3,7225280.0,0.3,-1.0,0.0026829199834477,0.0,0.4,-1.07,5.866101229465661,0.0016983275061841496,75.0,677370
4,8805810.0,0.2,-0.9,0.0050293425862236,0.0,0.25,-1.0,0.13228993415832518,0.0023941984323728738,50.0,309577
5,10386340.0,0.2,-0.9,0.0034899120313311,100.0,0.17,-0.8,0.00017698423640268634,0.0030983452362061126,50.0,182571
6,12418450.0,0.1,-0.2,0.006143887027088,75.0,0.14,-0.6,7.981668927513086e-07,0.004220479506211792,100.0,109146
7,14902140.0,0.2,-0.8,0.0057323700720278,250.0,0.19,-0.8,0.0002587435053854454,0.004645690278449277,175.0,87316
8,17837410.0,0.1,-0.1,0.0030483339416299,25.0,0.11,-0.2,9.68632096319176e-12,0.002940794147473119,50.0,209031
9,28675330.0,0.1,-0.1,0.0044015443154199,100.0,0.1,-0.12,4.487679759253908e-14,0.002959541099035956,75.0,212647
