layer,obs_var,var_lower,var_upper,obs_kurt,kurt_lower,kurt_upper,total_samples
2,141841.72,0.0,209572.11,-1.7719871,,,4.0
3,736460.3,720182.06,752624.2,-1.2733557,-1.3360727,-1.1933666,20050.0
4,465219.0,445174.6,485257.53,0.83230615,0.71406645,0.96290237,180942.0
5,108838.266,102539.49,115350.625,3.2380295,2.7152512,3.8092244,922650.0
6,47219.99,43794.44,50741.457,6.12648,5.564133,6.7214518,4185552.0
7,9147.188,8511.764,9801.527,5.5199404,5.009598,6.143659,17688454.0
8,918.9393,848.77374,993.6325,7.17667,5.9027567,11.482376,72685058.0
9,78.41065,70.487915,87.48717,15.212063,10.426363,33.707012,295085108.0
