layer,obs_var,var_lower,var_upper,obs_kurt,kurt_lower,kurt_upper,total_samples,kstest_stat_initial,initial_r,initial_eta,initial_scale,initial_exclude_cutoff,best_augmented_var,kstest_stat_cutoff_0.05
2,141835.42,0.0,209363.5,-1.7733272,,,4.0,0.2662167151227164,4.3,20.0,99337.41287547868,0.0,141835.42,0.6239385421352037
3,736888.25,720600.4,753057.44,-1.2733599,-1.3359936,-1.193485,20050.0,0.08868665620120297,1.3,20.0,85588.52658978009,0.0,736888.25,0.009582872263187355
4,465364.94,445307.28,485416.3,0.8338175,0.7155408,0.96441025,180942.0,0.01385525325084784,0.2,19.0,3.5750397960420566e-05,250.0,445311.03,0.0031918031669481294
5,108863.67,102563.99,115377.72,3.2375789,2.7148654,3.8083837,922650.0,0.004236326358720677,0.9,-0.5,89923.32832031244,50.0,105914.69,0.001413700107204172
6,47217.008,43791.793,50738.293,6.1270056,5.5646195,6.7218437,4185552.0,0.00805750574780928,0.7,-0.9,38411.01494280186,350.0,40184.363,0.000663787213541094
7,9147.37,8511.857,9801.893,5.5213947,5.010843,6.1453524,17688454.0,0.009754353725120346,0.7,-1.1,13890.57644231754,50.0,8912.322,0.0003229042054228249
8,918.856,848.6779,993.5574,7.177231,5.9035907,11.47642,72685058.0,0.014935892741504753,0.4,-1.0,184.08606820618996,25.0,898.2881,0.00015929512734900233
9,78.33318,70.408485,87.402626,15.242443,10.448604,33.768715,295085108.0,0.0907839322850943,1.1,-1.3,313.1482778791509,350.0,58.90205,7.905959132202486e-05
