layer,obs_var,var_lower,var_upper,obs_kurt,kurt_lower,kurt_upper,total_samples,kstest_stat_initial,initial_r,initial_eta,initial_scale,initial_exclude_cutoff,best_augmented_var,kstest_stat_cutoff_0.05
2,141841.72,0.0,209572.11,-1.7719871,,,4.0,0.2659183720558835,4.3,20.0,99341.82302396931,0.0,141841.72,0.6239385421352037
3,736460.3,720182.06,752624.2,-1.2733557,-1.3360727,-1.1933666,20050.0,0.08873989755032402,1.3,20.0,85538.82225523883,0.0,736460.3,0.009582872263187355
4,465219.0,445174.6,485257.53,0.83230615,0.71406645,0.96290237,180942.0,0.013892614480876864,0.2,19.0,3.5739617611879354e-05,250.0,445176.75,0.0031918031669481294
5,108838.266,102539.49,115350.625,3.2380295,2.7152512,3.8092244,922650.0,0.0042308749518897015,0.9,-0.5,89902.44118525971,50.0,105890.086,0.001413700107204172
6,47219.99,43794.44,50741.457,6.12648,5.564133,6.7214518,4185552.0,0.008055588707824241,0.7,-0.9,38413.80414069146,350.0,40187.28,0.000663787213541094
7,9147.188,8511.764,9801.527,5.5199404,5.009598,6.143659,17688454.0,0.009161826720557209,0.7,-1.1,13890.370965325897,50.0,8912.19,0.0003229042054228249
8,918.9393,848.77374,993.6325,7.17667,5.9027567,11.482376,72685058.0,0.00945367916766976,0.6,-1.1,1021.7182357637894,25.0,898.36926,0.00015929512734900233
9,78.41065,70.487915,87.48717,15.212063,10.426363,33.707012,295085108.0,0.007686898956372312,0.3,-0.9,1.9539669184432238,0.0,78.41065,7.905959132202486e-05
