layer,obs_var,var_lower,var_upper,obs_kurt,kurt_lower,kurt_upper,total_samples,kstest_stat_initial,initial_r,initial_eta,initial_scale,initial_exclude_cutoff,best_augmented_var,kstest_stat_cutoff_0.05,kstest_stat_best,best_r,best_eta,best_scale,best_exclude_cutoff,n_pval_0.05
2,141841.72,0.0,209572.11,-1.7719871,,,4.0,0.2659183720558835,4.3,20.0,99341.82302396932,0.0,141841.72,0.6239385421352037,0.2659183720558835,4.3,20.0,99341.82302396932,0.0,24
3,736460.3,720182.06,752624.2,-1.2733557,-1.3360727,-1.1933666,20050.0,0.088739897550324,1.3,20.0,85538.82225523883,0.0,736460.3125,0.009582872263187355,0.08862405686945118,1.37,20.0,99329.12075567721,0.0,234
4,465219.0,445174.6,485257.53,0.83230615,0.71406645,0.96290237,180942.0,0.0138926144808768,0.2,19.0,3.5739617611879354e-05,250.0,445176.75,0.0031918031669481294,0.0138926144808768,0.2,19.0,3.5739617611879354e-05,250.0,9540
5,108838.266,102539.49,115350.625,3.2380295,2.7152512,3.8092244,922650.0,0.0042308749518897,0.9,-0.5,89902.44118525971,50.0,107210.1328125,0.001413700107204172,0.0038283905279234975,0.8,-0.46,69837.22456805027,25.0,129747
6,47219.99,43794.44,50741.457,6.12648,5.564133,6.7214518,4185552.0,0.0080555887078242,0.7,-0.9,38413.80414069146,350.0,41444.265625,0.000663787213541094,0.00738339755847456,0.67,-0.9,36054.261709550694,275.0,32699
7,9147.188,8511.764,9801.527,5.5199404,5.009598,6.143659,17688454.0,0.0091618267205572,0.7,-1.1,13890.370965325896,50.0,9018.61328125,0.0003229042054228249,0.008740028957439763,0.68,-1.1,13328.86194514799,25.0,24591
8,918.9393,848.77374,993.6325,7.17667,5.9027567,11.482376,72685058.0,0.0094536791676697,0.6,-1.1,1021.7182357637894,25.0,918.9392700195312,0.00015929512734900233,0.009382636849035009,0.59,-1.1,1004.580199688494,0.0,19962
9,78.41065,70.487915,87.48717,15.212063,10.426363,33.707012,295085108.0,0.0076868989563723,0.3,-0.9,1.953966918443224,0.0,78.41065216064453,7.905959132202486e-05,0.0066367744587900734,0.3,-0.89,1.8806530582129912,0.0,40522
