layer,total_samples,initial_r,initial_eta,kstest_stat_initial,initial_exclude_cutoff,best_r,best_eta,best_scale,kstest_stat_best,best_exclude_cutoff,n_pval_0.05
2,4.0,4.3,20.0,0.2659183720558835,0.0,4.3,20.0,99341.82302396932,0.2659183720558835,0.0,24
3,20050.0,1.3,20.0,0.088739897550324,0.0,1.37,20.0,99329.12075567721,0.08862405686945118,0.0,234
4,180942.0,0.2,19.0,0.0138926144808768,250.0,0.2,19.0,3.5739617611879354e-05,0.0138926144808768,250.0,9540
5,922650.0,0.9,-0.5,0.0042308749518897,50.0,0.8,-0.46,69837.22456805027,0.0038283905279234975,25.0,129747
6,4185552.0,0.7,-0.9,0.0080555887078242,350.0,0.67,-0.9,36054.261709550694,0.00738339755847456,275.0,32699
7,17688454.0,0.7,-1.1,0.0091618267205572,50.0,0.68,-1.1,13328.86194514799,0.008740028957439763,25.0,24591
8,72685058.0,0.6,-1.1,0.0094536791676697,25.0,0.59,-1.1,1004.580199688494,0.009382636849035009,0.0,19962
9,295085108.0,0.3,-0.9,0.0076868989563723,0.0,0.3,-0.89,1.8806530582129912,0.0066367744587900734,0.0,40522
