band,obs_var,var_lower,var_upper,obs_kurt,kurt_lower,kurt_upper,total_samples
2,45.64715,37.321682,63.58124,112.75736,19.11167,451.75522,100000.0
3,28.436174,22.746857,40.90455,139.436,24.889584,529.6742,100000.0
4,28.73291,23.028996,41.13682,134.35219,29.800735,529.24457,100000.0
5,17.79274,14.49788,22.728477,74.94576,32.178383,234.1457,100000.0
6,15.201878,12.047695,22.48106,157.79054,33.501625,607.47736,100000.0
7,6.125515,4.767016,8.931125,156.4092,38.032375,573.0897,100000.0
8,1.5925483,1.0286694,4.692453,2265.625,35.424126,3706.0598,100000.0
9,0.36293316,0.28131053,0.5177169,142.87004,45.058,499.66095,100000.0
