band,obs_var,var_lower,var_upper,obs_kurt,kurt_lower,kurt_upper,total_samples
2,45.64715,37.321686,63.58125,112.75736,19.111671,451.75516,6075351.0
3,28.436172,22.746855,40.90455,139.436,24.889584,529.67413,7200416.0
4,28.73291,23.028996,41.136818,134.35219,29.800735,529.2445,8775507.0
5,17.79274,14.49788,22.72848,74.94576,32.17839,234.1457,10350598.0
6,15.201878,12.047695,22.48106,157.79054,33.501617,607.4773,12375715.0
7,6.1255145,4.7670164,8.931124,156.40923,38.03237,573.0897,14850858.0
8,1.5925485,1.0286694,4.692453,2265.624,35.42413,3706.0598,17776027.0
9,0.3629332,0.2813105,0.5177169,142.87,45.058,499.66095,28576651.0
