band,obs_var,var_lower,var_upper,obs_kurt,kurt_lower,kurt_upper,total_samples,kstest_stat_initial,initial_r,initial_eta,initial_scale,initial_exclude_cutoff,best_augmented_var,kstest_stat_cutoff_0.05,kstest_stat_best,best_r,best_eta,best_scale,best_exclude_cutoff,n_pval_0.05
2,45.64715,37.321682,63.58124,112.75736,19.11167,451.75522,100000.0,0.0041432060769648,0.4,-1.0,7.639530767032058,50.0,37.27875518798828,0.004293014618329405,0.00199390550952927,0.33,-0.9,1.822518424463681,50.0,480540
3,28.436174,22.746857,40.90455,139.436,24.889584,529.6742,100000.0,0.0046449114810753,0.5,-1.1,13.367932372623022,150.0,21.493955612182617,0.004293014618329405,0.001582327284449134,0.35,-1.0,2.192152904680327,75.0,759375
4,28.73291,23.028996,41.13682,134.35219,29.800735,529.24457,100000.0,0.0045173856254169,0.2,-0.9,0.0087805240873306,75.0,28.73291015625,0.004293014618329405,0.002900959178901874,0.16,-0.8,0.0001861154571345734,0.0,225000
5,17.79274,14.49788,22.728477,74.94576,32.178383,234.1457,100000.0,0.0073192047526308,0.1,-0.4,2.6538797788236248e-11,0.0,17.792739868164062,0.004293014618329405,0.0057380712776359255,0.1,-0.42,3.036525164679572e-11,0.0,56250
6,15.201878,12.047695,22.48106,157.79054,33.501625,607.47736,100000.0,0.0077550470342232,0.1,-0.4,1.817723099196704e-11,50.0,13.027009963989258,0.004293014618329405,0.007478792374186249,0.1,-0.42,2.223201365797665e-11,25.0,31639
7,6.125515,4.767016,8.931125,156.4092,38.032375,573.0897,100000.0,0.0075326794920293,0.1,-0.3,3.336552932285754e-12,100.0,4.503322124481201,0.004293014618329405,0.006964229469079583,0.1,-0.32,3.990501598470729e-12,75.0,37500
8,1.5925483,1.0286694,4.692453,2265.625,35.424126,3706.0598,100000.0,0.0079326837216983,0.1,-0.1,2.052212037945587e-13,150.0,0.9771665930747986,0.004293014618329405,0.006986203731941254,0.08,0.2,1.4024103940243871e-18,75.0,37500
9,0.36293316,0.28131053,0.5177169,142.87004,45.058,499.66095,100000.0,0.0078846860245264,0.1,-0.1,4.1928827574654234e-14,300.0,0.20415687561035156,0.004293014618329405,0.006879229879470067,0.08,0.2,2.930019572881416e-19,200.0,37500
