band,obs_var,var_lower,var_upper,obs_kurt,kurt_lower,kurt_upper,total_samples,kstest_stat_initial,initial_r,initial_eta,initial_scale,initial_exclude_cutoff,best_augmented_var,kstest_stat_cutoff_0.05
2,45.64715,37.321686,63.58125,112.75736,19.111671,451.75516,6075351.0,0.004143206079192108,0.4,-1.0,7.639530767032058,50.0,37.278755,0.0005509649823870001
3,28.436172,22.746855,40.90455,139.436,24.889584,529.67413,7200416.0,0.0046449114810753755,0.5,-1.1,13.367932372623022,150.0,19.249823,0.0005060957057388142
4,28.73291,23.028996,41.136818,134.35219,29.800735,529.2445,8775507.0,0.004517383980055516,0.2,-0.9,0.008780524844215027,75.0,22.126923,0.0004584344113622633
5,17.79274,14.49788,22.72848,74.94576,32.17839,234.1457,10350598.0,0.007318776993953557,0.1,-0.4,2.653879778823625e-11,0.0,17.79274,0.00042211620334014273
6,15.201878,12.047695,22.48106,157.79054,33.501617,607.4773,12375715.0,0.007755155810412986,0.1,-0.4,1.817723099196704e-11,50.0,12.1867895,0.00038603884799277643
7,6.1255145,4.7670164,8.931124,156.40923,38.03237,573.0897,14850858.0,0.007532810696676755,0.1,-0.3,3.336552932285754e-12,100.0,4.2705736,0.0003524047134257957
8,1.5925485,1.0286694,4.692453,2265.624,35.42413,3706.0598,17776027.0,0.00793274096630836,0.1,-0.1,2.0522123250871018e-13,150.0,0.85199374,0.0003221078582157794
9,0.3629332,0.2813105,0.5177169,142.87,45.058,499.66095,28576651.0,0.007885581013420852,0.1,-0.1,4.192883116392317e-14,300.0,0.17407118,0.0002540479397068042
