band,total_samples,initial_r,initial_eta,kstest_stat_initial,initial_exclude_cutoff,best_r,best_eta,best_scale,kstest_stat_best,best_exclude_cutoff,n_pval_0.05
2,100000.0,0.4,-1.0,0.0041432060769648,50.0,0.33,-0.9,1.822518424463681,0.00199390550952927,50.0,480540
3,100000.0,0.5,-1.1,0.0046449114810753,150.0,0.35,-1.0,2.192152904680327,0.001582327284449134,75.0,759375
4,100000.0,0.2,-0.9,0.0045173856254169,75.0,0.16,-0.8,0.0001861154571345734,0.002900959178901874,0.0,225000
5,100000.0,0.1,-0.4,0.0073192047526308,0.0,0.1,-0.42,3.036525164679572e-11,0.0057380712776359255,0.0,56250
6,100000.0,0.1,-0.4,0.0077550470342232,50.0,0.1,-0.42,2.223201365797665e-11,0.007478792374186249,25.0,31639
7,100000.0,0.1,-0.3,0.0075326794920293,100.0,0.1,-0.32,3.990501598470729e-12,0.006964229469079583,75.0,37500
8,100000.0,0.1,-0.1,0.0079326837216983,150.0,0.08,0.2,1.4024103940243871e-18,0.006986203731941254,75.0,37500
9,100000.0,0.1,-0.1,0.0078846860245264,300.0,0.08,0.2,2.930019572881416e-19,0.006879229879470067,200.0,37500
