band,obs_var,var_lower,var_upper,obs_kurt,kurt_lower,kurt_upper,total_samples
2,46.29018,38.969807,59.99558,69.46942,16.302362,283.16354,100000.0
3,27.12702,21.661964,39.16199,143.00974,24.739248,539.1935,100000.0
4,24.45051,19.440983,33.986027,119.98234,33.959957,445.46097,100000.0
5,9.517689,7.544691,12.9543295,112.27354,37.281834,389.47968,100000.0
6,6.9517107,5.562969,9.253789,96.677536,36.787247,327.16397,100000.0
7,2.5637963,1.978805,3.7108588,156.32503,39.433445,548.9025,100000.0
8,0.65760905,0.51074576,0.9562334,154.57713,37.582745,557.51697,100000.0
9,0.21339984,0.15723702,0.33223522,228.00212,56.465633,750.3736,100000.0
