band,obs_var,var_lower,var_upper,obs_kurt,kurt_lower,kurt_upper,total_samples
2,46.29018,38.969803,59.99558,69.46942,16.302362,283.16357,6072246.0
3,27.12702,21.661964,39.16199,143.00972,24.739252,539.19354,7196736.0
4,24.45051,19.440983,33.986027,119.98234,33.95995,445.46094,8771022.0
5,9.517689,7.544691,12.95433,112.27354,37.281834,389.47964,10345308.0
6,6.95171,5.5629687,9.253788,96.67755,36.78726,327.16397,12369390.0
7,2.5637963,1.978805,3.710859,156.32501,39.433456,548.90247,14843268.0
8,0.65760905,0.51074576,0.9562334,154.57713,37.582752,557.517,17766942.0
9,0.2133998,0.15723702,0.33223522,228.00218,56.465633,750.37335,28562046.0
