band,total_samples,initial_r,initial_eta,kstest_stat_initial,initial_exclude_cutoff,best_r,best_eta,best_scale,kstest_stat_best,best_exclude_cutoff,n_pval_0.05
2,100000.0,0.6,-1.1,0.0029025420183456,150.0,0.5,-1.06,22.81291572452745,0.0016533123714464523,75.0,684204
3,100000.0,0.4,-1.1,0.0042008233929496,25.0,0.4,-1.08,5.671146281505991,0.0032442305864335275,75.0,168750
4,100000.0,0.2,-0.9,0.0043404598596147,100.0,0.16,-0.8,0.00013619133044596003,0.0032813388578577796,25.0,168750
5,100000.0,0.1,-0.2,0.0045236067175167,50.0,0.1,-0.33,8.987449138592102e-12,0.0025731413021208294,0.0,284764
6,100000.0,0.1,-0.2,0.0043724615933713,50.0,0.1,-0.23,3.06615227493714e-12,0.0037748504703752905,25.0,126562
7,100000.0,0.1,-0.1,0.0037706523950044,50.0,0.1,-0.1,4.743806107637316e-13,0.0037706523950044,50.0,126562
8,100000.0,0.1,0.1,0.0053461512437971,150.0,0.08,0.4,2.3853932692025162e-19,0.004483631860247139,50.0,94921
9,100000.0,0.1,0.1,0.0055698564520579,250.0,0.1,0.1,8.142892786642444e-15,0.0055698564520579,250.0,60066
