band,obs_var,var_lower,var_upper,obs_kurt,kurt_lower,kurt_upper,total_samples
2,57.97227,47.63529,76.70957,86.245804,20.999172,324.37424,6096330.0
3,27.918455,22.905008,37.3357,91.975395,22.409163,349.93198,7225280.0
4,19.77977,15.792489,27.520674,119.657036,31.194458,449.01752,8805810.0
5,11.903639,9.319628,16.424143,124.37405,39.990658,419.54892,10386340.0
6,9.944666,7.303641,18.870073,490.09973,41.035286,1450.2633,12418450.0
7,3.987062,3.0409646,5.686559,150.80986,45.061897,494.5285,14902140.0
8,1.213516,0.7032546,4.2953243,3877.6138,40.399834,4811.924,17837410.0
9,0.25794634,0.18191522,0.49524125,524.87537,55.06569,1538.6295,28675330.0
