band,obs_var,var_lower,var_upper,obs_kurt,kurt_lower,kurt_upper,total_samples,kstest_stat_initial,initial_r,initial_eta,initial_scale,initial_exclude_cutoff,best_augmented_var,kstest_stat_cutoff_0.05
2,57.97227,47.63529,76.70957,86.245804,20.999172,324.37424,6096330.0,0.003915508581685535,0.4,-1.0,8.46196840949175,150.0,41.29202,0.0005500162082679955
3,27.918455,22.905008,37.3357,91.975395,22.409163,349.93198,7225280.0,0.0021961701158860203,0.3,-1.0,1.0501355812318265,0.0,27.918455,0.0005052241939934654
4,19.77977,15.792489,27.520674,119.657036,31.194458,449.01752,8805810.0,0.004747195833943674,0.2,-0.9,0.007849115038674973,0.0,19.77977,0.0004576449703745978
5,11.903639,9.319628,16.424143,124.37405,39.990658,419.54892,10386340.0,0.003456600044529929,0.2,-0.9,0.0032690142828320687,100.0,8.237916,0.00042138930126395745
6,9.944666,7.303641,18.870073,490.09973,41.035286,1450.2633,12418450.0,0.006087552494925652,0.1,-0.2,2.913088246888011e-12,75.0,6.8357043,0.0003853740704930425
7,3.987062,3.0409646,5.686559,150.80986,45.061897,494.5285,14902140.0,0.005644669205168651,0.1,-0.2,1.2839930297571813e-12,50.0,3.0129526,0.0003517978536837067
8,1.213516,0.7032546,4.2953243,3877.6138,40.399834,4811.924,17837410.0,0.0031034773661465787,0.1,-0.1,1.8303116593180963e-13,25.0,0.75986975,0.0003215531697595952
9,0.25794634,0.18191522,0.49524125,524.87537,55.06569,1538.6295,28675330.0,0.004626378808744813,0.2,-0.8,2.665528182991866e-05,250.0,0.11256442,0.00025361045169878453
