layer,obs_var,var_lower,var_upper,obs_kurt,kurt_lower,kurt_upper,total_samples,kstest_stat_initial,initial_r,initial_eta,initial_scale,initial_exclude_cutoff,best_augmented_var,kstest_stat_cutoff_0.05
2,188568.48,99639.69,330252.97,536.0407,113.30085,760.9477,9000,0.014586681509366123,0.1,2.1,4.600272576933388e-12,25.0,53255.293,0.014296961166644029
3,42567.688,23775.207,71603.1,488.98392,135.97705,891.2222,36000,0.01322491467900433,0.1,1.8,1.8097518508880667e-12,200.0,9663.301,0.007153161548533642
4,10773.024,5322.7065,20877.057,785.2625,131.36769,1768.965,144000,0.009241875123453536,0.1,1.5,8.671919176198997e-13,500.0,2000.6056,0.003577744605964338
5,1800.4326,923.8044,3624.7683,858.10016,109.90415,2074.951,576000,0.00698149142095561,0.1,1.5,1.823005223798968e-13,350.0,420.566,0.001789162458327746
6,390.86823,183.29387,971.2292,1521.2782,104.04905,3444.5947,2304000,0.004748865099778232,0.1,2.3,4.845878311029976e-15,300.0,91.05487,0.0008946536675937644
7,98.47588,41.01833,351.57446,3306.414,84.38518,5671.773,9216000,0.003928888554718624,0.2,0.8,5.4578161293177096e-05,250.0,23.804564,0.00044734493084683295
8,33.197308,15.931733,100.44257,2270.344,78.3117,4640.2104,36864000,0.0026314211453489222,0.1,2.4,5.012725709308566e-16,100.0,11.897679,0.00022367698811616015
9,11.251238,4.42777,43.867798,5139.562,82.370804,6105.731,147456000,0.0025015457230307915,0.1,2.3,1.600728736074311e-16,150.0,3.0077963,0.00011183962453501836
10,1.8759975,0.61680007,10.1300535,9748.247,78.49217,7481.529,589824000,0.0049425871812087685,0.1,2.1,3.4201815427116596e-17,200.0,0.39593908,5.5920094864633584e-05
