layer,obs_var,var_lower,var_upper,obs_kurt,kurt_lower,kurt_upper,total_samples
2,1072.1089,936.5431,1222.5935,2.266902,0.85886496,3.962654,1590.0
3,328.2884,306.89008,350.4613,2.234294,1.6239777,2.9446752,6360.0
4,82.08753,77.56767,86.80685,2.7404408,2.163578,3.5664885,25440.0
5,15.704123,14.766803,16.6799,3.6297307,2.8429978,4.620506,101760.0
6,2.7395897,2.5548425,2.9376824,5.396822,4.094116,7.760681,407040.0
7,0.45354944,0.41667122,0.49457037,8.83677,6.215994,15.949704,1628160.0
8,0.044145074,0.039749864,0.050477795,18.417122,8.138598,75.01396,6512640.0
