layer,obs_var,var_lower,var_upper,obs_kurt,kurt_lower,kurt_upper,total_samples
2,995.56604,864.3545,1142.7845,2.68783,1.0282328,4.5759335,1590
3,299.98892,279.9848,320.88495,2.4543395,1.80492,3.1801631,6360
4,75.56288,71.30627,80.02605,2.9872508,2.3515553,3.8969052,25440
5,14.56575,13.6783,15.4911175,3.8723106,3.021069,4.95488,101760
6,2.5811265,2.4034922,2.7716782,5.7087784,4.3014812,8.222433,407040
7,0.43972453,0.40300635,0.48087555,9.534605,6.583607,17.6061,1628160
8,0.04458634,0.040037226,0.050722227,18.418106,8.617492,67.33668,6512640
