layer,obs_var,var_lower,var_upper,obs_kurt,kurt_lower,kurt_upper,total_samples,kstest_stat_initial,initial_r,initial_eta,initial_scale,initial_exclude_cutoff,best_augmented_var,kstest_stat_cutoff_0.05
2,1072.1089,936.5431,1222.5935,2.266902,0.85886496,3.962654,1590.0,0.014020632830351265,0.6,1.0,87.94345871353892,0.0,1072.1089,0.033952406456699
3,328.2884,306.89008,350.4613,2.234294,1.6239777,2.9446752,6360.0,0.008477289146005235,0.3,2.6,0.04120088436483313,0.0,328.2884,0.01700309781311145
4,82.08753,77.56767,86.80685,2.7404408,2.163578,3.5664885,25440.0,0.0031073147274556234,0.8,-0.2,41.16860840804676,0.0,82.08753,0.008508186648128052
5,15.704123,14.766803,16.6799,3.6297307,2.8429978,4.620506,101760.0,0.00214944923389504,0.8,-0.5,10.497101722896948,25.0,15.395171,0.004255741976815733
6,2.7395897,2.5548425,2.9376824,5.396822,4.094116,7.760681,407040.0,0.003556266228539051,0.5,-0.5,0.45659828186035156,0.0,2.7395897,0.0021282818010022993
7,0.45354944,0.41667122,0.49457037,8.83677,6.215994,15.949704,1628160.0,0.0053371312262244786,0.3,-0.3,0.002007645161080795,0.0,0.45354944,0.001064243434651941
8,0.044145074,0.039749864,0.050477795,18.417122,8.138598,75.01396,6512640.0,0.0043486103927737885,0.1,2.2,2.9843358976171764e-18,0.0,0.044145074,0.0005321473297298752
