layer,obs_var,var_lower,var_upper,obs_kurt,kurt_lower,kurt_upper,total_samples,kstest_stat_initial,initial_r,initial_eta,initial_scale,initial_exclude_cutoff,best_augmented_var,kstest_stat_cutoff_0.05,kstest_stat_best,best_r,best_eta,best_scale,best_exclude_cutoff,n_pval_0.05
2,1072.1089,936.5431,1222.5935,2.266902,0.85886496,3.962654,1590.0,0.0140206328303512,0.6,1.0,87.94345871353892,0.0,1072.10888671875,0.033952406456699,0.013771930348732031,0.66,0.8,146.00285409065688,0.0,10183
3,328.2884,306.89008,350.4613,2.234294,1.6239777,2.9446752,6360.0,0.0084772891460052,0.3,2.6,0.0412008843648331,0.0,328.28839111328125,0.01700309781311145,0.008448600492416691,0.31,2.5,0.06610871326942425,0.0,27165
4,82.08753,77.56767,86.80685,2.7404408,2.163578,3.5664885,25440.0,0.0031073147274556,0.8,-0.2,41.16860840804676,0.0,82.08753204345703,0.008508186648128052,0.0027347526046564985,0.7,-0.05,25.498831756617147,0.0,244498
5,15.704123,14.766803,16.6799,3.6297307,2.8429978,4.620506,101760.0,0.002149449233895,0.8,-0.5,10.497101722896948,25.0,15.704122543334961,0.004255741976815733,0.0015333021135179592,0.76,-0.5,9.600895154522037,0.0,772740
6,2.7395897,2.5548425,2.9376824,5.396822,4.094116,7.760681,407040.0,0.003556266228539,0.5,-0.5,0.4565982818603515,0.0,2.7395897,0.0021282818010022993,0.003556266228539,0.5,-0.5,0.4565982818603515,0.0,152640
7,0.45354944,0.41667122,0.49457037,8.83677,6.215994,15.949704,1628160.0,0.0053371312262244,0.3,-0.3,0.0020076451610807,0.0,0.4378014802932739,0.001064243434651941,0.0050751037511188035,0.37,-0.5,0.015065847753241414,25.0,72444
8,0.044145074,0.039749864,0.050477795,18.417122,8.138598,75.01396,6512640.0,0.0043486103927737,0.1,2.2,2.9843358976171764e-18,0.0,0.044145074,0.0005321473297298752,0.0043486103927737,0.1,2.2,2.9843358976171764e-18,0.0,101760
