layer,obs_var,var_lower,var_upper,obs_kurt,kurt_lower,kurt_upper,total_samples,kstest_stat_initial,initial_r,initial_eta,initial_scale,initial_exclude_cutoff,best_augmented_var,kstest_stat_cutoff_0.05
2,995.56604,864.3545,1142.7845,2.68783,1.0282328,4.5759335,1590,0.012170273372231089,1.4,-0.3,1236.0680733234828,0.0,995.56604,0.033952406456699
3,299.98892,279.9848,320.88495,2.4543395,1.80492,3.1801631,6360,0.008432238552253446,0.5,0.8,11.64553269096043,0.0,299.98892,0.01700309781311145
4,75.56288,71.30627,80.02605,2.9872508,2.3515553,3.8969052,25440,0.0028530694424134806,0.6,0.1,12.276843824593234,0.0,75.56288,0.008508186648128052
5,14.56575,13.6783,15.4911175,3.8723106,3.021069,4.95488,101760,0.002603343901223687,0.8,-0.5,9.586699793215091,50.0,14.059965,0.004255741976815733
6,2.5811265,2.4034922,2.7716782,5.7087784,4.3014812,8.222433,407040,0.004150897949233401,0.5,-0.5,0.4188555081685384,25.0,2.513133,0.0021282818010022993
7,0.43972453,0.40300635,0.48087555,9.534605,6.583607,17.6061,1628160,0.005992491664784549,0.3,-0.3,0.0018748166105113722,25.0,0.423542,0.001064243434651941
8,0.04458634,0.040037226,0.050722227,18.418106,8.617492,67.33668,6512640,0.004613220285520414,0.1,2.2,3.0141669088534965e-18,0.0,0.04458634,0.0005321473297298752
