layer,total_samples,initial_r,initial_eta,kstest_stat_initial,initial_exclude_cutoff,best_r,best_eta,best_scale,kstest_stat_best,best_exclude_cutoff,n_pval_0.05
2,1590,1.4,-0.3,0.012170273372231,0.0,1.3,-0.24,1106.6227543843315,0.011978663064072637,0.0,13578
3,6360,0.5,0.8,0.0084322385522534,0.0,0.44,1.1,4.23364943055417,0.008148137641604603,0.0,27165
4,25440,0.6,0.1,0.0028530694424134,0.0,0.52,0.3,5.5317222864056825,0.0027433526539583086,0.0,244498
5,101760,0.8,-0.5,0.0026033439012236,50.0,0.7,-0.46,6.9723097491551185,0.001753397058808337,0.0,579555
6,407040,0.5,-0.5,0.0041508979492334,25.0,0.49,-0.5,0.39486036584437,0.0038645105893608256,0.0,128790
7,1628160,0.3,-0.3,0.0059924916647845,25.0,0.3,-0.33,0.0020820723221262587,0.004638496532249681,0.0,85860
8,6512640,0.1,2.2,0.0046132202855204,0.0,0.11,1.9,4.2500849922967397e-16,0.00446427932132254,0.0,96592
