layer,obs_var,var_lower,var_upper,obs_kurt,kurt_lower,kurt_upper,total_samples
2,30663494.0,28091596.0,33372294.0,0.7291789,0.39525333,1.0841736,2446
3,5825955.0,5549985.5,6111869.0,1.4409938,1.2094059,1.6859968,9784
4,1121886.2,1059918.5,1185882.9,2.7421942,2.3080587,3.2289405,39136
5,217066.38,202881.6,231771.94,4.744802,4.07593,5.4867706,156544
6,41986.863,38771.324,45373.367,7.362568,6.184191,8.816234,626176
7,8332.199,7589.194,9121.053,10.681044,8.695687,13.353433,2504704
8,1830.4227,1648.7648,2023.6483,13.723576,11.252449,16.725069,10018816
9,482.4006,434.01285,534.42413,14.621866,11.968261,17.888731,40075264
