layer,obs_var,var_lower,var_upper,obs_kurt,kurt_lower,kurt_upper,total_samples
2,7180.381,6711.3203,7659.5054,-0.378304,-0.51387197,-0.23290539,2446
3,1527.3071,1463.5831,1592.961,0.6652732,0.52368206,0.8137377,9784
4,304.751,289.00006,320.98187,2.1358943,1.7945176,2.5116248,39136
5,59.79506,56.01949,63.70701,4.3059793,3.5885515,5.235517,156544
6,11.827755,10.908563,12.83542,7.918665,5.8032174,14.427557,626176
7,2.3825352,2.1619298,2.647273,13.189318,8.21318,36.04241,2504704
8,0.53380805,0.47620448,0.6188904,22.741901,10.412182,93.25643,10018816
9,0.1434037,0.12754308,0.16742423,24.897825,11.187633,99.14464,40075264
