layer,obs_var,var_lower,var_upper,obs_kurt,kurt_lower,kurt_upper,total_samples
2,8721.008,7793.9688,9687.209,1.595334,1.0503378,2.2738082,2006
3,1658.8584,1554.8087,1766.3171,2.9430542,2.5351465,3.390757,8024
4,307.26965,287.2643,327.92413,4.624745,3.9982564,5.283066,32096
5,59.359123,54.814846,64.03474,7.1732445,6.2676287,8.156379,128384
6,11.465261,10.463987,12.525498,10.291096,8.814509,11.944391,513536
7,2.348706,2.1156676,2.597652,13.99432,11.717686,16.62919,2054144
8,0.56593925,0.50641805,0.62894326,15.544449,12.970446,18.388105,8216576
9,0.19173618,0.17296468,0.21172756,13.448212,11.17813,15.867294,32866304
