layer,obs_var,var_lower,var_upper,obs_kurt,kurt_lower,kurt_upper,total_samples,kstest_stat_initial,initial_r,initial_eta,initial_scale,initial_exclude_cutoff,best_augmented_var,kstest_stat_cutoff_0.05,kstest_stat_best,best_r,best_eta,best_scale,best_exclude_cutoff,n_pval_0.05
2,7180.381,6711.3203,7659.5054,-0.378304,-0.51387197,-0.23290539,2446,0.063449804935193,20.0,18.0,7390.724254732762,0.0,7180.381,0.027391058317828124,0.063449804935193,20.0,18.0,7390.724254732762,0.0,457
3,1527.3071,1463.5831,1592.961,0.6652732,0.52368206,0.8137377,9784,0.0483994435297705,4.4,-0.4,2983.8963854189064,0.0,1527.3071,0.01371292533206765,0.0483994435297705,4.4,-0.4,2983.8963854189064,0.0,772
4,304.751,289.00006,320.98187,2.1358943,1.7945176,2.5116248,39136,0.0315093269691208,1.7,-0.8,614.4799384914155,75.0,304.7510070800781,0.006860766614414416,0.031483020333196,1.9,-0.83,708.8110562386647,0.0,1834
5,59.79506,56.01949,63.70701,4.3059793,3.5885515,5.235517,156544,0.0265473141053761,0.8,-0.9,63.28718841263967,350.0,51.24549102783203,0.0034314536386640306,0.026402055857327966,1.2,-0.96,112.04619406908851,375.0,2751
6,11.827755,10.908563,12.83542,7.918665,5.8032174,14.427557,626176,0.023456485397027,0.6,-1.0,9.005332306365233,150.0,10.116600036621094,0.0017159936940756553,0.022921244465443746,1.0,-1.06,22.992272810502488,250.0,3669
7,2.3825352,2.1619298,2.647273,13.189318,8.21318,36.04241,2504704,0.0222658012433691,0.7,-1.1,3.047409843510944,250.0,2.040656805038452,0.0008580634771374716,0.020743231169903953,1.0,-1.14,5.668491125106811,175.0,4126
8,0.53380805,0.47620448,0.6188904,22.741901,10.412182,93.25643,10018816,0.0104333998734689,0.4,-1.0,0.0983298294709974,75.0,0.45111361145973206,0.000429048385014687,0.010311191396231711,0.5,-1.06,0.2726750552827201,150.0,16510
9,0.1434037,0.12754308,0.16742423,24.897825,11.187633,99.14464,40075264,0.011168612732323,0.6,-1.1,0.110180353631879,500.0,0.10218840837478638,0.0002145283527339156,0.01100756268719083,0.5,-1.07,0.06388372616578294,400.0,14676
