layer,obs_var,var_lower,var_upper,obs_kurt,kurt_lower,kurt_upper,total_samples,kstest_stat_initial,initial_r,initial_eta,initial_scale,initial_exclude_cutoff,best_augmented_var,kstest_stat_cutoff_0.05
2,7180.381,6711.3203,7659.5054,-0.378304,-0.51387197,-0.23290539,2446,0.06344980493519309,20.0,18.0,7390.724254732762,0.0,7180.381,0.027391058317828124
3,1527.3071,1463.5831,1592.961,0.6652732,0.52368206,0.8137377,9784,0.04839944352977055,4.4,-0.4,2983.8963854189064,0.0,1527.3071,0.01371292533206765
4,304.751,289.00006,320.98187,2.1358943,1.7945176,2.5116248,39136,0.03150932696912084,1.7,-0.8,614.4799384914155,75.0,285.356,0.006860766614414416
5,59.79506,56.01949,63.70701,4.3059793,3.5885515,5.235517,156544,0.026547314105376196,0.8,-0.9,63.287188412639665,350.0,51.645443,0.0034314536386640306
6,11.827755,10.908563,12.83542,7.918665,5.8032174,14.427557,626176,0.02345648539702705,0.6,-1.0,9.005332306365233,150.0,10.605324,0.0017159936940756553
7,2.3825352,2.1619298,2.647273,13.189318,8.21318,36.04241,2504704,0.022265801243369188,0.7,-1.1,3.0474098435109442,250.0,1.9552463,0.0008580634771374716
8,0.53380805,0.47620448,0.6188904,22.741901,10.412182,93.25643,10018816,0.010433399873468918,0.4,-1.0,0.09832982947099746,75.0,0.47982183,0.000429048385014687
9,0.1434037,0.12754308,0.16742423,24.897825,11.187633,99.14464,40075264,0.011168612732323058,0.6,-1.1,0.11018035363187904,500.0,0.09687861,0.0002145283527339156
