layer,obs_var,var_lower,var_upper,obs_kurt,kurt_lower,kurt_upper,total_samples,kstest_stat_initial,initial_r,initial_eta,initial_scale,initial_exclude_cutoff,best_augmented_var,kstest_stat_cutoff_0.05
2,30663494.0,28091596.0,33372294.0,0.7291789,0.39525333,1.0841736,2446,0.06351298334794242,0.4,2.8,68655.75006508763,0.0,30663494.0,0.027391058317828124
3,5825955.0,5549985.5,6111869.0,1.4409938,1.2094059,1.6859968,9784,0.04741030372487365,0.4,0.8,54795.45927144882,0.0,5825955.0,0.01371292533206765
4,1121886.2,1059918.5,1185882.9,2.7421942,2.3080587,3.2289405,39136,0.034459635852796544,0.4,-0.2,36301.26517495388,0.0,1121886.2,0.006860766614414416
5,217066.38,202881.6,231771.94,4.744802,4.07593,5.4867706,156544,0.02691784726889246,0.5,-0.8,59674.11644345239,150.0,200505.03,0.0034314536386640306
6,41986.863,38771.324,45373.367,7.362568,6.184191,8.816234,626176,0.02487068360250899,0.6,-1.0,34117.527652124336,50.0,40179.242,0.0017159936940756553
7,8332.199,7589.194,9121.053,10.681044,8.695687,13.353433,2504704,0.024163077442120207,0.6,-1.1,9476.236820783755,0.0,8332.199,0.0008580634771374716
8,1830.4227,1648.7648,2023.6483,13.723576,11.252449,16.725069,10018816,0.011172577566384734,0.4,-1.0,320.3931555331853,150.0,1563.4282,0.000429048385014687
9,482.4006,434.01285,534.42413,14.621866,11.968261,17.888731,40075264,0.011592602059715795,0.5,-1.1,284.2855877346463,150.0,409.37125,0.0002145283527339156
