layer,total_samples,initial_r,initial_eta,kstest_stat_initial,initial_exclude_cutoff,best_r,best_eta,best_scale,kstest_stat_best,best_exclude_cutoff,n_pval_0.05
2,2006,2.6,-0.8,0.0811900177244039,0.0,3.0,-0.81,21860.38486577072,0.08112434006693986,0.0,280
3,8024,1.2,-1.0,0.0597813867622902,0.0,1.5,-1.03,4685.208699406141,0.05972026782564732,0.0,501
4,32096,4.4,-1.2,0.0424519583620927,150.0,4.4,-1.2,1184.978681985074,0.0424519583620927,150.0,1003
5,128384,1.2,-1.3,0.0588499999999999,0.0,0.8,-1.26,186.28269805367023,0.05884999999999979,100.0,501
6,513536,1.4,-1.2,0.0908099999999997,0.0,1.4,-1.2,46.74992801779448,0.0908099999999997,0.0,210
7,2054144,0.3,-1.3,0.1287699999999997,0.0,0.3,-1.3,0.5300708230870622,0.1287699999999997,0.0,103
8,8216576,0.2,-0.3,0.1682799999999997,0.0,0.2,-0.3,1.8714922209265344e-05,0.1682799999999997,0.0,62
9,32866304,0.2,-0.3,0.2091399999999997,0.0,0.2,-0.3,6.340482030753727e-06,0.2091399999999997,0.0,-1
