layer,total_samples,initial_r,initial_eta,kstest_stat_initial,initial_exclude_cutoff,best_r,best_eta,best_scale,kstest_stat_best,best_exclude_cutoff,n_pval_0.05
2,2446,0.4,2.8,0.0635129833479424,0.0,0.41,2.7,89534.34821658098,0.06351206112726437,0.0,457
3,9784,0.4,0.8,0.0474103037248736,0.0,0.38,0.9,33552.68782243365,0.04738020528540937,0.0,823
4,39136,0.4,-0.2,0.0344596358527965,0.0,0.43,-0.3,65170.15405598079,0.034221695475691094,0.0,1546
5,156544,0.5,-0.8,0.0269178472688924,150.0,0.5,-0.83,67029.88961442784,0.02677991440508476,50.0,2446
6,626176,0.6,-1.0,0.0248706836025089,50.0,0.62,-1.0,35270.41896758673,0.024863639409559046,125.0,3094
7,2504704,0.6,-1.1,0.0241630774421202,0.0,0.8,-1.13,16191.559238927784,0.0231228648115539,75.0,3480
8,10018816,0.4,-1.0,0.0111725775663847,150.0,0.5,-1.06,878.5375451211544,0.010642737370261002,250.0,16510
9,40075264,0.5,-1.1,0.0115926020597157,150.0,0.35,-1.0,43.629114211055324,0.00887486421813688,100.0,24765
