layer,obs_var,var_lower,var_upper,obs_kurt,kurt_lower,kurt_upper,total_samples
2,1722.3126,1556.5189,1894.5375,0.2963655,-0.065850325,0.71209866,1604.0
3,381.13232,358.6885,404.1395,1.4172177,1.0409424,1.8668602,6416.0
4,69.626785,65.51471,73.893234,3.4224463,2.7092571,4.306627,25664.0
5,11.818949,11.006219,12.672133,5.55861,4.478826,7.0950637,102656.0
6,1.9867742,1.8226513,2.1648617,9.345805,6.891265,14.922341,410624.0
7,0.35120443,0.3156242,0.395142,16.423952,10.114853,44.30807,1642496.0
8,0.07910506,0.068839505,0.093627274,32.9421,15.381708,111.84579,6569984.0
9,0.018558972,0.015404528,0.023803083,68.99318,25.134613,257.76328,26279936.0
