layer,obs_var,var_lower,var_upper,obs_kurt,kurt_lower,kurt_upper,total_samples
2,1538.6176,1361.7004,1726.0713,1.3847084,0.75583273,2.1449494,1604.0
3,319.92874,298.2056,342.5338,2.6549358,2.0184152,3.4064286,6416.0
4,61.059418,57.133404,65.097885,4.362754,3.72814,5.0850706,25664.0
5,10.66279,9.844688,11.527634,7.5030346,6.107224,9.759243,102656.0
6,1.812355,1.6506934,1.9846096,10.935183,8.771862,14.15571,410624.0
7,0.36757448,0.3316675,0.40710968,13.701681,10.461758,19.61197,1642496.0
8,0.117648005,0.106598765,0.13017882,12.731473,8.530438,23.293043,6569984.0
9,0.06150524,0.05685004,0.06672846,7.600587,4.6383805,15.639812,26279936.0
