layer,obs_var,var_lower,var_upper,obs_kurt,kurt_lower,kurt_upper,total_samples,kstest_stat_initial,initial_r,initial_eta,initial_scale,initial_exclude_cutoff,best_augmented_var,kstest_stat_cutoff_0.05,kstest_stat_best,best_r,best_eta,best_scale,best_exclude_cutoff,n_pval_0.05
2,1722.3126,1556.5189,1894.5375,0.2963655,-0.065850325,0.71209866,1604.0,0.0221709840786998,9.7,0.0,2955.160099638726,0.0,1722.3126,0.033804382765303224,0.0221709840786998,9.7,0.0,2955.160099638726,0.0,3609
3,381.13232,358.6885,404.1395,1.4172177,1.0409424,1.8668602,6416.0,0.0103366669153894,2.4,-0.7,833.2105055515601,0.0,381.13232,0.016928848255368546,0.0103366669153894,2.4,-0.7,833.2105055515601,0.0,18270
4,69.626785,65.51471,73.893234,3.4224463,2.7092571,4.306627,25664.0,0.0040846862879748,2.3,-1.0,211.9635778259015,0.0,69.626785,0.008471003560381446,0.0040846862879748,2.3,-1.0,211.9635778259015,0.0,109623
5,11.818949,11.006219,12.672133,5.55861,4.478826,7.0950637,102656.0,0.0076277211450238,1.8,-1.1,35.037459931546536,300.0,10.552773475646973,0.004237135996393022,0.007133990651007949,1.4,-1.09,32.51179435230879,200.0,36540
6,1.9867742,1.8226513,2.1648617,9.345805,6.891265,14.922341,410624.0,0.0096649923257065,0.7,-1.1,2.665791959258045,200.0,1.8114073276519775,0.002118975219285392,0.009575520635650536,0.67,-1.1,2.6027088944259327,100.0,19248
7,0.35120443,0.3156242,0.395142,16.423952,10.114853,44.30807,1642496.0,0.0131426936789172,0.7,-1.2,0.7076605412893121,50.0,0.29797324538230896,0.0010595892481240078,0.010591528529335092,1.1,-1.23,1.1824271891008717,150.0,16240
8,0.07910506,0.068839505,0.093627274,32.9421,15.381708,111.84579,6569984.0,0.0061867761630539,0.3,-1.0,0.0029754882372894,0.0,0.0704394206404686,0.0005298200128246353,0.005612030773677529,0.3,-0.98,0.0024287648754147267,50.0,57744
9,0.018558972,0.015404528,0.023803083,68.99318,25.134613,257.76328,26279936.0,0.0139715021438037,0.1,-0.1,3.4586419828067377e-15,100.0,0.013843939639627934,0.0002649163509945643,0.013119896064153203,0.1,-0.07,2.8278326017197858e-15,125.0,10827
