layer,obs_var,var_lower,var_upper,obs_kurt,kurt_lower,kurt_upper,total_samples,kstest_stat_initial,initial_r,initial_eta,initial_scale,initial_exclude_cutoff,best_augmented_var,kstest_stat_cutoff_0.05
2,1722.3126,1556.5189,1894.5375,0.2963655,-0.065850325,0.71209866,1604.0,0.02217098407869983,9.7,0.0,2955.160099638726,0.0,1722.3126,0.033804382765303224
3,381.13232,358.6885,404.1395,1.4172177,1.0409424,1.8668602,6416.0,0.010336666915389425,2.4,-0.7,833.2105055515601,0.0,381.13232,0.016928848255368546
4,69.626785,65.51471,73.893234,3.4224463,2.7092571,4.306627,25664.0,0.00408468628797487,2.3,-1.0,211.9635778259015,0.0,69.626785,0.008471003560381446
5,11.818949,11.006219,12.672133,5.55861,4.478826,7.0950637,102656.0,0.007627721145023858,1.8,-1.1,35.037459931546536,300.0,10.154406,0.004237135996393022
6,1.9867742,1.8226513,2.1648617,9.345805,6.891265,14.922341,410624.0,0.0096649923257065,0.7,-1.1,2.6657919592580455,200.0,1.7103968,0.002118975219285392
7,0.35120443,0.3156242,0.395142,16.423952,10.114853,44.30807,1642496.0,0.013142693678917239,0.7,-1.2,0.7076605412893121,50.0,0.32440972,0.0010595892481240078
8,0.07910506,0.068839505,0.093627274,32.9421,15.381708,111.84579,6569984.0,0.006186776163053964,0.3,-1.0,0.0029754882372894764,0.0,0.07910506,0.0005298200128246353
9,0.018558972,0.015404528,0.023803083,68.99318,25.134613,257.76328,26279936.0,0.013971502143803716,0.1,-0.1,3.4586419828067377e-15,100.0,0.014358852,0.0002649163509945643
