band,obs_var,var_lower,var_upper,obs_kurt,kurt_lower,kurt_upper,total_samples
2,48.463345,40.53437,63.377956,76.0642,17.661707,300.99423,100000.0
3,24.175514,20.03734,31.872187,81.14292,21.316635,321.27505,100000.0
4,13.88035,10.810873,21.289444,197.51549,32.572506,720.738,100000.0
5,6.61117,4.8952827,10.873568,282.85303,43.971054,940.7749,100000.0
6,6.02943,3.9326386,14.737901,1256.4669,50.17657,2768.307,100000.0
7,2.346058,1.6940182,3.9475684,322.60492,47.83669,1017.35675,100000.0
8,0.5912807,0.42845434,0.99221474,318.41013,46.491558,1016.9368,100000.0
9,0.17340828,0.108384416,0.4272093,1302.0565,68.21745,2895.1025,100000.0
