band,obs_var,var_lower,var_upper,obs_kurt,kurt_lower,kurt_upper,total_samples
2,48.463345,40.44395,63.40705,76.0642,17.662512,301.27078,6140340.0
3,24.175514,20.064938,31.891972,81.14292,21.337494,322.5341,7277440.0
4,13.88035,10.790673,21.286125,197.51549,32.45042,719.8819,8869380.0
5,6.61117,4.914546,10.853975,282.85303,43.987755,937.74133,10461320.0
6,6.02943,3.952171,14.778006,1256.4669,49.978546,2758.7346,12508100.0
7,2.346058,1.6899105,3.9415417,322.60492,47.77111,1021.15216,15009720.0
8,0.5912807,0.42706445,0.9922396,318.41013,46.70298,1011.7516,17966180.0
9,0.17340828,0.10824025,0.42809775,1302.0565,68.202896,2892.2961,28882340.0
