band,obs_var,var_lower,var_upper,obs_kurt,kurt_lower,kurt_upper,total_samples,kstest_stat_initial,initial_r,initial_eta,initial_scale,initial_exclude_cutoff,best_augmented_var,kstest_stat_cutoff_0.05
2,48.463345,40.53437,63.377956,76.0642,17.661707,300.99423,100000.0,0.0013727271929323097,0.4,-1.0,8.312677699785898,50.0,40.563522,0.004293014618329405
3,24.175514,20.03734,31.872187,81.14292,21.316635,321.27505,100000.0,0.0027190401839315426,0.3,-1.0,0.9093471528270376,0.0,24.175514,0.004293014618329405
4,13.88035,10.810873,21.289444,197.51549,32.572506,720.738,100000.0,0.004662423532423632,0.2,-0.8,0.0024018407807470297,75.0,10.142899,0.004293014618329405
5,6.61117,4.8952827,10.873568,282.85303,43.971054,940.7749,100000.0,0.0027609501793698366,0.1,-0.2,2.817401128866242e-12,0.0,6.61117,0.004293014618329405
6,6.02943,3.9326386,14.737901,1256.4669,50.17657,2768.307,100000.0,0.003943706669564083,0.2,-0.7,0.0004067409960996537,200.0,2.7332995,0.004293014618329405
7,2.346058,1.6940182,3.9475684,322.60492,47.83669,1017.35675,100000.0,0.003686708217531476,0.1,0.0,2.5521560920916456e-13,25.0,1.816371,0.004293014618329405
8,0.5912807,0.42845434,0.99221474,318.41013,46.491558,1016.9368,100000.0,0.0030897194846835063,0.1,0.2,2.0144289744758217e-14,75.0,0.3882857,0.004293014618329405
9,0.17340828,0.108384416,0.4272093,1302.0565,68.21745,2895.1025,100000.0,0.004169313930859064,0.2,-0.6,6.054849713409176e-06,250.0,0.062097214,0.004293014618329405
