layer,obs_var,var_lower,var_upper,obs_kurt,kurt_lower,kurt_upper,total_samples
2,1830.9346,1652.0976953125,2023.443610839844,2.9339560924731254,1.8463943437096537,4.126087286525347,3180.0
3,587.78186,556.3320904541016,620.6605892944336,2.6045009990930126,2.0262075089190255,3.2706448405164497,12720.0
4,164.60674,154.98447975158692,174.51884727478028,3.2788166584154377,2.6232407885183546,4.093913088587738,50880.0
5,37.86353,35.388519744873044,40.43369207382202,4.789256480005794,3.8439923719474423,5.925404315495079,203520.0
6,7.493805,6.929792399406433,8.083941502571106,6.7401293645504055,5.245897236491819,8.892204240432571,814080.0
7,1.3869972,1.2723971098661422,1.5095418226718904,9.084313931394895,7.002163998255786,12.550996901379134,3256320.0
8,0.21588294,0.19615238800644877,0.23834111705422412,12.285479054864394,8.522738019559785,23.484665110051004,13025280.0
