layer,obs_var,var_lower,var_upper,obs_kurt,kurt_lower,kurt_upper,total_samples,initial_r,initial_eta,kstest_stat_initial,kstest_stat_cutoff_0.05,kstest_stat_eta0,best_r_eta0,best_r,best_eta,kstest_stat_best,iter1_r,iter1_eta,kstest_stat_iter1,n_pval_0.05
2,1830.9346,1652.0976953125,2023.443610839844,2.9339560924731254,1.8463943437096533,4.126087286525347,3180.0,0.34,2.4,0.0175690473981455,0.0240303354829301,0.0495179287638221,0.25,0.34,2.42,0.016924686081207396,0.34,2.42,0.016924686081207396,6787
3,587.78186,556.3320904541016,620.6605892944336,2.6045009990930126,2.026207508919025,3.2706448405164497,12720.0,0.35,1.5,0.0061952439138949,0.0120285145061138,0.0324878555161988,0.27,0.353,1.56,0.005071898707147748,0.353,1.56,0.005071898707147748,72444
4,164.60674,154.98447975158692,174.51884727478028,3.2788166584154377,2.623240788518354,4.093913088587738,50880.0,0.36,0.5,0.0063676370823271,0.0060175634983601,0.0150267448241024,0.32,0.361,0.53,0.004837235235096049,0.361,0.53,0.004837235235096049,76320
5,37.86353,35.388519744873044,40.43369207382202,4.789256480005794,3.843992371947442,5.925404315495079,203520.0,0.4,-0.06,0.0018459157835225,0.0030096044936828,0.0049882682236435,0.41,0.4,-0.061,0.0018058458020765444,0.4,-0.061,0.0018058458020765444,579555
6,7.493805,6.929792399406433,8.083941502571106,6.7401293645504055,5.245897236491819,8.892204240432571,814080.0,0.45,-0.6,0.0061401551249912,0.0015050074551751,0.0202331087969713,0.63,0.458,-0.57,0.004686824381217092,0.458,-0.57,0.004686824381217092,85860
7,1.3869972,1.2723971098661422,1.5095418226718904,9.084313931394895,7.002163998255786,12.550996901379134,3256320.0,0.7,-0.86,0.0092933494945705,0.0007525549699048,0.0500503409652857,6.0,0.72,-0.852,0.008731144662884938,0.72,-0.852,0.008731144662884938,25440
8,0.21588294,0.1961523880064487,0.2383411170542241,12.285479054864394,8.522738019559785,23.484665110051004,13025280.0,2.0,-1.17,0.0335157293239882,0.0003762902880576,0.1958046301503746,6.1,1.9,-1.169,0.03349869450555332,1.9,-1.169,0.03349869450555332,1590
