band,obs_var,var_lower,var_upper,obs_kurt,kurt_lower,kurt_upper,total_samples
2,47.02772,38.43606,64.33028,103.268814,20.320745,404.37286,100000.0
3,25.447914,21.25316,31.799408,59.9096,22.095154,193.28946,100000.0
4,17.956636,14.137544,26.9625,174.80463,30.570654,658.75586,100000.0
5,14.59868,11.535482,19.470125,103.74,40.01055,328.0467,100000.0
6,13.607925,10.36652,21.699041,235.18987,42.582836,827.16254,100000.0
7,5.751666,4.451433,8.016482,131.12413,43.468063,438.3817,100000.0
8,1.3648279,0.93662417,3.1951706,1076.6278,42.08371,2475.6306,100000.0
9,0.32090974,0.23340063,0.5519897,337.6333,54.460712,1089.1531,100000.0
