band,obs_var,var_lower,var_upper,obs_kurt,kurt_lower,kurt_upper,total_samples
2,47.02772,38.436066,64.33028,103.268814,20.320742,404.37283,6143445.0
3,25.44791,21.25316,31.799408,59.909615,22.095154,193.28944,7281120.0
4,17.956638,14.137544,26.9625,174.8046,30.570654,658.75586,8873865.0
5,14.59868,11.535482,19.470123,103.74002,40.01055,328.04675,10466610.0
6,13.607925,10.366521,21.699043,235.18987,42.582836,827.16223,12514425.0
7,5.751666,4.451433,8.016482,131.12413,43.468063,438.38168,15017310.0
8,1.3648279,0.93662417,3.1951706,1076.6277,42.08372,2475.6306,17975265.0
9,0.32090977,0.23340063,0.55198973,337.6332,54.460712,1089.1531,28896945.0
