band,obs_var,var_lower,var_upper,obs_kurt,kurt_lower,kurt_upper,total_samples,kstest_stat_initial,initial_r,initial_eta,initial_scale,initial_exclude_cutoff,best_augmented_var,kstest_stat_cutoff_0.05
2,47.02772,38.436066,64.33028,103.268814,20.320742,404.37283,6143445.0,0.0029499809849709013,0.2,-0.6,0.004585484056129736,0.0,47.02772,0.0005479031753213475
3,25.44791,21.25316,31.799408,59.909615,22.095154,193.28944,7281120.0,0.0023674003077159902,0.3,-0.9,0.5075531641912817,75.0,20.367579,0.0005032832335974628
4,17.956638,14.137544,26.9625,174.8046,30.570654,658.75586,8873865.0,0.004362132402543073,0.2,-0.9,0.007125650133405411,0.0,17.956638,0.0004558867913672819
5,14.59868,11.535482,19.470123,103.74002,40.01055,328.04675,10466610.0,0.004681351199553365,0.1,-0.3,9.031233767308993e-12,50.0,11.5594,0.0004197704038829701
6,13.607925,10.366521,21.699043,235.18987,42.582836,827.16223,12514425.0,0.005914149855104522,0.1,-0.3,7.181230391265032e-12,100.0,9.191514,0.00038389353195973733
7,5.751666,4.451433,8.016482,131.12413,43.468063,438.38168,15017310.0,0.006315175617787518,0.1,-0.2,1.5116830471720268e-12,150.0,3.5472383,0.0003504463049059007
8,1.3648279,0.93662417,3.1951706,1076.6277,42.08372,2475.6306,17975265.0,0.006525092073031258,0.1,0.0,9.688118708532761e-14,200.0,0.68950397,0.00032031781265546747
9,0.32090977,0.23340063,0.55198973,337.6332,54.460712,1089.1531,28896945.0,0.005561489117898888,0.1,0.0,2.239095825853707e-14,200.0,0.15935658,0.00025263611395268397
