band,obs_var,var_lower,var_upper,obs_kurt,kurt_lower,kurt_upper,total_samples,kstest_stat_initial,initial_r,initial_eta,initial_scale,initial_exclude_cutoff,best_augmented_var,kstest_stat_cutoff_0.05,kstest_stat_best,best_r,best_eta,best_scale,best_exclude_cutoff,n_pval_0.05
2,47.02772,38.436066,64.33028,103.268814,20.320742,404.37283,6143445.0,0.0029499809849709,0.2,-0.6,0.0045854840561297,0.0,47.0277214050293,0.0005479031753213475,0.0015252379321561982,0.22,-0.7,0.02500557054304184,0.0,767930
3,25.44791,21.25316,31.799408,59.909615,22.095154,193.28944,7281120.0,0.0023674003077159,0.3,-0.9,0.5075531641912817,75.0,21.307039260864258,0.0005032832335974628,0.001633830436493686,0.3,-0.91,0.5519319256334531,50.0,682605
4,17.956638,14.137544,26.9625,174.8046,30.570654,658.75586,8873865.0,0.004362132402543,0.2,-0.9,0.0071256501334054,0.0,15.17650318145752,0.0004558867913672819,0.002567078204108675,0.2,-0.86,0.004864575173021823,25.0,277308
5,14.59868,11.535482,19.470123,103.74002,40.01055,328.04675,10466610.0,0.0046813511995533,0.1,-0.3,9.031233767308992e-12,50.0,12.502731323242188,0.0004197704038829701,0.003960202294981251,0.1,-0.33,1.1806192112208926e-11,25.0,122655
6,13.607925,10.366521,21.699043,235.18987,42.582836,827.16223,12514425.0,0.0059141498551045,0.1,-0.3,7.181230391265032e-12,100.0,9.191514015197754,0.00038389353195973733,0.0056984926672128955,0.1,-0.31,7.646299178937906e-12,100.0,54994
7,5.751666,4.451433,8.016482,131.12413,43.468063,438.38168,15017310.0,0.0063151756177875,0.1,-0.2,1.5116830471720268e-12,150.0,4.157896041870117,0.0003504463049059007,0.005269018782028147,0.08,0.1,1.0916109507676885e-17,75.0,65992
8,1.3648279,0.93662417,3.1951706,1076.6277,42.08372,2475.6306,17975265.0,0.0065250920730312,0.1,0.0,9.688118708532761e-14,200.0,0.7504227757453918,0.00032031781265546747,0.005840984290708277,0.08,0.4,3.4948622490696546e-19,150.0,52660
9,0.32090977,0.23340063,0.55198973,337.6332,54.460712,1089.1531,28896945.0,0.0055614891178988,0.1,0.0,2.239095825853707e-14,200.0,0.16753695905208588,0.00025263611395268397,0.005181466364696963,0.08,0.4,7.802516294011337e-20,175.0,71428
