band,total_samples,initial_r,initial_eta,kstest_stat_initial,initial_exclude_cutoff,best_r,best_eta,best_scale,kstest_stat_best,best_exclude_cutoff,n_pval_0.05
2,6143445.0,0.2,-0.6,0.0029499809849709,0.0,0.22,-0.7,0.02500557054304184,0.0015252379321561982,0.0,767930
3,7281120.0,0.3,-0.9,0.0023674003077159,75.0,0.3,-0.91,0.5519319256334531,0.001633830436493686,50.0,682605
4,8873865.0,0.2,-0.9,0.004362132402543,0.0,0.2,-0.86,0.004864575173021823,0.002567078204108675,25.0,277308
5,10466610.0,0.1,-0.3,0.0046813511995533,50.0,0.1,-0.33,1.1806192112208926e-11,0.003960202294981251,25.0,122655
6,12514425.0,0.1,-0.3,0.0059141498551045,100.0,0.1,-0.31,7.646299178937906e-12,0.0056984926672128955,100.0,54994
7,15017310.0,0.1,-0.2,0.0063151756177875,150.0,0.08,0.1,1.0916109507676885e-17,0.005269018782028147,75.0,65992
8,17975265.0,0.1,0.0,0.0065250920730312,200.0,0.08,0.4,3.4948622490696546e-19,0.005840984290708277,150.0,52660
9,28896945.0,0.1,0.0,0.0055614891178988,200.0,0.08,0.4,7.802516294011337e-20,0.005181466364696963,175.0,71428
