{
  "(2, 0.5)": [
    0.05,
    0.07,
    0.08,
    0.1,
    0.12,
    0.15,
    0.18,
    0.21,
    0.27,
    0.33,
    0.35000000000000003,
    0.36,
    0.37,
    0.39
  ],
  "(2, 1.0)": [
    0.05,
    0.07,
    0.08,
    0.1,
    0.12,
    0.14,
    0.16,
    0.18,
    0.19,
    0.21,
    0.27,
    0.33,
    0.35000000000000003,
    0.37,
    0.39
  ],
  "(3, 0.5)": [
    0.05,
    0.07,
    0.08,
    0.1,
    0.12,
    0.14,
    0.15,
    0.16,
    0.18,
    0.21,
    0.27,
    0.34,
    0.37,
    0.39
  ],
  "(3, 1.0)": [
    0.05,
    0.07,
    0.08,
    0.1,
    0.11,
    0.12,
    0.14,
    0.15,
    0.16,
    0.18,
    0.19,
    0.21,
    0.24,
    0.26,
    0.29,
    0.34,
    0.37,
    0.39
  ],
  "(4, 0.5)": [
    0.09,
    0.14,
    0.15,
    0.16,
    0.18,
    0.21,
    0.27,
    0.34,
    0.37,
    0.39
  ],
  "(4, 1.0)": [
    0.05,
    0.07,
    0.08,
    0.1,
    0.11,
    0.12,
    0.13,
    0.14,
    0.15,
    0.16,
    0.18,
    0.2,
    0.21,
    0.22,
    0.27,
    0.34,
    0.37,
    0.39
  ]
}